mutant,tot_pstat_pm_enzyme_design,helix dipole_foldx,Electrostatics_foldx,fa_elec_ddg,Van der Waals_foldx,rama_ddg,fa_intra_rep_ddg,SR_5_hbond_sc_enzyme_design,energy Ionisation_foldx,p_aa_pp_ddg,SR_2_hbond_pm_enzyme_design,fa_atr_ddg,tot_nlpstat_pm_enzyme_design,SR_2_pstat_pm_enzyme_design,SR_3_burunsat_pm_enzyme_design,Solvation Polar_foldx,SR_3_nlpstat_pm_enzyme_design,torsional clash_foldx,tot_hbond_pm_enzyme_design,Solvation Hydrophobic_foldx,fa_sol_ddg,tot_total_pos_charges_enzyme_design,omega_ddg,fa_rep_ddg,tot_total_neg_charges_enzyme_design,tot_burunsat_pm_enzyme_design,hbond_sc_enzyme_design,total energy_foldx,SR_1_pstat_pm_enzyme_design,SR_1_hbond_pm_enzyme_design,SR_2_hbond_sc_enzyme_design,SR_2_burunsat_pm_enzyme_design,SR_5_interf_E_1_2_enzyme_design,yhh_planarity_ddg,total_ddg,tot_nlsurfaceE_pm_enzyme_design,SR_1_total_score_enzyme_design,SR_4_pstat_pm_enzyme_design,SR_5_fa_rep_enzyme_design,SR_1_fa_rep_enzyme_design,SR_1_nlpstat_pm_enzyme_design,Van der Waals clashes_foldx,SR_2_nlpstat_pm_enzyme_design,SR_5_burunsat_pm_enzyme_design,hbond_bb_sc_ddg,fa_rep_enzyme_design,SR_1_burunsat_pm_enzyme_design,hbond_sc_ddg,fa_dun_ddg,SR_4_hbond_pm_enzyme_design,SR_2_total_score_enzyme_design,SR_4_total_score_enzyme_design,entropy sidechain_foldx,SR_4_burunsat_pm_enzyme_design,SR_2_fa_rep_enzyme_design,backbone clash_foldx,electrostatic kon_foldx,SR_3_hbond_pm_enzyme_design,tot_NLconts_pm_enzyme_design,pro_close_ddg,SR_5_dsasa_1_2_enzyme_design,SR_3_fa_rep_enzyme_design,tot_total_charge_enzyme_design,Sidechain Hbond_foldx,SR_5_hbond_pm_enzyme_design,SR_5_total_score_enzyme_design,SR_4_hbond_sc_enzyme_design,SR_3_hbond_sc_enzyme_design,total_score_enzyme_design,Backbone Hbond_foldx,SR_4_fa_rep_enzyme_design,entropy mainchain_foldx,SR_1_hbond_sc_enzyme_design,SR_4_nlpstat_pm_enzyme_design,SR_3_pstat_pm_enzyme_design,SR_3_total_score_enzyme_design,expression
Q19C,0.697,-0.000233172,-0.0314968,0.846,1.02648,0.066,-0.01,-2.305,-0.00781143,0.359,4.4,9.018,0.69,0.884,2.0,-2.17362,0.849,0.151802,434.9,0.899536,-6.507,36.0,0.0,-0.951,63.0,150.8,-68.052,-0.453847,0.861,2.0,-0.649,1.6,-7.405,0.005,1.459,0.975,2.121,0.871,1.184,1.213,0.849,-0.556055,0.863,1.0,-0.016,285.493,2.0,-0.017,-3.25,2.0,1.079,-1.694,-0.889221,0.0,1.266,-0.0858175,-1.13798e-15,2.0,149.0,-0.045,0.91,1.213,-27.0,1.48603,5.1,-3.701,-0.496,0.0,-685.118,-0.47018,0.816,0.110928,0.0,0.842,0.861,2.121,1
W399G,0.689,0.00900137,-0.238521,1.428,4.06339,0.626,-0.04,-3.184,-0.00817658,0.684,4.3,24.982,0.687,0.832,1.0,-5.37432,0.874,-0.419974,435.9,4.89199,-14.508,36.0,0.0,-1.259,63.0,148.7,-68.202,-0.768749,0.868,2.0,-0.66,1.7,-8.876,0.001,7.469,0.906,2.464,0.818,0.847,1.11,0.874,-2.8526,0.819,1.0,-0.001,283.755,1.0,-0.706,-2.659,2.0,0.952,-1.408,-0.833532,0.0,1.199,-0.119503,-5.32074e-13,2.0,145.3,-0.018,0.876,1.11,-27.0,-0.599775,6.9,-4.438,-0.433,0.0,-681.86,0.433193,0.939,0.160572,0.0,0.855,0.868,2.464,1
W399S,0.692,0.00311669,-0.0390961,0.847,3.20783,0.168,-0.039,-3.083,-0.00811498,0.213,4.4,20.598,0.687,0.819,1.0,-3.77196,0.785,-0.361157,437.7,4.26878,-9.648,36.0,0.0,-1.242,63.0,147.8,-69.84,-0.291889,0.821,2.0,-0.683,1.6,-8.54,0.011,7.362,1.069,2.398,0.873,0.848,1.186,0.785,-1.71157,0.822,1.0,0.007,284.937,1.0,-0.443,-2.052,3.0,0.94,-2.006,-0.34718,0.0,1.204,-0.0906209,-5.34017e-13,2.0,147.3,0.009,0.884,1.186,-27.0,-1.43331,6.9,-4.269,-1.066,0.0,-685.052,0.285114,0.967,-0.384342,0.0,0.867,0.821,2.398,1
S16A,0.698,0.0,0.01255,-0.322,0.220776,0.095,0.021,-3.49,-0.00376506,0.025,4.6,1.147,0.691,0.901,2.0,-0.674269,0.821,-0.000374195,438.1,-0.39339,-3.298,36.0,0.0,0.192,63.0,150.9,-69.528,0.158694,0.858,2.0,-0.701,1.4,-9.336,-0.002,-1.864,0.93,2.163,0.883,1.128,1.215,0.821,0.0731695,0.905,1.0,-0.298,286.886,2.0,0.193,-0.226,2.0,1.046,-1.54,-0.529654,0.0,1.279,0.0335868,0.0,2.0,150.6,0.001,0.909,1.215,-27.0,1.08359,7.6,-4.668,-0.421,0.0,-688.575,0.000151578,0.884,0.369912,0.0,0.882,0.858,2.163,1
W325H,0.694,0.0,-0.00949771,-1.21,0.934871,0.025,-0.024,-3.37,0.0487825,0.012,4.2,6.204,0.692,0.835,2.0,0.104212,0.842,0.00103309,438.3,1.74241,0.452,36.0,0.0,-1.248,63.0,148.4,-69.621,2.70737,0.851,2.0,-0.62,1.8,-8.401,0.004,3.512,0.915,2.191,0.729,1.1,1.195,0.842,-0.0171693,0.847,1.0,-0.003,285.584,2.0,-0.006,0.168,2.0,1.325,-1.274,-0.265067,0.0,1.28,0.120392,0.0,2.0,149.0,-0.016,0.9,1.195,-27.0,0.0,7.3,-4.2,-0.42,0.0,-685.414,0.0,0.741,0.167801,0.0,0.761,0.851,2.191,1
S16N,0.695,7.53026e-05,-0.00629779,-0.214,-1.05941,0.232,-0.021,-3.081,0.0149613,0.639,4.0,-7.787,0.696,0.798,2.0,1.88811,0.86,-0.171517,438.3,-1.19209,5.705,36.0,0.0,2.202,63.0,152.5,-68.99,-0.0687956,0.822,2.0,-0.545,2.0,-8.762,0.031,2.058,0.956,2.256,0.885,1.023,1.24,0.86,1.07892,0.832,1.0,-0.272,288.834,2.0,-1.345,4.263,2.0,1.36,-1.617,0.159774,0.0,1.308,0.271667,5.78759e-13,2.0,149.9,-0.019,0.907,1.24,-27.0,-1.37809,7.0,-4.382,-0.417,0.0,-684.98,-0.220216,0.865,0.816988,0.0,0.885,0.822,2.256,0
H178R,0.697,0.0350596,-0.21914,0.706,-0.377805,0.061,0.011,-3.274,-0.54567,0.231,4.1,-0.391,0.693,0.85,2.0,-0.233432,0.898,0.0989808,437.4,-0.12555,5.575,37.0,0.0,-0.216,63.0,152.6,-69.35,1.52536,0.888,2.0,-0.594,1.9,-8.597,-0.003,6.042,1.069,2.29,0.903,1.334,1.249,0.898,0.293332,0.869,1.0,0.011,287.593,2.0,0.003,0.823,2.0,1.085,-1.627,0.972346,0.0,1.183,0.0602706,0.0,2.0,151.3,-0.057,0.907,1.249,-26.0,0.874144,7.1,-4.297,-0.455,0.0,-686.311,0.867099,0.925,-0.114,0.0,0.851,0.888,2.29,0
N293D,0.699,-0.094064,1.6244,1.562,0.210026,0.148,-0.003,-3.233,0.0,0.044,4.1,0.495,0.696,0.837,2.0,1.51909,0.864,-0.0149822,437.9,0.0731216,3.312,36.0,0.0,-1.429,63.9,150.1,-69.024,5.03812,0.819,2.0,-0.598,1.9,-9.505,0.0,4.374,0.891,2.435,0.885,1.127,1.178,0.864,0.805685,0.785,1.1,0.001,285.377,2.0,0.919,-0.237,2.0,0.926,-1.516,-0.170862,0.0,1.057,2.27374e-13,0.0,2.0,151.1,0.0,0.906,1.178,-27.9,1.22042,7.0,-4.752,-0.402,0.0,-687.815,0.0140831,0.896,-0.148793,0.0,0.891,0.819,2.435,1
N293Q,0.694,0.0,0.0236516,3.135,-0.526347,-0.197,0.002,-3.607,0.0,-0.281,4.8,-1.766,0.692,0.8,2.6,0.586828,0.889,0.0419436,437.7,-0.815051,-0.785,36.0,0.0,0.177,62.9,151.8,-71.404,4.52228,0.91,1.4,-0.795,1.1,-9.259,0.025,4.437,1.006,2.055,0.909,1.104,1.151,0.889,3.05929,0.771,1.1,0.005,288.688,2.6,1.72,2.725,2.0,1.229,-1.556,1.03365,0.0,1.41,-1.7053e-13,0.0,1.4,150.6,0.005,0.902,1.151,-26.9,1.08427,7.8,-4.629,-0.374,0.0,-684.542,0.0124999,0.868,0.0215402,0.0,0.926,0.91,2.055,1
W399R,0.686,0.0503691,-1.51654,-0.684,0.689907,0.082,-0.012,-3.282,-0.00328004,0.098,4.9,9.384,0.681,0.786,1.0,0.812813,0.76,0.132221,440.5,2.18235,4.252,37.0,0.0,-0.964,62.9,148.1,-69.56,-2.91682,0.752,3.8,-0.812,1.1,-7.758,0.028,11.098,0.969,1.139,0.843,0.94,1.384,0.76,-3.15768,0.814,1.2,-0.032,289.003,1.0,-1.014,1.539,2.0,0.78,-1.423,0.949039,0.0,1.331,-0.0105104,0.0,3.8,148.2,-0.022,0.903,1.384,-25.9,-2.86143,8.0,-3.878,-0.425,-0.895,-687.452,0.0324554,1.014,-0.227042,-0.895,0.861,0.752,1.139,1
W120A,0.685,0.0,0.0246301,-0.547,3.1245,0.352,-0.086,-2.945,-0.146893,0.055,4.4,21.903,0.676,0.717,2.0,-2.90038,0.834,-1.28913,436.6,4.08204,-9.971,36.0,0.0,-3.118,63.0,151.5,-68.658,1.83713,0.821,2.0,-0.662,1.0,-7.82,-0.018,4.928,1.015,2.07,0.858,0.985,1.115,0.834,-0.49546,0.718,1.0,0.726,281.514,2.0,-1.242,-2.637,2.0,1.494,-1.622,-1.01845,0.0,1.057,-0.507392,0.0,2.0,149.1,-0.027,0.903,1.115,-27.0,0.624902,6.9,-3.91,-0.451,0.0,-683.723,0.62861,0.814,-0.79723,0.0,0.865,0.821,2.07,0
R240D,0.691,0.244414,2.65715,3.49,1.53834,0.066,-0.015,-3.203,-3.04897e-08,0.19,4.2,4.546,0.686,0.815,2.0,-1.70793,0.844,-0.0588867,434.6,1.59778,-0.984,35.0,0.0,-0.061,64.0,156.6,-67.639,4.0342,0.844,2.0,-0.637,1.8,-8.644,-0.001,7.543,1.04,2.136,0.895,1.106,1.186,0.844,-0.146332,0.818,1.0,-0.019,287.224,2.0,1.938,-0.293,2.0,1.212,-1.53,-3.13079,0.5,1.21,0.0933522,5.86919e-13,2.0,150.0,-0.009,0.93,1.186,-29.0,3.06756,7.1,-4.323,-0.388,0.0,-681.331,0.00958648,0.866,-0.0366898,0.0,0.876,0.844,2.136,1
N293A,0.689,0.0,0.0095127,1.714,1.15563,0.055,-0.006,-3.308,0.0,-0.168,4.2,8.562,0.687,0.723,2.0,-2.92139,0.788,-0.0465613,437.4,0.566258,-9.935,36.0,0.0,-2.821,63.0,148.8,-68.888,1.18221,0.788,2.0,-0.586,1.8,-9.461,-0.005,-2.47,0.991,1.942,0.836,1.191,0.789,0.788,-0.657575,0.777,1.0,-0.003,283.21,2.0,1.245,-3.054,2.0,0.645,-1.709,-0.691956,0.0,0.976,-0.0841037,0.0,2.0,150.7,-0.019,0.909,0.789,-27.0,3.28734,7.2,-4.732,-0.439,0.0,-690.927,0.066575,0.803,0.414368,0.0,0.871,0.788,1.942,1
W399C,0.684,0.00170818,0.0299175,1.439,2.79722,-0.033,-0.039,-2.997,-0.00802674,-0.038,4.3,19.894,0.683,0.834,1.0,-3.98301,0.771,-0.36749,436.9,3.30535,-10.272,36.0,0.0,-1.486,63.0,147.3,-68.123,-1.96733,0.806,2.0,-0.627,1.7,-8.465,0.029,7.43,0.912,2.281,0.932,0.875,1.1,0.771,-3.40296,0.819,1.0,-0.016,285.107,1.0,0.846,-2.087,2.0,1.05,-1.465,-0.0543836,0.0,1.215,-0.123065,-5.31297e-13,2.0,145.8,-0.015,0.894,1.1,-27.0,-0.696966,7.0,-4.233,-0.471,0.0,-683.569,0.552558,0.985,-0.141236,0.0,0.915,0.806,2.281,1
Q19A,0.691,0.0,-0.00671395,0.992,1.72791,-0.063,-0.011,-2.499,-0.00321446,-0.024,4.5,11.744,0.689,0.852,2.0,-2.47748,0.795,-0.00392916,434.3,1.6396,-9.157,36.0,0.0,-2.018,63.0,150.3,-67.479,-0.134908,0.79,2.0,-0.698,1.5,-7.776,0.006,0.485,1.046,2.179,0.861,1.166,1.235,0.795,-0.115286,0.842,1.0,-0.008,284.393,2.0,-0.005,-3.215,2.0,0.987,-1.684,-1.94589,0.0,1.258,-0.198097,0.0,2.0,148.4,-0.047,0.909,1.235,-27.0,1.43813,5.3,-3.887,-0.493,0.0,-686.168,0.102063,0.818,-0.490085,0.0,0.846,0.79,2.179,1
H315E,0.693,0.0,0.195332,0.39,0.178168,0.112,0.004,-3.338,-0.0487825,0.273,4.6,3.034,0.691,0.744,2.0,-0.291655,0.831,-7.10543e-15,439.6,0.198636,-1.04,36.0,0.0,-0.03,64.0,149.7,-70.203,0.0725009,0.814,2.0,-0.723,1.4,-9.055,0.028,1.015,0.857,2.175,0.823,1.104,1.212,0.831,7.10543e-15,0.766,1.0,-0.027,285.702,2.0,0.002,0.615,2.0,1.062,-1.552,-0.108071,0.0,1.295,-0.00361111,0.0,2.0,150.8,0.004,0.908,1.212,-28.0,0.0,7.5,-4.527,-0.388,0.0,-686.861,0.0,0.862,-0.0511267,0.0,0.842,0.814,2.175,1
H119N,0.69,1.65434e-07,0.0655253,-1.565,0.988424,0.107,-0.034,-3.284,-0.149337,0.295,4.0,6.272,0.691,0.823,2.0,-1.09547,0.851,0.0458574,438.9,1.27484,-1.046,36.0,0.0,0.104,63.0,151.9,-70.898,-1.10014,0.848,2.0,-0.524,2.0,-8.771,-0.002,-0.139,0.977,2.205,0.848,1.111,1.249,0.851,-0.867678,0.819,1.0,0.013,287.131,2.0,-1.22,-1.48,2.0,1.128,-1.495,-0.154146,0.0,1.195,-0.0487914,5.86919e-13,2.0,151.5,-0.003,0.907,1.249,-27.0,-0.951234,7.0,-4.386,-0.401,0.0,-689.075,-0.356506,0.897,0.0995747,0.0,0.864,0.848,2.205,1
Y294F,0.694,-0.000796164,-0.000788222,0.652,0.242385,0.079,0.0,-3.13,-0.000367692,0.226,4.1,2.064,0.697,0.817,2.0,-0.731633,0.85,-0.0164075,438.4,-0.141183,-4.002,36.0,0.0,-0.407,63.0,150.9,-69.47,-0.643719,0.879,2.0,-0.573,1.9,-8.766,-0.184,-0.852,0.935,2.107,0.764,1.12,1.179,0.85,0.00727365,0.823,1.0,-0.002,287.106,2.0,0.144,0.144,2.0,1.268,-1.549,-0.0939779,0.0,1.257,-0.0194864,0.0,2.0,150.0,-0.024,0.906,1.179,-27.0,0.324947,7.1,-4.383,-0.403,0.0,-688.908,0.297594,0.859,-0.530765,0.0,0.815,0.879,2.107,1
W325L,0.698,0.0,-0.00981348,-0.941,0.667437,0.016,-0.022,-3.215,0.0,-0.111,4.3,8.584,0.693,0.848,2.0,-0.319507,0.879,0.0229473,438.2,0.759685,-2.233,36.0,0.0,-1.192,63.0,149.1,-69.589,0.577604,0.829,2.0,-0.632,1.7,-7.716,0.004,1.47,0.993,2.097,0.894,1.079,1.192,0.879,-0.0122747,0.827,0.1,-0.023,285.498,2.0,-0.012,-2.103,2.0,1.165,-1.145,-0.144957,0.0,1.267,0.324493,0.0,2.0,149.8,-0.024,0.891,1.192,-27.0,0.0,7.2,-3.856,-0.399,0.0,-686.038,-0.0344841,0.732,-0.351428,0.0,0.906,0.829,2.097,1
W399A,0.688,0.00266819,-0.0352085,1.522,3.41027,0.093,-0.04,-3.011,-0.00780682,0.202,4.6,21.415,0.68,0.814,1.0,-4.56206,0.733,-0.785236,436.5,3.85626,-12.286,36.0,0.0,-1.454,63.0,147.4,-68.384,-0.95162,0.733,2.0,-0.668,1.4,-8.401,0.03,7.488,0.897,2.342,0.804,0.877,1.165,0.733,-2.82996,0.828,1.0,-0.022,284.383,1.0,0.858,-2.364,2.0,0.935,-1.509,-0.872659,0.0,1.242,-0.0948866,-5.31103e-13,2.0,145.9,-0.006,0.878,1.165,-27.0,0.512233,7.0,-4.201,-0.422,0.0,-682.584,0.714315,0.92,-0.354432,0.0,0.834,0.733,2.342,0
E164G,0.682,0.256234,-0.674318,1.619,1.48669,0.079,-0.008,-0.964,-3.36474e-08,0.074,2.6,11.358,0.676,0.822,2.2,-2.63941,0.797,-0.667731,430.5,2.03961,-11.248,36.0,0.0,-2.167,62.2,155.2,-64.825,0.973206,0.799,1.5,-0.101,0.5,-2.515,-0.001,-0.226,1.556,3.244,0.791,1.986,1.418,0.797,-0.255696,0.866,0.9,-0.004,296.073,2.2,2.095,-4.179,1.0,2.674,-0.39,-1.51578,0.4,1.206,-0.0255382,-9.53404e-14,1.5,147.8,0.021,0.9,1.418,-26.2,2.67305,2.7,-1.258,-0.068,-0.082,-684.586,0.0255,0.907,0.245052,-0.082,0.822,0.799,3.244,0
Y295G,0.693,0.00188479,0.127343,-0.598,3.0509,0.722,-0.027,-1.921,4.42323e-05,1.996,4.0,17.211,0.681,0.894,2.0,-3.2763,0.884,-0.0827147,434.2,3.82401,-7.453,36.0,0.0,-2.398,63.0,152.1,-66.601,3.82661,0.878,2.0,-0.68,1.7,-5.971,-0.015,7.544,1.145,2.497,0.653,0.76,1.03,0.884,-0.267244,0.896,0.4,-0.009,284.797,2.0,-0.007,-1.846,1.3,1.285,-1.486,-1.43845,0.1,1.23,-0.218365,6.58334e-13,2.0,151.0,-0.046,0.904,1.03,-27.0,1.85903,4.9,-2.986,-0.064,0.0,-686.789,0.145603,0.487,-0.1175,0.0,0.699,0.878,2.497,1
E164A,0.695,0.255827,-0.672151,1.542,1.1157,0.176,-0.005,-1.525,-5.34199e-05,0.73,2.0,8.306,0.689,0.863,1.4,-2.52349,0.823,-0.235085,433.2,1.29827,-10.413,36.0,0.0,-1.813,62.0,151.5,-65.206,1.19515,0.794,2.4,0.0,0.0,-5.199,0.003,-0.732,1.166,2.547,0.802,0.847,1.084,0.823,0.452694,0.843,0.5,-0.001,284.405,1.4,2.149,-4.121,1.0,-0.341,-1.058,-1.48016,0.3,0.681,-0.018095,-9.53404e-14,2.4,151.1,-0.018,0.873,1.084,-26.0,2.68129,3.6,-2.6,0.0,0.0,-680.666,0.0203685,0.812,0.281931,0.0,0.828,0.794,2.547,1
E164R,0.693,0.425284,-1.87935,-0.164,-0.878326,-0.179,-0.028,-2.531,0.000256127,-0.046,4.5,-6.202,0.689,0.739,1.7,0.854486,0.846,0.0605035,438.1,-0.460671,5.456,36.0,0.0,1.754,62.2,150.1,-68.936,0.894083,0.898,2.3,-0.936,1.6,-6.577,-0.003,1.606,0.939,1.549,0.861,1.148,1.35,0.846,0.385104,0.811,0.8,0.063,293.186,1.7,-0.111,-0.593,2.0,0.969,-1.846,0.424775,0.1,1.282,-0.00630819,-9.53404e-14,2.3,152.7,0.022,0.894,1.35,-26.2,2.12884,6.2,-3.289,-0.563,-0.526,-746.935,0.00935323,0.847,-0.176175,-0.526,0.836,0.898,1.549,1
Y295A,0.69,0.00342044,0.285569,-0.511,2.59698,0.54,-0.027,-2.251,-0.00313001,0.925,4.0,15.037,0.691,0.875,2.0,-2.73574,0.859,0.441971,435.7,3.24417,-7.358,36.0,0.0,-2.035,62.9,150.6,-67.43,3.62173,0.827,2.0,-0.678,1.7,-6.955,-0.009,5.366,1.067,2.358,0.829,0.93,1.126,0.859,-1.2365,0.823,0.3,-0.001,286.663,2.0,0.031,-1.797,1.3,1.338,-1.402,-1.40935,0.4,1.302,-0.0478735,6.58612e-13,2.0,150.8,-0.04,0.897,1.126,-26.9,1.83463,5.0,-3.48,-0.121,0.0,-683.078,0.114968,0.733,0.484736,0.0,0.806,0.827,2.358,1
W407A,0.685,0.0,-0.0118743,0.751,2.99529,0.037,-0.048,-2.671,0.00155744,-0.487,4.7,23.46,0.68,0.833,2.0,-2.14413,0.874,-0.0471927,436.1,4.24437,-7.991,36.0,0.0,-3.212,63.0,149.5,-68.072,3.65209,0.836,2.0,-0.712,1.3,-8.082,-0.002,8.811,0.953,2.101,0.898,1.033,1.169,0.874,-0.48407,0.816,1.0,0.119,281.33,2.0,0.024,-3.392,2.0,1.048,-1.778,-0.892233,0.0,1.245,-0.31859,0.0,2.0,148.7,0.012,0.907,1.169,-27.0,0.0,6.1,-4.041,-0.529,0.0,-683.887,0.106211,0.773,-0.115831,0.0,0.905,0.836,2.101,0
W325R,0.696,0.0949141,-0.47413,-0.554,0.469852,0.053,-0.018,-3.894,0.0,0.03,4.8,5.985,0.692,0.803,2.0,0.285763,0.844,0.074742,440.1,1.24317,3.891,37.0,0.0,-1.275,63.0,151.1,-70.794,1.22312,0.801,2.0,-0.736,1.2,-10.501,0.006,5.786,0.959,2.14,0.898,1.197,1.221,0.844,0.0139311,0.795,1.0,-0.002,285.684,2.0,-0.024,-0.738,2.0,0.906,-1.201,0.813457,0.0,1.236,-0.0265326,0.0,2.0,150.2,-0.009,0.911,1.221,-26.0,-1.263,8.8,-5.252,-0.415,0.0,-687.793,0.0,0.702,-0.0355719,0.0,0.917,0.801,2.14,0
E222Y,0.693,-0.0623304,1.57847,1.415,-0.547755,-0.14,0.015,-3.11,1.43281e-08,-0.281,4.2,-7.222,0.688,0.851,2.0,-0.840319,0.873,-0.0152234,435.4,-1.12174,-2.562,36.0,0.0,1.494,62.0,158.7,-68.298,1.74436,0.871,2.0,-0.628,1.8,-8.353,0.032,-6.149,0.976,2.15,0.831,1.255,1.195,0.873,2.31547,0.817,1.0,-0.004,288.559,2.0,0.474,-1.47,2.0,1.506,-1.537,-0.663145,1.0,1.23,0.34485,5.92415e-13,2.0,152.2,-0.024,0.929,1.195,-26.0,1.26137,7.1,-4.177,-0.374,0.0,-685.202,-0.148699,0.925,-0.0117321,0.0,0.838,0.871,2.15,0
R76A,0.692,-0.0563631,1.59687,0.662,2.76797,0.108,-0.011,-3.104,-0.0177196,0.08,4.1,13.893,0.683,0.808,2.0,-4.74508,0.881,-0.0540685,434.9,1.9716,-17.623,35.0,0.0,-0.548,63.0,147.3,-66.655,3.1047,0.868,2.0,-0.561,1.9,-8.767,-0.008,-2.616,0.951,2.102,0.825,1.154,1.182,0.881,-0.125356,0.825,1.0,-0.043,286.159,2.0,2.586,-2.755,2.0,1.42,-1.547,-1.82764,0.0,1.281,-0.02213,0.0,2.0,149.4,-0.056,0.904,1.182,-28.0,2.53735,7.0,-4.383,-0.4,0.0,-688.226,0.92793,0.876,0.1292,0.0,0.84,0.868,2.102,0
P329N,0.695,-1.8737e-10,1.42656e-08,-0.539,-0.0185739,0.21,0.008,-3.335,-0.0126494,0.776,4.4,-0.928,0.689,0.827,2.0,0.921686,0.9,0.0228567,437.5,0.584726,4.141,36.0,0.0,-0.662,63.0,152.8,-69.698,2.45091,0.905,2.0,-0.661,1.6,-9.017,-0.031,5.551,0.889,2.164,0.852,1.128,1.225,0.9,-0.103176,0.786,1.0,-0.132,287.237,2.0,0.032,3.701,2.0,1.135,-1.419,0.4156,0.0,1.281,1.1585,-2.61902e-13,2.0,149.3,-0.083,0.905,1.225,-27.0,-0.434314,7.4,-4.508,-0.404,0.0,-670.899,-0.534061,0.908,1.60882,0.0,0.86,0.905,2.164,0
W407Q,0.688,0.0,-0.00669839,0.974,1.62248,0.068,-0.022,-2.624,0.00651844,-0.028,4.6,14.08,0.686,0.861,2.0,-0.0799414,0.855,0.0333577,436.8,2.85697,-1.106,36.0,0.0,-2.43,63.0,152.1,-68.453,4.47309,0.84,2.0,-0.671,1.5,-7.975,0.004,9.1,0.972,2.143,0.865,0.996,1.181,0.855,-0.264289,0.847,1.0,0.049,284.08,2.0,0.023,0.223,2.0,1.078,-1.708,0.419537,0.0,1.312,-0.232564,0.0,2.0,149.0,0.016,0.907,1.181,-27.0,0.0,5.9,-3.988,-0.496,0.0,-682.582,0.000981277,0.802,-0.115831,0.0,0.852,0.84,2.143,0
W407R,0.697,0.129636,-1.75763,0.367,1.44791,0.539,-0.033,-2.934,0.0122503,-0.53,4.6,6.704,0.692,0.811,2.0,0.414496,0.88,-1.02615,438.8,2.90727,8.638,37.0,0.0,-1.762,63.0,153.7,-69.259,1.4515,0.888,2.0,-0.701,1.4,-8.669,0.005,11.436,0.888,2.203,0.908,0.945,1.231,0.88,-0.212423,0.82,1.0,0.022,282.827,2.0,0.01,-0.915,2.0,0.975,-1.68,1.33238,0.0,1.296,-0.325764,5.78759e-13,2.0,148.5,-0.049,0.908,1.231,-26.0,-2.11506,6.5,-4.336,-0.473,0.0,-685.225,0.501446,0.819,-0.182639,0.0,0.925,0.888,2.203,0
W34A,0.685,0.0,0.0616342,0.253,3.19891,-0.042,-0.029,-3.381,-0.0587417,-0.073,4.3,24.384,0.677,0.814,2.0,-2.18189,0.823,-0.0017902,438.2,4.97027,-6.181,36.0,0.0,-2.656,63.0,150.1,-70.021,3.83212,0.855,2.0,-0.636,1.7,-9.448,0.025,12.529,0.965,2.144,0.85,1.075,1.193,0.823,-0.524559,0.769,1.0,-0.024,284.107,2.0,-0.025,-2.695,2.0,1.223,-1.534,-0.834974,0.0,1.265,-0.216023,0.0,2.0,144.5,0.052,0.906,1.193,-27.0,-0.0293474,7.3,-4.725,-0.41,0.0,-683.17,0.00146832,0.853,-0.768871,0.0,0.848,0.855,2.144,0
W407G,0.687,0.164691,-0.678213,0.622,3.43685,-0.396,-0.049,-2.072,0.340214,-1.273,4.5,26.308,0.68,0.851,2.0,-1.98189,0.906,-0.160024,434.6,4.95628,-8.235,36.0,0.0,-4.102,63.0,149.6,-66.847,2.90113,0.904,2.0,-0.69,1.5,-7.082,0.003,8.573,0.968,2.116,0.906,0.971,1.14,0.906,-1.11319,0.863,1.0,0.025,280.624,2.0,0.014,-3.277,2.0,0.981,-1.847,-0.794674,0.0,1.201,-0.634632,5.78759e-13,2.0,147.6,-0.008,0.897,1.14,-27.0,-0.234461,5.1,-3.541,-0.549,0.0,-683.986,-0.10494,0.786,-0.929508,0.0,0.891,0.904,2.116,0
H119E,0.694,-0.00132582,0.0330274,-4.075,0.425901,0.339,-0.034,-3.319,0.307424,0.909,4.0,2.36,0.686,0.778,2.0,1.64274,0.833,0.0690073,440.3,0.325639,6.071,36.0,0.0,2.193,64.0,152.0,-71.978,2.2805,0.824,2.0,-0.527,2.0,-8.818,-0.008,6.151,0.873,2.174,0.863,1.097,1.249,0.833,-0.167946,0.811,1.0,-0.217,285.676,2.0,-3.351,4.306,2.0,1.04,-1.479,0.473064,0.0,1.191,0.0599901,5.86919e-13,2.0,151.3,0.008,0.907,1.249,-28.0,-0.494238,7.0,-4.412,-0.399,0.0,-689.645,-0.620183,0.884,0.287394,0.0,0.883,0.824,2.174,0
F415A,0.689,0.0228621,0.385307,0.09,2.37903,-0.078,-0.035,-3.381,-7.94217e-09,-0.064,4.5,13.852,0.682,0.829,2.0,-1.5608,0.797,-0.0165749,439.3,3.59076,-3.177,36.0,0.0,-2.13,63.0,146.4,-70.056,2.94548,0.822,2.0,-0.692,1.5,-8.918,-0.007,4.803,0.866,2.095,0.879,1.187,1.113,0.797,-0.12861,0.803,0.0,-0.023,282.828,2.0,-0.825,-2.969,2.0,0.962,-1.35,-0.543375,0.0,1.219,-0.188874,5.89029e-13,2.0,148.0,0.015,0.903,1.113,-27.0,-1.10216,7.5,-4.46,-0.425,0.0,-686.35,0.0927067,0.736,-0.173661,0.0,0.88,0.822,2.095,1
H379T,0.7,1.22865e-07,2.64251e-08,0.534,1.33765,0.024,-0.002,-3.356,-0.162608,0.056,4.4,10.287,0.688,0.841,2.0,-1.60061,0.823,-1.40063,438.0,1.49419,-3.028,36.0,0.0,-0.178,63.0,146.0,-71.097,2.19353,0.834,2.0,-0.635,1.6,-9.144,-0.015,3.794,0.956,2.151,0.815,1.111,1.239,0.823,2.98593,0.857,1.0,-0.018,286.637,2.0,-0.793,-2.892,2.0,1.119,-1.449,-0.336633,0.0,1.265,0.0155213,6.36005e-13,2.0,149.4,0.005,0.903,1.239,-27.0,0.131774,7.4,-4.572,-0.398,0.0,-686.408,0.200771,0.901,-0.456313,0.0,0.872,0.834,2.151,0
F415N,0.699,0.00168139,0.317912,-1.221,1.4645,-0.079,-0.032,-3.24,-3.00235e-08,-0.186,4.2,6.875,0.684,0.861,2.0,0.0525765,0.725,0.0446452,439.8,2.90861,3.971,36.0,0.0,-1.309,63.0,149.8,-70.657,3.27845,0.778,2.0,-0.626,1.8,-8.677,-0.006,3.43,0.929,2.1,0.908,1.134,1.128,0.725,-0.0855823,0.851,1.0,-0.021,283.899,2.0,-1.45,-1.275,2.0,1.175,-1.439,0.290101,0.0,1.266,-0.106266,5.87808e-13,2.0,148.0,-0.026,0.906,1.128,-27.0,-1.35523,7.2,-4.34,-0.443,0.0,-687.243,0.0805378,0.683,-0.441302,0.0,0.895,0.778,2.1,1
D403A,0.7,0.0499198,2.92185,5.398,1.26851,-0.155,-0.004,-3.147,-0.0522208,-0.175,4.1,8.586,0.688,0.845,2.0,-4.50789,0.867,-0.125602,434.4,0.639688,-13.699,36.0,0.0,-0.565,62.0,150.7,-67.927,2.14815,0.84,2.0,-0.58,1.9,-8.873,0.002,2.018,0.574,2.177,0.78,1.128,1.22,0.867,-0.215895,0.836,1.0,0.807,285.357,2.0,1.792,-2.347,2.0,1.268,-1.508,-0.774469,0.0,1.253,-0.0675558,5.74318e-13,2.0,149.2,-0.028,0.904,1.22,-26.0,2.34486,7.1,-4.436,-0.39,0.0,-683.805,0.890058,0.892,-0.290658,0.0,0.856,0.84,2.177,0
R240E,0.694,0.249646,2.75187,2.429,0.938085,-0.063,-0.008,-3.422,-3.04897e-08,0.015,4.6,3.214,0.688,0.747,2.0,-0.926184,0.842,-0.00149164,435.1,0.57564,-2.057,35.0,0.0,-0.197,64.0,154.9,-68.147,3.65867,0.847,2.0,-0.746,1.4,-8.961,-0.003,3.59,1.056,2.208,0.851,1.092,1.224,0.842,-0.385358,0.693,1.0,-0.02,285.181,2.0,1.896,0.013,2.0,1.005,-1.497,-1.20426,0.8,1.21,-0.00399517,5.86919e-13,2.0,150.0,0.008,0.927,1.224,-29.0,1.82716,7.5,-4.479,-0.379,0.0,-684.948,-0.0295342,0.879,-0.136905,0.0,0.821,0.847,2.208,0
M221A,0.693,0.0,2.98428e-13,-0.114,2.1467,0.225,0.002,-3.26,0.0,0.248,4.3,7.171,0.688,0.762,2.0,-0.740858,0.883,-0.0133376,437.8,3.89608,-1.698,36.0,0.0,-1.199,63.0,150.6,-70.239,4.03946,0.851,2.0,-0.662,1.7,-9.131,0.001,4.276,0.909,2.226,0.861,1.036,1.227,0.883,-0.0564112,0.731,1.0,-0.004,286.839,2.0,-0.01,-0.84,2.0,1.041,-1.556,-1.42135,0.0,1.203,-0.0408389,0.0,2.0,152.1,-0.031,0.903,1.227,-27.0,2.84217e-14,7.3,-4.566,-0.385,0.0,-685.762,0.0698979,0.868,0.158748,0.0,0.854,0.851,2.226,0
E222R,0.692,0.0114913,1.33533,0.819,0.228875,-0.124,-0.002,-3.619,1.43281e-08,-0.132,4.6,-3.363,0.686,0.844,2.0,-1.44315,0.881,0.0871418,437.2,0.327931,2.551,37.0,0.0,0.147,62.0,156.4,-68.765,0.661425,0.853,2.0,-0.731,1.4,-10.024,0.002,-0.083,0.964,2.166,0.859,1.351,1.209,0.881,-0.184399,0.859,1.0,-0.952,286.924,2.0,0.956,-1.605,2.0,0.96,-1.738,0.091695,0.6,1.235,0.0521152,5.9297e-13,2.0,150.2,-0.017,0.942,1.209,-25.0,0.463241,8.4,-5.012,-0.4,0.0,-684.298,-0.00451558,0.821,-0.252225,0.0,0.879,0.853,2.166,0
F72H,0.694,0.0,-0.0387377,-0.083,0.438843,0.044,-0.025,-3.259,0.162608,0.063,4.5,2.847,0.691,0.79,2.0,1.47069,0.836,-0.00679914,438.3,1.68684,3.792,36.0,0.0,-0.574,63.0,152.6,-70.035,3.61368,0.88,2.0,-0.71,1.5,-8.828,-0.006,5.975,0.949,2.175,0.866,1.149,1.22,0.836,0.22386,0.801,1.0,0.002,286.113,2.0,0.013,0.086,2.0,1.029,-1.502,0.0939779,0.0,1.263,0.0257908,0.0,2.0,149.5,0.047,0.905,1.22,-27.0,-0.281458,7.3,-4.415,-0.397,0.0,-682.628,-0.21974,0.887,0.0836,0.0,0.865,0.88,2.175,0
I244N,0.686,-1.08702e-07,0.238336,-3.087,0.847205,0.207,-0.009,-3.209,4.76416e-08,0.32,4.1,-1.807,0.69,0.833,2.0,-0.216585,0.873,-0.131713,439.2,2.24306,6.241,36.0,0.0,0.257,63.0,151.2,-70.081,1.59865,0.851,2.0,-0.638,1.9,-8.741,0.038,0.728,0.938,2.198,0.788,1.146,1.249,0.873,-0.052548,0.844,1.0,-0.782,286.651,2.0,-2.647,4.28,2.0,1.349,-1.528,-0.269093,0.0,1.198,-0.0417866,5.34794e-13,2.0,152.9,-0.012,0.902,1.249,-27.0,-0.853333,7.1,-4.371,-0.376,0.0,-686.404,-0.0888859,0.877,-0.117801,0.0,0.878,0.851,2.198,0
G355A,0.697,0.0,0.0,-0.023,-0.638482,0.872,0.001,-3.234,0.0,1.255,4.3,-3.96,0.694,0.898,2.0,0.532989,0.864,0.0219006,438.3,-1.12593,0.006,36.0,0.0,3.148,63.0,151.0,-69.454,2.91624,0.83,2.0,-0.628,1.7,-8.897,-0.021,1.015,0.947,2.236,0.866,1.113,1.218,0.864,2.74327,0.907,1.0,0.049,287.588,2.0,-0.742,-0.175,2.0,1.167,-1.588,0.0,0.0,1.26,0.0356822,0.0,2.0,150.3,0.005,0.906,1.218,-27.0,-0.00683013,7.2,-4.447,-0.397,0.0,-686.154,-0.0585224,0.861,1.44784,0.0,0.9,0.83,2.236,0
M323K,0.699,0.0237535,-1.17904,-0.138,0.0813299,-0.043,0.005,-3.316,5.46335e-09,-0.085,4.4,-1.892,0.694,0.872,2.0,2.56935,0.902,0.115585,438.7,0.645848,6.622,37.0,0.0,-0.183,63.0,150.6,-69.796,2.15683,0.898,2.0,-0.667,1.6,-8.57,0.004,4.952,0.984,2.193,0.897,1.107,1.209,0.902,0.0152478,0.87,1.0,0.003,286.89,2.0,0.008,1.235,2.0,1.198,-1.581,0.974901,0.0,1.308,0.129792,-1.13798e-15,2.0,150.0,0.026,0.907,1.209,-26.0,-0.687553,7.3,-4.285,-0.411,0.0,-684.525,-0.0120271,0.898,-0.390566,0.0,0.895,0.898,2.193,0
Y166P,0.694,-0.0228674,-0.0126164,-1.309,1.83281,0.222,-0.036,-3.226,1.43281e-08,0.816,4.5,8.356,0.686,0.83,2.0,-1.44423,0.89,-0.122188,440.7,2.63441,-5.202,36.0,0.0,6.384,62.9,153.3,-69.425,3.02818,0.854,2.0,-0.718,1.5,-8.598,-0.022,8.762,0.906,2.149,0.896,1.204,1.252,0.89,2.86945,0.822,1.1,0.022,286.539,2.0,-0.13,-1.837,2.0,0.814,-1.522,-0.970972,0.0,1.337,-1.4322,5.94635e-13,2.0,149.1,1.91,0.911,1.252,-26.9,0.0222192,7.1,-4.299,-0.425,0.0,-685.21,0.0213746,0.897,-1.77921,0.0,0.905,0.854,2.149,0
H315N,0.698,0.0,0.237669,0.727,0.194517,-0.163,0.009,-3.19,-0.253182,-0.182,4.3,2.501,0.687,0.754,2.0,-0.356806,0.821,0.0215979,438.5,0.159247,-0.781,36.0,0.0,-0.036,63.0,150.6,-69.88,-0.212174,0.83,2.0,-0.636,1.7,-8.962,0.026,0.25,0.887,2.189,0.885,1.118,1.212,0.821,-1.42109e-14,0.767,1.0,-0.027,286.131,2.0,0.001,-0.251,2.0,1.099,-1.536,-0.916256,0.0,1.242,-0.00326398,0.0,2.0,151.1,0.005,0.908,1.212,-27.0,0.806364,7.2,-4.481,-0.406,0.0,-688.909,0.806364,0.87,-0.911689,0.0,0.851,0.83,2.189,0
T296A,0.694,0.0,0.0224446,0.849,0.605594,0.029,-0.013,-3.301,0.0,-0.194,4.4,3.011,0.689,0.873,2.0,-1.06303,0.841,-0.143835,436.6,0.505222,-4.081,36.0,0.0,-0.168,63.0,152.2,-69.855,-0.613758,0.789,2.0,-0.67,1.6,-9.016,0.002,0.901,0.963,2.209,0.823,1.131,1.237,0.841,-0.179527,0.866,1.0,1.062,286.601,2.0,-0.021,-0.153,2.0,1.13,-1.501,-0.521094,0.0,1.27,-0.118973,0.0,2.0,150.1,0.005,0.905,1.237,-27.0,0.390415,7.3,-4.506,-0.399,0.0,-685.892,0.399297,0.896,-0.629242,0.0,0.825,0.789,2.209,0
W325G,0.703,0.0,-0.0097846,-1.061,2.38016,0.797,-0.031,-3.217,0.0,0.948,4.3,15.098,0.697,0.871,2.0,-1.61102,0.88,-0.00341413,438.2,3.70664,-3.348,36.0,0.0,-1.354,63.0,149.9,-69.752,3.61683,0.848,2.0,-0.62,1.7,-7.73,0.007,7.031,0.969,2.189,0.732,1.047,1.223,0.88,-0.0592673,0.885,0.1,0.023,285.366,2.0,-0.023,-2.923,2.0,1.23,-0.788,-0.963973,0.0,1.283,-0.501622,0.0,2.0,150.3,-0.04,0.864,1.223,-27.0,0.0870714,7.3,-3.865,-0.411,0.0,-682.765,-0.000742445,0.711,0.0911544,0.0,0.782,0.848,2.189,0
Y18A,0.689,-0.00766545,0.549246,0.888,2.35954,-0.105,-0.034,-3.211,0.0,-0.216,4.1,15.62,0.687,0.728,2.0,-2.59063,0.833,-0.0235835,435.8,2.90441,-7.798,36.0,0.0,-1.948,63.0,150.7,-68.866,2.23535,0.855,2.0,-0.574,1.9,-9.157,-0.019,6.559,0.994,2.141,0.807,1.035,1.174,0.833,-0.089989,0.712,1.0,1.343,283.984,2.0,-0.005,-1.791,2.0,1.282,-1.53,-0.941669,0.0,1.284,-0.769969,0.0,2.0,148.8,0.013,0.905,1.174,-27.0,0.530953,7.1,-4.578,-0.405,0.0,-684.978,0.450948,0.857,-0.906218,0.0,0.824,0.855,2.141,1
S32L,0.697,0.0,-0.27771,1.85,-1.53119,0.103,0.784,-3.171,0.0,0.266,4.4,-9.158,0.691,0.829,2.0,1.24531,0.871,0.0132493,430.2,-3.58402,0.004,36.0,0.0,98.498,63.0,159.6,-66.359,6.29355,0.867,2.0,-0.618,1.6,-8.158,0.022,181.712,0.926,2.35,0.858,1.348,1.365,0.871,9.63376,0.836,1.0,1.447,382.762,2.0,1.405,26.813,2.0,1.175,-1.299,0.441793,0.0,1.261,0.127041,0.0,2.0,145.7,59.082,0.901,1.365,-27.0,-0.0123009,7.3,-4.079,-0.362,0.0,-558.698,0.187609,0.992,0.177065,0.0,0.872,0.867,2.35,0
D121F,0.691,0.156672,0.158278,1.099,-1.66307,0.045,0.04,-3.125,0.0128825,0.136,4.9,-12.796,0.686,0.779,2.0,-0.0124069,0.844,0.128821,437.7,-2.84331,-3.818,36.0,0.0,19.913,61.4,153.9,-70.918,4.81497,0.823,2.0,-1.114,1.1,-6.906,-0.003,12.276,1.002,2.095,0.825,1.831,1.261,0.844,5.30626,0.793,1.5,0.179,296.024,2.0,-0.577,5.784,2.0,-0.093,-1.328,0.231189,0.0,1.151,0.754663,5.86919e-13,2.0,148.5,0.022,0.902,1.261,-25.4,2.00807,7.3,-3.451,-0.261,0.0,-677.61,0.683995,0.964,0.647583,0.0,0.847,0.823,2.095,0
N163K,0.694,0.0760281,-2.95679,-4.036,-0.872174,0.124,0.017,-2.91,0.0145188,0.031,4.0,-4.243,0.691,0.824,2.0,2.73197,0.828,-1.04835,435.6,-1.58774,6.059,37.0,0.0,4.152,63.0,151.5,-66.811,2.74202,0.822,2.0,-0.548,2.0,-7.934,-0.009,4.177,1.014,1.681,0.855,1.181,0.94,0.828,2.13049,0.853,1.0,0.019,288.468,2.0,-1.403,2.673,2.1,1.061,-1.673,1.20215,0.0,1.266,0.0457521,5.78759e-13,2.0,149.8,-0.04,0.908,0.94,-26.0,3.36387,7.0,-3.968,-0.467,-0.04,-680.687,-0.441061,0.795,0.129091,-0.04,0.84,0.822,1.681,0
A236E,0.697,-0.117888,-0.299969,1.709,-1.35837,-0.076,0.894,-3.371,0.0,0.075,4.5,-4.966,0.689,0.835,2.0,3.91238,0.868,2.07843,437.9,-1.22238,7.884,36.0,0.0,35.739,64.0,152.1,-69.522,7.33735,0.864,2.0,-0.68,1.5,-9.247,0.009,63.194,0.969,2.219,0.858,1.112,1.231,0.868,2.74629,0.839,1.0,0.654,1690.153,2.0,-0.123,24.127,2.0,1.04,-1.53,1.40683,0.0,1.269,0.154242,0.0,2.0,150.8,0.004,0.904,1.231,-28.0,0.0,7.3,-4.623,-0.402,0.0,761.474,-0.0897561,0.879,0.281777,0.0,0.869,0.864,2.219,0
A249E,0.691,0.0580073,-0.426604,-0.705,-1.4511,-0.11,0.009,-3.211,-1.20652e-08,-0.207,4.3,-8.884,0.682,0.889,2.0,4.30961,0.835,0.127117,434.6,-1.50974,11.798,36.0,0.0,3.243,64.0,157.5,-69.715,5.721,0.85,2.0,-0.658,1.7,-8.818,-0.001,8.162,0.942,2.189,0.825,1.113,1.23,0.835,2.63859,0.876,1.0,0.002,420.407,2.0,-0.008,5.786,2.0,1.302,-1.53,1.37769,0.0,1.23,0.0873159,5.92415e-13,2.0,148.7,-0.026,0.906,1.23,-28.0,0.272629,7.2,-4.409,-0.376,0.0,-503.963,0.108724,0.893,0.216067,0.0,0.842,0.85,2.189,0
Y294L,0.688,0.00476715,-0.0781239,0.782,0.975373,0.196,0.018,-3.199,-0.0151965,0.509,4.2,10.129,0.682,0.851,2.0,-1.37159,0.86,0.850339,437.8,0.646374,-6.986,36.0,0.0,2.091,63.0,150.0,-69.567,0.754168,0.854,2.0,-0.593,1.8,-8.888,-0.199,6.109,0.932,2.117,0.864,1.114,1.174,0.86,0.451216,0.829,1.0,0.001,286.806,2.0,-0.539,-0.478,2.0,1.24,-1.326,0.0956733,0.0,1.251,-0.0935676,-4.21538e-13,2.0,148.8,-0.015,0.906,1.174,-27.0,-0.428684,7.1,-4.445,-0.424,0.0,-683.354,-0.375713,0.889,-0.000262518,0.0,0.889,0.854,2.117,0
W407Y,0.699,0.0,-0.490136,0.096,0.965533,0.368,0.001,-2.915,-0.000108095,-0.482,4.8,6.898,0.687,0.797,2.0,0.356149,0.763,0.278464,438.3,1.79904,-0.475,36.0,0.0,-0.105,63.0,151.4,-68.902,2.37358,0.759,2.0,-0.734,1.2,-8.522,0.122,5.767,0.911,2.124,0.864,1.051,1.212,0.763,0.428766,0.805,1.0,-0.025,286.583,2.0,-0.116,0.555,2.0,0.896,-1.617,0.1697,0.0,1.287,-0.204545,0.0,2.0,151.4,0.0,0.913,1.212,-27.0,-1.01898,6.7,-4.261,-0.443,0.0,-684.786,0.000981278,0.81,-0.115831,0.0,0.877,0.759,2.124,0
T15A,0.691,1.94615e-07,0.00179226,0.239,0.748884,0.53,-0.004,-3.357,-1.96298e-05,0.816,4.5,3.657,0.686,0.825,2.0,-1.31838,0.857,0.00588995,437.7,0.868099,-3.82,36.0,0.0,-0.752,63.0,150.5,-69.429,0.445265,0.825,2.0,-0.675,1.5,-9.154,-0.005,1.782,0.902,2.203,0.855,1.124,1.231,0.857,-0.101541,0.84,1.0,-0.075,285.9,2.0,0.779,-0.162,2.0,1.067,-1.511,-0.521094,0.0,1.268,-0.0399339,6.59778e-13,2.0,150.4,0.007,0.905,1.231,-27.0,1.03192,7.4,-4.575,-0.403,0.0,-686.288,0.128514,0.902,-0.398801,0.0,0.869,0.825,2.203,1
T218A,0.703,0.0,0.0183155,1.11,0.736784,0.265,-0.014,-3.18,0.0,0.511,4.0,4.076,0.686,0.813,2.0,-1.6574,0.87,-0.40295,436.9,0.636915,-6.064,36.0,0.0,-1.701,63.0,150.6,-67.822,1.75799,0.869,2.0,-0.524,2.0,-9.234,-0.01,0.241,1.075,1.894,0.866,1.251,0.989,0.87,-0.110401,0.795,1.0,0.004,282.902,2.0,1.862,-0.384,2.0,0.981,-1.564,-0.521094,0.0,1.165,-0.0352436,0.0,2.0,150.4,0.015,0.907,0.989,-27.0,2.07862,7.0,-4.617,-0.421,0.0,-690.474,0.0931502,0.839,0.886056,0.0,0.888,0.869,1.894,1
E222H,0.691,-0.0561776,1.47496,0.994,-0.0761602,-0.099,-0.012,-3.332,0.128026,-0.171,4.2,-4.012,0.683,0.705,2.0,-0.543905,0.825,0.0122748,435.5,-0.0751303,-2.487,36.0,0.0,0.09,62.0,157.5,-67.589,1.9765,0.821,2.0,-0.633,1.8,-9.134,-0.009,-4.214,0.978,2.154,0.861,1.088,1.211,0.825,0.790243,0.707,1.0,-0.526,286.509,2.0,1.872,-2.186,2.0,1.339,-1.688,-0.670149,1.0,1.187,0.254726,5.93858e-13,2.0,151.4,-0.017,0.922,1.211,-26.0,1.37975,7.2,-4.567,-0.4,0.0,-685.9,-0.620659,0.874,0.233435,0.0,0.868,0.821,2.154,1
T352A,0.696,0.0,0.0371324,0.545,0.754765,0.041,-0.005,-3.153,0.0,0.195,4.5,3.625,0.689,0.795,2.0,-1.25814,0.801,-0.0218903,437.0,0.791267,-4.86,36.0,0.0,-0.242,63.0,152.0,-69.205,1.70823,0.769,2.0,-0.671,1.5,-8.651,0.004,0.141,0.964,2.036,0.84,1.171,1.165,0.801,-0.00572507,0.827,1.0,0.0,286.167,2.0,0.238,0.03,2.0,1.113,-1.541,-0.521094,0.0,1.301,-0.0657743,0.0,2.0,151.0,-0.002,0.907,1.165,-27.0,2.17135,7.1,-4.326,-0.406,0.0,-687.3,0.0341657,0.888,-0.2736,0.0,0.861,0.769,2.036,1
W120H,0.687,-1.77636e-15,0.038323,-0.047,1.21298,0.116,-0.058,-2.59,-0.011907,1.131,4.6,10.083,0.683,0.81,2.0,-0.136521,0.846,-1.14456,436.1,2.03359,-3.486,36.0,0.0,-2.66,63.0,158.5,-67.668,1.43141,0.861,2.0,-0.573,1.8,-7.36,-0.014,3.277,1.0,2.08,0.876,0.979,1.126,0.846,-0.175734,0.836,1.0,0.729,282.262,2.0,-1.325,-0.362,2.0,1.382,-1.665,-0.0975615,0.0,1.199,0.0904394,0.0,2.0,149.8,0.015,0.909,1.126,-27.0,0.188576,6.4,-3.681,-0.451,0.0,-686.45,0.577732,0.784,-1.0535,0.0,0.87,0.861,2.08,1
R240K,0.688,0.0663361,0.653011,2.14,0.631812,-0.043,-0.009,-3.29,-3.04896e-08,0.077,4.3,3.222,0.685,0.727,2.0,-0.813448,0.839,-0.00610788,434.6,-0.222529,-4.349,36.0,0.0,-0.212,63.0,155.0,-67.81,0.290837,0.804,2.0,-0.657,1.7,-8.878,-0.002,1.771,0.889,2.212,0.816,1.114,1.234,0.839,-0.140293,0.762,1.0,-0.021,287.211,2.0,1.887,-0.898,2.0,1.274,-1.522,-0.517981,0.6,1.24,-0.00342015,5.86919e-13,2.0,150.1,0.012,0.921,1.234,-27.0,0.768397,7.2,-4.438,-0.39,0.0,-681.649,-0.00654251,0.911,-0.121818,0.0,0.795,0.804,2.212,1
S298E,0.694,-0.0707529,1.78989,-1.841,-0.478869,-0.038,0.003,-3.353,1.43281e-08,-0.002,4.3,-7.599,0.689,0.804,2.0,1.32096,0.758,0.236046,436.3,-1.05601,8.115,36.0,0.0,0.717,64.0,155.2,-68.456,4.30226,0.782,2.0,-0.644,1.7,-9.242,0.015,-2.242,1.063,2.127,0.923,1.102,1.146,0.758,-0.0724926,0.812,1.0,0.001,286.972,2.0,-2.449,2.976,2.6,1.182,-1.918,-0.1087,0.0,1.235,0.106156,5.94635e-13,2.0,150.3,-0.013,0.905,1.146,-28.0,2.53075,7.3,-4.619,-0.404,0.0,-682.623,0.0211855,0.895,0.190249,0.0,0.898,0.782,2.127,1
N163C,0.697,8.91232e-08,-0.0106976,-0.947,0.421256,0.043,-0.005,-3.189,-0.0088222,-0.018,4.0,5.145,0.69,0.899,2.0,-1.77483,0.845,-0.0552988,436.0,0.0306623,-5.362,36.0,0.0,-0.341,63.0,150.2,-68.595,1.95866,0.775,2.0,-0.528,2.0,-9.078,-0.004,-2.359,0.958,2.273,0.877,1.148,1.253,0.845,0.282073,0.908,1.0,0.003,285.72,2.0,-0.021,-2.451,2.0,1.277,-1.557,0.269094,0.0,1.228,9.53987e-08,5.78759e-13,2.0,148.9,-0.036,0.903,1.253,-27.0,2.5281,7.0,-4.54,-0.406,0.0,-689.438,-0.000577341,0.909,0.277696,0.0,0.893,0.775,2.273,1
E222K,0.691,-0.02637,1.37135,1.097,0.216141,-0.026,-0.01,-3.489,1.43281e-08,-0.016,4.3,0.362,0.685,0.815,2.0,-1.3877,0.874,-0.0279715,435.4,-0.221297,-2.249,37.0,0.0,0.106,62.0,157.2,-67.81,0.314014,0.898,2.0,-0.664,1.7,-10.383,-0.001,-0.69,1.048,2.194,0.854,1.165,1.237,0.874,-0.00346787,0.818,1.0,-0.002,286.458,2.0,0.965,-2.498,2.0,1.16,-1.593,0.114833,0.9,1.198,0.228239,5.93636e-13,2.0,149.3,-0.021,0.961,1.237,-25.0,0.563756,8.2,-5.19,-0.398,0.0,-685.423,-0.0290714,0.913,-0.256187,0.0,0.855,0.898,2.194,1
E222Q,0.692,-0.063617,1.51434,0.459,0.428145,-0.104,-0.001,-3.214,1.43281e-08,-0.043,4.2,-0.161,0.685,0.795,2.0,-1.76405,0.871,0.00758186,435.6,0.472594,-3.102,36.0,0.0,-0.045,62.0,158.4,-68.028,0.3065,0.879,2.0,-0.626,1.8,-8.847,-0.004,-2.453,1.022,2.139,0.913,1.137,1.209,0.871,-0.0306922,0.743,1.0,-0.003,286.636,2.0,0.183,-0.046,2.0,1.236,-1.524,0.330195,1.0,1.199,0.0543471,5.93081e-13,2.0,149.7,-0.028,0.944,1.209,-26.0,-0.364691,7.2,-4.422,-0.385,0.0,-684.431,-0.00321975,0.903,-0.22009,0.0,0.899,0.879,2.139,1
E406A,0.692,0.0436523,-0.0563506,1.003,1.12843,-0.094,-0.007,-2.603,0.0,-0.044,4.1,9.252,0.687,0.837,2.0,-2.63488,0.817,-0.0127761,435.1,1.28825,-11.407,36.0,0.0,-0.65,62.0,148.1,-67.112,-1.55639,0.842,2.0,-0.566,1.9,-6.66,0.007,-1.412,0.911,2.026,0.879,0.965,1.142,0.817,-0.0893698,0.853,1.0,0.054,286.023,2.0,1.293,-3.552,2.0,1.222,-1.579,-1.05374,0.0,1.218,-0.0900845,0.0,2.0,149.2,0.0,0.905,1.142,-26.0,0.0079992,6.0,-3.328,-0.428,0.0,-684.695,0.0,0.765,-0.177586,0.0,0.879,0.842,2.026,1
N220A,0.696,0.0,-0.043592,0.295,0.709636,0.267,-0.008,-3.374,0.0,0.255,3.4,4.652,0.687,0.79,2.0,-1.61966,0.901,-0.0233323,436.7,0.498116,-4.797,36.0,0.0,-0.188,63.0,152.1,-69.213,0.813346,0.907,2.0,-0.33,1.5,-9.158,0.0,1.125,0.969,2.202,0.915,1.059,1.191,0.901,-0.056655,0.837,1.0,-0.002,287.376,2.0,0.719,-1.991,2.0,1.639,-1.509,-0.705953,0.0,1.315,-0.0255248,0.0,2.0,150.9,-0.042,0.883,1.191,-27.0,1.7205,7.3,-4.579,-0.4,0.0,-685.96,0.0207528,0.9,0.313532,0.0,0.911,0.907,2.202,1
E222A,0.697,-0.0561776,1.47761,0.965,1.5104,0.158,-0.013,-3.391,1.43281e-08,0.094,4.6,5.27,0.688,0.733,2.0,-3.41552,0.91,-0.0189273,435.2,1.44611,-8.178,36.0,0.0,-0.041,62.0,152.1,-68.109,0.85735,0.9,2.0,-0.741,1.4,-9.08,0.006,-1.694,1.029,2.225,0.86,1.118,1.243,0.91,-0.229572,0.713,1.0,-0.001,285.463,2.0,0.961,-3.62,2.0,0.982,-1.497,-1.59346,0.0,1.253,-0.00318589,5.94524e-13,2.0,150.8,-0.03,0.903,1.243,-26.0,1.86335,7.5,-4.542,-0.381,0.0,-684.664,0.0209434,0.895,-0.14741,0.0,0.913,0.9,2.225,1
W325A,0.706,0.0,-0.00822472,-1.012,1.8372,0.183,-0.03,-3.268,0.0,0.357,4.2,12.856,0.692,0.898,2.0,-0.958024,0.838,0.000215791,437.9,2.86569,-3.013,36.0,0.0,-1.282,63.0,148.5,-69.345,2.79963,0.852,2.0,-0.59,1.8,-7.798,0.005,4.637,0.908,2.198,0.824,1.054,1.209,0.838,-0.0207168,0.869,0.0,-0.012,285.372,2.0,-0.01,-2.922,2.0,1.31,-0.883,-0.947444,0.0,1.292,-0.231992,0.0,2.0,148.0,-0.023,0.864,1.209,-27.0,0.0536635,7.2,-3.9,-0.401,0.0,-684.001,0.0,0.729,-0.0227291,0.0,0.807,0.852,2.198,1
T175R,0.693,0.0866894,-0.288108,-0.298,0.00565909,0.063,0.008,-3.194,0.0103946,0.096,4.3,-1.446,0.689,0.806,2.0,-0.957133,0.877,0.0604296,439.1,-0.331523,0.771,37.0,0.0,0.165,63.0,150.1,-69.141,0.333996,0.891,2.0,-0.621,1.7,-8.872,0.006,0.672,0.864,2.156,0.889,1.115,1.207,0.877,-0.0236135,0.823,1.0,0.001,287.363,2.0,-0.219,2.053,2.0,1.151,-1.504,-0.58825,0.0,1.266,-0.264348,-1.4963e-13,2.0,150.7,-0.004,0.906,1.207,-26.0,1.89817,7.3,-4.435,-0.405,0.0,-688.429,0.508859,0.873,-0.0475808,0.0,0.915,0.891,2.156,1
E177L,0.693,0.0690522,-0.149458,0.162,-0.09279,0.05,0.004,-3.25,0.0240012,-0.089,4.3,-0.221,0.692,0.863,2.0,-0.307353,0.853,0.0846143,437.7,-0.284264,-2.315,36.0,0.0,0.044,62.0,151.5,-68.82,-0.0600955,0.833,2.0,-0.621,1.7,-9.017,-0.002,-2.451,0.9,2.178,0.875,1.114,1.221,0.853,0.000358516,0.903,1.0,-0.003,286.646,2.0,0.008,-2.817,2.0,1.182,-1.51,-0.596998,0.0,1.268,-0.118161,0.0,2.0,151.3,0.005,0.904,1.221,-26.0,1.29953,7.2,-4.507,-0.404,0.0,-687.681,-0.000130225,0.891,-0.106656,0.0,0.888,0.833,2.178,1
I300N,0.694,0.0,0.064172,-0.894,0.649229,0.178,-0.045,-3.297,0.0,0.464,4.4,0.945,0.686,0.853,2.0,1.21482,0.84,-0.0224714,436.5,2.46475,6.659,36.0,0.0,-4.222,63.0,152.9,-70.382,3.49644,0.851,2.0,-0.66,1.6,-8.969,0.0,-4.082,0.994,2.242,0.876,1.131,1.258,0.84,0.0733787,0.862,1.0,-0.002,419.122,2.0,-1.156,-3.742,2.0,1.112,-1.516,-0.269094,0.0,1.273,0.0248874,0.0,2.0,149.5,0.005,0.903,1.258,-27.0,-0.456532,7.4,-4.483,-0.392,0.0,-543.728,-0.372818,0.916,0.151006,0.0,0.879,0.851,2.242,1
N220R,0.692,0.135179,-2.3485,-2.012,-0.867469,0.058,0.006,-3.558,0.0,-0.029,3.3,-2.197,0.689,0.917,2.0,1.12483,0.895,0.0956661,440.0,-0.91465,4.879,37.0,0.0,-0.375,63.0,151.3,-70.964,-0.240715,0.871,2.0,-0.274,1.7,-10.968,0.003,2.028,0.951,2.225,0.895,1.182,1.217,0.895,0.0268761,0.908,1.0,-0.011,287.222,2.0,-0.036,0.888,2.0,1.497,-1.501,1.21885,0.0,1.4,0.00598429,0.0,2.0,149.9,-0.011,0.957,1.217,-26.0,1.07609,8.2,-5.483,-0.403,0.0,-688.869,0.0100655,0.849,0.202346,0.0,0.897,0.871,2.225,1
N220Y,0.693,0.00476096,-0.353232,-1.509,-1.16527,0.006,0.022,-3.29,-3.43448e-08,-0.1,3.3,-7.619,0.69,0.826,2.0,0.541184,0.906,-0.174003,436.6,-1.95377,1.619,36.0,0.0,1.228,63.0,154.9,-69.128,-2.80276,0.898,2.0,-0.306,1.7,-9.976,0.066,-4.899,0.991,2.262,0.836,1.1,1.275,0.906,-0.139936,0.828,1.0,-0.014,287.864,2.0,-0.517,0.589,2.2,1.436,-1.915,0.148338,0.8,1.163,0.083807,-5.29146e-13,2.0,152.2,-0.023,0.925,1.275,-27.0,0.194328,7.3,-4.987,-0.389,0.0,-689.347,-0.0918876,0.983,0.186725,0.0,0.863,0.898,2.262,1
N293C,0.698,0.0,0.0530978,1.537,0.477909,-0.191,-0.006,-3.217,0.0,-0.508,4.0,5.851,0.69,0.788,2.0,-2.15275,0.885,-0.0387574,436.7,-0.063942,-6.878,36.0,0.0,-1.996,63.0,149.3,-68.758,0.965851,0.845,2.0,-0.529,2.0,-9.46,-0.007,-2.016,1.029,2.016,0.913,1.17,0.866,0.885,-0.513506,0.81,1.0,-0.004,283.408,2.0,1.318,-2.801,2.0,0.749,-1.651,0.155709,0.0,0.984,-0.0160112,0.0,2.0,150.9,0.033,0.91,0.866,-27.0,2.9938,7.0,-4.729,-0.421,0.0,-690.901,-0.0244288,0.825,0.0787199,0.0,0.915,0.845,2.016,1
L362M,0.704,0.0,0.0,-0.197,-0.454197,0.035,-0.014,-3.161,-0.0079837,0.067,4.2,0.614,0.695,0.881,2.0,0.307945,0.88,0.00190262,438.5,-0.402025,0.163,36.0,0.0,-0.157,63.0,151.3,-69.725,0.16552,0.929,2.0,-0.603,1.8,-8.743,-0.001,-0.882,0.906,2.129,0.902,1.127,1.183,0.88,0.0284019,0.875,1.0,-0.004,348.665,2.0,-0.001,-0.881,2.0,1.27,-1.554,0.278788,0.0,1.304,0.0807933,0.0,2.0,151.4,0.003,0.906,1.183,-27.0,0.0,7.2,-4.373,-0.404,0.0,-543.151,0.0,0.894,0.412687,0.0,0.891,0.929,2.129,1
W409Y,0.693,0.0,0.056183,0.019,0.43933,-0.085,0.002,-3.247,-4.44089e-16,-0.062,4.2,3.923,0.686,0.838,2.0,-0.707509,0.854,-0.000356401,437.9,0.508894,-1.446,36.0,0.0,-0.2,63.0,150.3,-69.669,0.0757028,0.843,2.0,-0.594,1.8,-8.491,0.021,0.631,0.946,2.226,0.876,1.085,1.265,0.854,-0.0301427,0.846,1.0,0.0,286.718,2.0,0.002,-0.462,2.0,1.243,-1.562,0.0211036,0.0,1.263,-0.221505,0.0,2.0,150.0,-0.01,0.881,1.265,-27.0,0.0,7.2,-4.245,-0.407,0.0,-687.167,-9.60654e-12,0.917,-0.211799,0.0,0.89,0.843,2.226,1
S14A,0.694,0.0,0.0185832,1.189,0.235072,0.169,-0.003,-3.264,-0.00323989,0.052,4.3,1.443,0.689,0.877,2.0,-0.771932,0.806,-0.000289307,436.4,-0.55403,-4.521,36.0,0.0,0.027,63.0,152.4,-68.719,1.67873,0.824,2.0,-0.638,1.7,-9.001,0.057,1.425,0.977,2.061,0.854,1.087,1.217,0.806,-0.0751037,0.865,1.0,1.167,286.135,2.0,1.707,-0.425,2.0,1.128,-1.544,-0.529654,0.0,1.274,0.0,0.0,2.0,149.2,-0.045,0.908,1.217,-27.0,2.92996,7.3,-4.501,-0.39,0.0,-687.889,0.0265642,0.898,0.4028,0.0,0.84,0.824,2.061,1
S17A,0.692,-0.0174103,-0.0421971,-0.245,0.258702,-0.337,0.0,-3.23,-0.000171502,0.08,4.1,1.39,0.689,0.791,2.0,-0.935709,0.792,-0.00231169,435.3,-0.330105,-3.993,36.0,0.0,-0.249,63.0,151.8,-68.873,0.358454,0.786,2.0,-0.578,1.9,-9.15,0.021,-1.872,0.98,2.193,0.87,1.077,1.229,0.792,-0.078889,0.743,1.0,0.05,286.892,2.0,1.461,-0.708,2.0,1.277,-1.589,-0.529611,0.0,1.27,-0.0819257,6.59778e-13,2.0,151.2,0.05,0.905,1.229,-27.0,2.82269,7.1,-4.576,-0.409,0.0,-686.733,-0.0659081,0.881,-0.720625,0.0,0.869,0.786,2.193,1
H119A,0.697,1.52671e-07,0.101818,-1.409,2.01593,0.39,-0.04,-3.334,-0.143446,0.777,4.0,12.776,0.687,0.839,2.0,-2.93157,0.855,-0.224824,437.7,1.90901,-8.461,36.0,0.0,-0.667,63.0,150.1,-69.546,-0.77926,0.881,2.0,-0.534,2.0,-9.29,-0.003,-1.233,0.908,2.178,0.856,1.118,1.228,0.855,-1.03046,0.845,1.0,0.02,284.245,2.0,-0.706,-4.313,2.0,1.248,-1.542,-0.846422,0.0,1.234,-0.180137,5.86919e-13,2.0,151.1,0.018,0.906,1.228,-27.0,0.55345,7.0,-4.645,-0.414,0.0,-690.777,-0.318515,0.853,0.135755,0.0,0.866,0.881,2.178,1
N163A,0.69,8.91231e-08,0.0385528,-0.91,1.05753,0.411,-0.012,-3.218,-0.0181869,0.431,4.0,7.481,0.686,0.805,2.0,-2.28185,0.87,-0.0686321,437.3,0.547301,-7.882,36.0,0.0,-0.582,63.0,147.7,-69.158,2.243,0.887,2.0,-0.521,2.0,-9.331,-0.015,-2.007,0.95,2.267,0.883,1.095,1.234,0.87,-0.272132,0.786,1.0,0.005,285.186,2.0,-0.292,-2.563,2.0,1.293,-1.546,-0.691956,0.0,1.192,0.0177623,5.78759e-13,2.0,150.7,-0.045,0.907,1.234,-27.0,3.20417,7.0,-4.667,-0.416,0.0,-689.146,0.0171621,0.858,0.711041,0.0,0.854,0.887,2.267,1
N354A,0.686,0.0,0.0,1.431,1.35175,0.129,-0.004,-3.301,-0.0149155,0.498,4.4,6.762,0.689,0.845,2.0,-1.97428,0.844,-0.0674192,436.3,1.02256,-6.846,36.0,0.0,0.367,63.0,150.6,-68.319,2.32663,0.834,2.0,-0.646,1.6,-9.03,-0.019,3.306,0.903,2.261,0.887,1.126,1.19,0.844,0.01872,0.846,1.0,0.654,286.345,2.0,1.275,-2.916,2.0,1.088,-1.558,-0.691956,0.0,1.246,-0.0476696,0.0,2.0,149.1,0.011,0.909,1.19,-27.0,2.0755,7.3,-4.514,-0.41,0.0,-684.88,0.613381,0.88,-0.00671183,0.0,0.894,0.834,2.261,1
N404A,0.696,0.0,-0.00476889,0.256,1.20611,0.29,-0.009,-3.162,0.0,0.484,4.2,8.212,0.69,0.88,2.0,-2.80913,0.821,-0.0442942,435.7,0.73803,-8.482,36.0,0.0,-0.106,63.0,151.7,-69.358,-1.16929,0.785,2.0,-0.611,1.8,-8.938,0.0,1.419,0.906,2.175,0.851,1.103,1.214,0.821,-0.191771,0.897,1.0,1.055,286.275,2.0,0.158,-2.405,2.0,1.22,-1.536,-0.730967,0.0,1.282,-0.023297,0.0,2.0,152.0,0.002,0.903,1.214,-27.0,0.0564155,7.1,-4.47,-0.417,0.0,-686.453,0.0702932,0.864,0.540786,0.0,0.88,0.785,2.175,1
I91E,0.692,-0.0252858,0.0852039,-0.327,0.394682,-0.462,-0.016,-3.394,0.0,-0.175,4.5,-0.025,0.69,0.73,2.0,-0.0712598,0.886,-0.0580846,438.9,0.813098,3.53,36.0,0.0,-0.028,64.0,150.3,-70.086,0.876399,0.858,2.0,-0.673,1.5,-9.214,0.0,1.874,0.951,2.195,0.826,1.12,1.222,0.886,-0.0148963,0.749,1.0,0.001,286.702,2.0,-0.03,2.475,2.0,1.055,-1.505,-0.247058,0.0,1.265,-0.0925522,0.0,2.0,151.0,-0.027,0.905,1.222,-28.0,0.0,7.4,-4.607,-0.401,0.0,-687.109,0.0,0.895,0.0,0.0,0.835,0.858,2.195,1
E177K,0.698,0.076917,-0.26088,0.118,-0.0628958,-0.002,0.0,-3.322,0.0190108,0.033,4.5,0.076,0.691,0.885,2.0,-0.409696,0.892,0.00609623,438.3,-0.220603,-1.393,37.0,0.0,-0.014,62.0,152.4,-68.763,-0.129697,0.929,2.0,-0.668,1.5,-9.075,-0.005,-1.531,0.98,2.124,0.901,1.129,1.213,0.892,0.00116926,0.85,1.0,0.001,286.993,2.0,0.004,-1.973,2.0,1.023,-1.529,-0.602726,0.0,1.25,-0.218996,0.0,2.0,150.0,0.02,0.906,1.213,-25.0,1.43218,7.4,-4.536,-0.414,0.0,-686.571,0.00620802,0.898,-0.114476,0.0,0.862,0.929,2.124,1
N220H,0.691,-1.12607e-07,0.0141109,-0.098,-0.642951,0.058,-0.004,-3.357,0.0979556,-0.076,3.3,-4.201,0.689,0.757,2.0,0.758159,0.844,0.00426861,436.3,-0.856591,0.443,36.0,0.0,-0.246,63.0,155.3,-69.017,0.381533,0.882,2.0,-0.316,1.7,-10.087,0.0,-2.024,1.032,2.169,0.833,1.076,1.281,0.844,0.373001,0.807,1.0,-0.005,287.238,2.0,-0.268,0.812,2.0,1.297,-1.785,0.158552,1.0,1.14,0.0863301,5.28064e-13,2.0,153.5,-0.019,0.915,1.281,-27.0,0.300852,7.3,-5.045,-0.404,0.0,-689.384,-0.0772629,0.947,0.251439,0.0,0.878,0.882,2.169,1
C167A,0.693,0.0,-0.033799,0.23,0.551626,-0.116,0.001,-3.224,0.0,-0.423,4.1,1.739,0.693,0.834,2.0,-0.178377,0.88,-0.0145401,437.6,0.620466,-1.993,36.0,0.0,0.05,63.0,151.6,-69.679,-0.16389,0.879,2.0,-0.608,1.9,-8.824,-0.001,-0.296,0.978,2.135,0.885,1.096,1.179,0.88,0.128888,0.831,1.0,-0.006,287.251,2.0,0.015,-0.104,2.0,1.236,-1.518,-0.856952,0.0,1.24,-0.0287712,0.0,2.0,150.7,-0.019,0.899,1.179,-27.0,0.335711,7.1,-4.411,-0.41,0.0,-687.845,-0.00502756,0.904,-0.711886,0.0,0.906,0.879,2.135,1
L171A,0.695,0.163926,-0.679258,0.13,1.27117,0.017,-0.008,-3.109,0.340356,0.202,4.1,5.839,0.686,0.757,2.0,-0.0899741,0.883,-0.0946202,438.3,2.25512,-1.939,36.0,0.0,-0.338,63.0,150.9,-69.491,1.80734,0.896,2.0,-0.586,1.9,-8.944,-0.002,3.85,0.906,2.137,0.859,1.124,1.159,0.883,-0.0460904,0.776,1.0,-0.003,285.446,2.0,0.041,-0.117,2.0,1.21,-1.534,-1.11655,0.0,1.26,-0.0687528,5.86919e-13,2.0,150.6,0.016,0.893,1.159,-27.0,-0.240424,7.0,-4.47,-0.395,0.0,-686.897,-0.17232,0.855,0.216,0.0,0.873,0.896,2.137,1
M323A,0.693,0.00255134,-0.109322,-0.169,2.19211,0.06,-0.002,-3.239,5.46335e-09,0.063,4.2,7.513,0.69,0.863,2.0,-1.00162,0.861,0.136925,437.9,3.48794,-2.45,36.0,0.0,-1.338,63.0,149.4,-69.711,2.95916,0.852,2.0,-0.615,1.8,-9.241,-0.005,2.904,0.895,2.165,0.802,1.157,1.169,0.861,-0.0620155,0.855,0.4,0.01,284.505,2.0,0.014,-1.345,2.0,1.235,-1.631,-1.46432,0.0,1.265,-0.151134,-1.13798e-15,2.0,150.0,0.029,0.905,1.169,-27.0,-0.000155575,7.2,-4.62,-0.405,0.0,-686.945,0.0150924,0.775,-0.238036,0.0,0.817,0.852,2.165,1
V52G,0.694,0.0,0.0907485,0.232,0.654275,-0.36,-0.013,-3.137,0.0,-0.349,4.2,3.966,0.692,0.721,2.0,-1.14696,0.78,-0.0124053,437.8,0.800361,-2.526,36.0,0.0,-0.998,63.0,152.4,-69.758,-1.54336,0.743,2.0,-0.604,1.8,-8.695,-0.005,-1.08,1.014,2.165,0.858,1.115,1.204,0.78,-1.69571,0.781,1.0,-0.041,286.482,2.0,0.026,-0.176,2.0,1.282,-1.51,-0.24832,0.0,1.284,-0.520751,0.0,2.0,151.4,-0.03,0.904,1.204,-27.0,0.00329545,7.2,-4.348,-0.379,0.0,-689.85,0.0168031,0.874,-0.00545376,0.0,0.869,0.743,2.165,1
H101R,0.693,0.0309869,0.0123789,0.26,0.0456584,-0.172,0.008,-3.234,-0.253182,-0.238,4.3,3.138,0.688,0.81,2.0,-0.764776,0.825,0.063777,438.0,-0.14904,-0.518,37.0,0.0,-0.423,63.0,151.1,-69.568,0.210647,0.809,2.0,-0.64,1.7,-8.819,0.0,0.859,0.897,2.182,0.911,1.153,1.249,0.825,-0.000251486,0.842,1.0,0.001,791.523,2.0,-0.108,-0.389,2.0,1.11,-1.511,-0.318394,0.0,1.259,-0.0675411,0.0,2.0,151.4,0.013,0.905,1.249,-26.0,0.879,7.2,-4.41,-0.396,0.0,-120.093,0.93049,0.896,-0.266,0.0,0.903,0.809,2.182,1
W325C,0.696,0.0,-0.0112506,-0.978,1.40607,-0.052,-0.029,-3.297,0.0,0.005,4.4,11.735,0.69,0.783,2.0,-0.729851,0.815,0.150109,438.5,2.37989,-1.687,36.0,0.0,-1.285,63.0,148.9,-69.564,2.37614,0.84,2.0,-0.619,1.6,-7.81,0.006,4.571,0.899,2.195,0.871,1.063,1.223,0.815,-0.0393781,0.801,0.2,-0.004,285.341,2.0,-0.018,-2.32,2.0,1.183,-0.913,-0.336094,0.0,1.272,0.0575877,0.0,2.0,149.1,-0.01,0.871,1.223,-27.0,-0.152959,7.3,-3.906,-0.398,0.0,-684.337,-0.0193632,0.727,-0.271028,0.0,0.89,0.84,2.195,1
K341A,0.699,0.000385885,0.0311362,0.343,0.476,0.099,-0.007,-3.262,0.0,-0.012,4.2,1.485,0.693,0.735,2.0,-0.552995,0.846,-0.0108852,436.4,0.609575,-1.881,35.0,0.0,-0.016,63.0,150.6,-69.158,0.0675356,0.867,2.0,-0.61,1.8,-9.127,-0.003,0.257,0.934,2.185,0.763,1.101,1.208,0.846,-0.0575127,0.756,1.0,0.007,285.73,2.0,-0.035,-0.871,2.0,1.164,-1.54,-0.288466,0.0,1.258,-0.429243,0.0,2.0,151.1,0.015,0.905,1.208,-28.0,0.0,7.1,-4.563,-0.408,0.0,-687.537,0.050297,0.877,-0.19,0.0,0.753,0.867,2.185,1
M358T,0.7,0.0,-0.0559824,-0.538,1.23148,-0.338,0.003,-3.264,0.0,-0.45,4.4,3.288,0.687,0.859,2.0,-0.137278,0.841,0.0126847,438.7,2.21031,1.569,36.0,0.0,-0.105,63.0,153.5,-69.667,1.3903,0.829,2.0,-0.654,1.6,-8.937,-0.029,0.593,0.896,2.181,0.88,1.117,1.214,0.841,-0.0256399,0.853,1.0,0.002,289.726,2.0,0.014,-2.756,2.0,1.165,-1.513,-0.612274,0.0,1.302,-0.60189,0.0,2.0,150.9,-0.02,0.903,1.214,-27.0,-0.579454,7.3,-4.469,-0.398,0.0,-679.778,0.0989018,0.882,-0.75245,0.0,0.897,0.829,2.181,1
N404C,0.693,8.79662e-08,-0.00165071,0.425,0.494049,-0.085,-0.008,-3.262,-3.04813e-08,0.068,4.4,5.686,0.69,0.838,2.0,-1.89408,0.87,0.0423361,436.8,0.0931719,-5.821,36.0,0.0,-0.018,63.0,150.7,-69.739,-1.21039,0.912,2.0,-0.647,1.6,-8.974,0.001,0.799,0.94,2.198,0.872,1.131,1.244,0.87,-1.68165,0.857,1.0,1.056,287.14,2.0,0.023,-2.16,2.0,1.115,-1.481,0.0424693,0.0,1.289,-0.0152766,5.86919e-13,2.0,151.1,-0.002,0.904,1.244,-27.0,1.22494,7.3,-4.487,-0.397,0.0,-687.356,0.289442,0.906,0.180568,0.0,0.858,0.912,2.198,1
M261D,0.697,0.220233,-0.119393,-0.915,1.09466,-0.065,0.009,-3.268,-3.36461e-08,0.161,4.3,2.855,0.692,0.868,2.0,2.29114,0.928,-0.143034,438.1,2.41585,7.334,36.0,0.0,0.228,64.0,151.8,-69.802,5.1675,0.914,2.0,-0.632,1.7,-8.979,0.006,7.961,0.941,2.187,0.933,1.109,1.227,0.928,0.0850102,0.857,1.0,-0.037,287.432,2.0,0.003,0.234,2.0,1.193,-1.517,-0.796319,0.0,1.294,-0.146608,-6.58668e-13,2.0,150.5,0.03,0.907,1.227,-28.0,0.000619993,7.3,-4.488,-0.405,0.0,-683.692,0.187135,0.88,-0.0684,0.0,0.921,0.914,2.187,0
H178A,0.694,-0.165996,0.786153,0.253,1.49288,0.296,-0.002,-3.295,-0.547815,0.569,4.3,10.461,0.689,0.799,2.0,-2.3216,0.862,-0.00364253,438.0,1.95597,-5.105,36.0,0.0,-0.809,63.0,149.9,-69.576,1.89054,0.863,2.0,-0.614,1.7,-8.968,0.0,3.444,0.977,2.186,0.843,1.1,1.242,0.862,-0.123133,0.801,1.0,0.002,285.607,2.0,-0.015,-2.553,2.0,1.094,-1.521,-1.13581,0.0,1.223,-0.114518,0.0,2.0,147.8,-0.038,0.9,1.242,-27.0,0.867946,7.2,-4.482,-0.398,0.0,-686.215,0.92351,0.915,0.162074,0.0,0.853,0.863,2.186,1
N220G,0.696,-0.559717,-0.875966,0.019,1.07188,0.776,-0.007,-3.578,-9.22391e-06,0.809,3.8,7.396,0.689,0.778,2.0,-1.72483,0.845,0.255148,437.8,1.17094,-5.684,36.0,0.0,-0.7,63.0,150.0,-70.251,0.596339,0.833,2.0,-0.373,0.2,-9.676,0.001,2.642,0.861,2.344,0.884,0.912,1.282,0.845,-0.125499,0.792,1.0,-0.009,284.963,2.0,0.321,-1.605,2.0,1.085,-1.493,-0.6951,0.0,0.924,-0.0182745,-5.2798e-13,2.0,151.9,-0.038,0.877,1.282,-27.0,2.24656,7.8,-4.837,-0.398,0.0,-687.641,-1.23111,0.905,1.06404,0.0,0.908,0.833,2.344,1
R240A,0.691,0.113569,2.01414,2.621,2.28416,-0.002,-0.016,-3.286,-3.04897e-08,-0.068,4.5,9.367,0.691,0.789,2.0,-4.06031,0.818,-0.0174643,435.0,2.10664,-10.655,35.0,0.0,-0.289,63.0,154.0,-68.033,1.83979,0.808,2.0,-0.698,1.5,-8.761,-0.001,0.657,1.03,2.165,0.861,1.106,1.225,0.818,-0.216973,0.733,1.0,-0.019,284.914,2.0,1.88,-3.246,2.0,1.111,-1.529,-3.68206,0.5,1.238,-0.0610779,5.86919e-13,2.0,150.0,-0.014,0.925,1.225,-28.0,3.60611,7.3,-4.38,-0.392,0.0,-686.951,0.0359996,0.866,-0.344021,0.0,0.872,0.808,2.165,1
Q19S,0.693,-0.000155849,0.00750352,-0.307,1.41415,-0.019,-0.006,-2.464,-0.00370246,0.197,4.3,10.839,0.69,0.731,2.0,-1.94908,0.804,-0.00405971,434.6,2.01113,-6.02,36.0,0.0,-1.909,63.0,150.1,-68.244,-0.800998,0.799,2.0,-0.642,1.7,-7.76,-0.038,1.397,0.944,2.088,0.866,1.152,1.19,0.804,0.735201,0.781,1.0,-0.279,284.437,2.0,-0.739,-1.981,2.0,1.159,-1.685,-1.25713,0.0,1.259,-0.071099,-1.13798e-15,2.0,148.2,-0.022,0.91,1.19,-27.0,-0.169542,5.2,-3.879,-0.486,0.0,-686.149,-1.31552,0.817,-0.269804,0.0,0.875,0.799,2.088,1
E154D,0.691,-0.0805492,0.0448311,-0.308,0.234769,-0.162,-0.002,-3.338,-3.36461e-08,-0.436,4.4,-0.343,0.692,0.824,2.0,-0.223414,0.9,-0.00257193,439.0,0.329147,1.183,36.0,0.0,0.006,63.0,149.7,-69.92,-0.0649717,0.892,2.0,-0.668,1.6,-9.142,0.002,0.054,0.889,2.139,0.884,1.097,1.216,0.9,-0.00161453,0.848,1.0,-0.001,286.358,2.0,-0.002,-0.223,2.0,1.072,-1.534,-0.0300258,0.0,1.271,-0.10936,-6.58668e-13,2.0,151.0,0.007,0.907,1.216,-27.0,-2.60336e-05,7.4,-4.57,-0.395,0.0,-687.617,-4.63441e-06,0.87,-0.335514,0.0,0.902,0.892,2.139,1
L171R,0.691,0.177683,-0.669322,-0.088,0.0505911,-0.001,0.0,-3.824,0.00715134,0.036,4.8,-2.172,0.686,0.815,2.0,0.494629,0.825,0.0224623,441.9,1.06878,6.668,37.0,0.0,-0.116,63.0,149.2,-71.706,1.44066,0.754,2.0,-0.768,1.2,-11.269,0.023,4.812,0.879,2.279,0.843,1.208,1.295,0.825,-0.00965011,0.815,1.0,0.006,285.872,2.0,-0.014,1.517,2.0,0.839,-1.545,0.640123,0.0,1.238,-0.0275817,0.0,2.0,152.1,0.038,0.951,1.295,-26.0,-0.600993,8.5,-5.635,-0.413,0.0,-689.313,0.00160884,0.911,0.257596,0.0,0.855,0.754,2.279,1
E177A,0.689,0.0670818,-0.153093,-0.09,0.444226,0.084,-0.004,-3.309,-0.00030603,0.178,4.3,2.276,0.689,0.779,2.0,-0.791909,0.898,-0.00367805,437.4,0.538097,-3.563,36.0,0.0,-0.049,62.0,151.1,-68.88,0.469362,0.859,2.0,-0.643,1.7,-9.206,-0.002,-1.221,1.027,2.165,0.874,1.098,1.212,0.898,-0.000129695,0.725,1.0,-0.003,286.028,2.0,0.014,-2.811,2.0,1.137,-1.55,-1.14233,0.0,1.267,-0.233185,0.0,2.0,152.0,0.013,0.907,1.212,-26.0,1.5011,7.3,-4.604,-0.417,0.0,-687.185,0.00445791,0.874,0.0058453,0.0,0.897,0.859,2.165,1
A192S,0.698,0.0,0.0,-1.665,-0.216078,0.106,0.0,-3.391,0.0,0.363,4.3,-1.609,0.69,0.873,2.0,0.924717,0.908,0.00835162,439.0,0.448348,4.246,36.0,0.0,0.072,63.0,150.6,-70.025,0.579432,0.922,2.0,-0.65,1.7,-9.245,0.022,0.531,0.851,2.213,0.889,1.106,1.217,0.908,0.00331715,0.835,1.0,0.006,289.323,2.0,-1.419,1.01,2.0,1.216,-1.551,0.529654,0.0,1.295,-0.0135624,0.0,2.0,150.2,0.006,0.902,1.217,-27.0,-0.642311,7.3,-4.621,-0.418,0.0,-665.701,-0.671854,0.87,0.195288,0.0,0.896,0.922,2.213,1
S331A,0.691,0.0,0.0479581,0.406,0.250694,-0.003,0.003,-3.231,-0.0067927,0.028,4.3,0.591,0.684,0.87,2.0,-1.28144,0.798,-0.00961225,436.7,-0.516448,-3.636,36.0,0.0,0.022,63.0,151.0,-69.733,-2.44408,0.764,2.0,-0.643,1.7,-8.848,-0.195,-1.712,0.998,2.129,0.787,1.141,1.196,0.798,-0.207219,0.845,1.0,-0.006,286.959,2.0,-0.094,0.563,2.0,1.229,-1.559,-0.535411,0.0,1.28,-0.00459447,0.0,2.0,150.7,0.001,0.905,1.196,-27.0,0.00900514,7.2,-4.423,-0.385,0.0,-688.546,0.00662281,0.894,-0.20143,0.0,0.827,0.764,2.129,1
H373R,0.701,0.20619,-0.643121,-2.277,-0.0372442,-0.002,-0.054,-3.192,-0.076038,-0.177,4.1,1.2,0.693,0.816,2.0,-0.285162,0.87,-0.0406124,438.7,-0.0510485,3.314,37.0,0.0,-0.351,63.0,151.2,-69.363,-0.665302,0.918,2.0,-0.559,1.9,-8.93,-0.003,-0.754,1.078,2.171,0.902,1.131,1.237,0.87,-6.0993e-06,0.817,1.0,0.0,288.337,2.0,-0.441,-1.254,2.0,1.267,-1.56,-0.448426,0.0,1.269,-0.0793585,-0.0248762,2.0,150.9,0.004,0.908,1.237,-26.0,1.0438,7.1,-4.465,-0.401,0.0,-640.671,-0.0655546,0.921,-0.2432,0.0,0.876,0.918,2.171,1
H379R,0.698,0.246587,0.181304,0.943,-1.04389,-0.076,0.015,-3.288,-0.156808,-0.111,4.3,-4.538,0.692,0.837,2.0,2.0175,0.829,0.151509,439.8,-0.389606,11.631,37.0,0.0,2.493,63.0,151.6,-70.361,2.47591,0.853,2.0,-0.638,1.7,-8.986,-0.025,8.902,1.064,2.279,0.876,1.116,1.292,0.829,1.43444,0.838,1.0,-0.554,286.987,2.0,0.019,-0.218,3.9,1.151,-1.407,1.06639,0.0,1.26,0.223167,6.07861e-13,2.0,150.6,0.036,0.909,1.292,-26.0,0.182128,7.2,-4.493,-0.391,0.0,-684.021,-0.826279,1.041,-0.387375,0.0,0.865,0.853,2.279,1
S17E,0.698,-0.158571,0.496397,1.192,-1.349,-0.531,0.045,-3.282,0.0011847,0.18,4.5,-10.373,0.69,0.781,2.0,4.49092,0.835,-0.11927,433.8,-1.75058,10.632,36.0,0.0,15.817,64.0,154.8,-67.33,11.2413,0.835,2.0,-0.672,1.5,-8.701,0.212,33.284,0.75,2.148,0.911,1.149,1.203,0.835,5.02314,0.806,1.0,-0.043,297.856,2.0,3.067,15.216,2.0,1.087,-1.535,0.788593,0.0,1.26,0.266954,6.59778e-13,2.0,149.0,-0.005,0.906,1.203,-28.0,3.94227,7.5,-4.351,-0.412,0.0,-670.227,0.0259648,0.925,-0.149724,0.0,0.923,0.835,2.148,1
W120F,0.69,0.0162344,-0.138406,-0.017,0.730099,0.195,-0.005,-3.075,-0.015438,0.148,4.0,7.001,0.686,0.86,2.0,-0.889319,0.892,-0.809397,435.3,0.497883,-5.577,36.0,0.0,3.503,63.0,153.1,-68.952,1.25086,0.882,2.0,-0.564,2.0,-8.325,-0.007,5.401,0.979,2.136,0.884,1.01,1.141,0.892,0.770534,0.849,1.0,0.736,284.102,2.0,-1.354,1.376,2.0,1.275,-1.559,-0.138587,0.0,1.115,0.16718,6.58668e-13,2.0,150.0,0.016,0.903,1.141,-27.0,0.575228,6.8,-4.164,-0.425,0.0,-685.969,0.575624,0.855,0.0764081,0.0,0.904,0.882,2.136,1
C167Q,0.696,0.0,0.0280417,-0.398,-0.627786,-0.073,0.013,-3.044,0.00538783,-0.402,4.2,-7.74,0.695,0.804,2.1,1.47519,0.87,0.019183,437.3,-0.731152,5.528,36.0,0.0,5.841,63.0,155.2,-69.094,0.763117,0.857,1.9,-0.485,1.8,-8.999,-0.004,5.867,1.078,2.181,0.851,1.189,1.291,0.87,0.253984,0.798,1.0,0.007,290.277,2.1,-0.526,5.557,2.0,1.577,-1.568,0.492305,0.0,1.438,-0.00903062,0.0,1.9,150.3,0.025,0.911,1.291,-27.0,0.334363,7.1,-4.501,-0.411,0.0,-682.816,1.49498e-11,0.862,-0.4864,0.0,0.859,0.857,2.181,1
Y294A,0.694,-0.0129696,5.07874e-05,0.736,3.02493,-0.033,-0.044,-3.554,-0.0151801,0.021,4.6,18.14,0.687,0.87,2.0,-3.74666,0.888,-0.0559216,439.5,3.74397,-8.682,36.0,0.0,-1.26,63.0,145.9,-70.651,1.02341,0.892,2.0,-0.698,1.4,-9.519,-0.196,6.163,1.036,2.221,0.811,1.029,1.21,0.888,-0.517022,0.879,1.0,0.004,284.029,2.0,-0.405,-2.688,2.0,1.123,-0.972,-0.865615,0.0,1.308,-0.29183,-4.20872e-13,2.0,148.1,-0.042,0.902,1.21,-27.0,-0.218849,7.6,-4.76,-0.476,0.0,-686.222,-0.28023,0.68,-0.0331001,0.0,0.869,0.892,2.221,1
Q313R,0.691,-0.0266024,-1.66442,-0.702,0.0294357,0.053,0.006,-3.392,-3.17657e-08,0.034,4.5,-1.249,0.688,0.839,2.0,-0.579458,0.79,0.0731907,440.5,0.0716597,2.73,37.0,0.0,0.093,63.0,151.7,-71.143,1.06377,0.773,2.0,-0.685,1.5,-9.142,-0.016,1.615,0.959,2.2,0.828,1.094,1.266,0.79,0.543878,0.844,1.0,-0.034,286.503,2.0,-0.688,0.215,2.0,1.039,-1.509,-0.262173,0.0,1.247,-0.00470772,5.76539e-13,2.0,150.5,-0.022,0.904,1.266,-26.0,2.79326,7.4,-4.572,-0.401,0.0,-689.773,-0.0146414,0.906,0.0996294,0.0,0.842,0.773,2.2,1
E406D,0.695,0.0237858,-0.104985,0.419,0.416341,-0.197,0.001,-2.817,0.0,-0.443,4.3,3.807,0.691,0.866,2.0,0.239273,0.824,-0.107538,435.8,0.773565,-2.164,36.0,0.0,-0.349,63.0,148.7,-67.629,0.283899,0.851,2.0,-0.601,1.7,-7.6,0.003,1.445,0.951,2.156,0.888,0.997,1.212,0.824,0.043181,0.864,1.0,0.048,284.91,2.0,1.293,-1.291,2.0,1.152,-1.55,-0.529228,0.0,1.241,-0.0118121,0.0,2.0,148.9,-0.014,0.904,1.212,-27.0,0.00736539,6.2,-3.8,-0.407,0.0,-685.842,0.0,0.822,-0.47786,0.0,0.897,0.851,2.156,1
I244E,0.688,0.230692,-0.683821,-0.367,0.695632,0.032,-0.013,-3.272,0.448435,0.315,4.4,-2.134,0.691,0.881,2.0,1.33648,0.888,-0.162256,437.7,1.74351,8.207,36.0,0.0,-0.1,64.0,153.2,-69.745,2.85648,0.884,2.0,-0.659,1.6,-8.779,0.042,5.133,0.964,2.157,0.873,1.155,1.241,0.888,-0.0743099,0.859,1.0,-0.011,286.135,2.0,-0.988,3.228,2.0,1.297,-1.537,-0.00777537,0.0,1.302,-0.0734866,-5.34794e-13,2.0,151.8,-0.036,0.906,1.241,-28.0,-0.19316,7.3,-4.39,-0.395,0.0,-684.794,-0.150997,0.911,-0.325952,0.0,0.856,0.884,2.157,1
N163D,0.687,-0.0732529,-1.70576,-3.618,0.130789,-0.049,0.016,-2.863,0.586351,-0.099,4.0,0.783,0.686,0.855,2.0,2.50882,0.871,0.0706805,438.7,0.01875,3.907,36.0,0.0,0.428,64.0,150.6,-69.281,2.54481,0.842,2.0,-0.544,2.0,-8.341,-0.003,-0.559,0.864,2.119,0.881,1.173,1.211,0.871,-0.135535,0.848,1.0,0.002,286.577,2.0,-1.295,-0.165,2.0,1.595,-1.48,-0.168499,0.0,1.285,9.53987e-08,5.78759e-13,2.0,151.3,-0.028,0.902,1.211,-28.0,1.36936,6.1,-4.169,-0.402,0.0,-690.437,0.00537012,0.868,-0.0622686,0.0,0.879,0.842,2.119,1
S400A,0.697,-2.37404e-07,0.000100206,0.622,0.325253,-0.155,-0.003,-3.215,-3.39143e-08,2.896,4.4,1.306,0.691,0.853,2.0,-1.39143,0.846,-0.0363143,439.1,-0.401403,-4.328,36.0,0.0,-0.065,63.0,148.9,-69.446,-1.49141,0.837,2.0,-0.638,1.6,-8.862,0.0,0.142,0.897,2.154,0.873,1.112,1.189,0.846,0.342037,0.825,1.0,0.025,287.061,2.0,0.0,-0.719,2.0,1.051,-1.506,-0.5298,0.0,1.241,-0.0106863,-5.26121e-13,2.0,151.4,-0.046,0.908,1.189,-27.0,0.207199,7.1,-4.43,-0.404,0.0,-687.802,0.20255,0.868,-0.209598,0.0,0.892,0.837,2.154,1
G12N,0.698,0.0,0.0,0.841,-1.51924,0.031,1.261,-3.279,0.00446247,0.304,4.1,-14.242,0.693,0.687,2.0,3.43704,0.858,0.0151592,437.0,-1.41223,9.982,36.0,0.0,112.535,63.0,152.2,-68.877,20.2607,0.864,2.0,-0.589,1.9,-9.041,0.029,135.984,0.889,2.139,0.903,1.066,1.244,0.858,19.3052,0.723,1.0,-0.021,312.433,2.0,0.041,26.597,2.0,1.184,-1.522,0.691956,0.0,1.254,0.0986418,0.0,2.0,146.3,-0.01,0.905,1.244,-27.0,-0.0462386,7.0,-4.521,-0.409,0.0,-640.852,-0.276181,0.919,0.0608,0.0,0.9,0.864,2.139,0
Q19P,0.697,0.000136233,-0.020013,0.531,0.920296,0.153,-0.009,-2.335,-0.00357491,0.377,4.3,6.879,0.692,0.759,2.0,-2.39019,0.818,0.205959,434.8,0.241602,-8.813,36.0,0.0,6.235,63.0,150.6,-67.962,-0.655497,0.79,2.0,-0.627,1.7,-7.613,0.001,7.7,0.932,2.119,0.906,1.148,1.193,0.818,0.357711,0.747,1.0,0.018,287.804,2.0,0.187,-2.34,2.0,1.109,-1.727,-1.63108,0.0,1.267,-2.39676,1.13798e-15,2.0,149.0,3.214,0.907,1.193,-27.0,1.89484,5.1,-3.808,-0.487,0.0,-686.926,0.521876,0.807,-0.753064,0.0,0.9,0.79,2.119,0
N163E,0.698,-0.0709653,-0.535472,-3.361,-0.409738,0.124,0.011,-3.006,0.660299,0.067,4.0,-2.589,0.696,0.804,2.0,3.19767,0.888,0.372527,437.8,-0.816202,6.577,36.0,0.0,1.328,64.0,151.5,-68.793,6.33574,0.88,2.0,-0.535,2.0,-8.569,-0.006,1.734,0.912,2.149,0.905,1.132,1.239,0.888,0.145807,0.824,1.0,0.009,286.862,2.0,-1.261,1.646,2.0,1.055,-1.566,0.70811,0.0,1.193,0.0142138,5.78759e-13,2.0,151.1,-0.04,0.906,1.239,-28.0,2.89795,6.9,-4.284,-0.394,0.0,-687.914,-0.0295373,0.877,0.215292,0.0,0.893,0.88,2.149,0
N293K,0.693,0.09832,-2.4389,-0.006,-0.658815,-0.229,0.002,-2.79,-3.38016e-05,-0.263,2.8,-1.72,0.69,0.836,2.7,1.30126,0.852,0.152491,433.3,-1.55092,1.871,37.0,0.0,1.094,62.3,155.2,-68.101,3.41507,0.807,1.4,-0.254,1.2,-6.187,-0.034,3.766,1.031,1.712,0.762,1.117,1.13,0.852,3.6077,0.843,0.7,0.008,295.865,2.7,1.181,1.028,1.3,0.86,-1.205,1.14587,0.6,1.418,-0.017904,5.75526e-13,1.4,147.4,0.001,0.925,1.13,-25.3,1.78911,6.3,-3.092,-0.102,-0.025,-704.435,-0.0322037,0.896,0.00119011,-0.025,0.846,0.807,1.712,0
T296E,0.698,-0.0388347,0.811188,0.75,-0.512448,0.127,-0.004,-3.225,3.17657e-08,0.163,4.2,-4.138,0.693,0.914,2.0,1.41742,0.833,-0.224384,437.2,-0.618935,5.007,36.0,0.0,0.283,64.0,151.8,-69.464,0.816654,0.846,2.0,-0.606,1.8,-8.962,0.006,7.126,1.084,2.187,0.9,1.133,1.236,0.833,-0.304614,0.907,1.0,0.807,287.088,2.0,-0.27,6.536,2.0,1.272,-1.459,0.72781,0.0,1.282,0.0570509,-5.78315e-13,2.0,149.4,0.021,0.909,1.236,-28.0,-0.203142,7.2,-4.481,-0.397,0.0,-685.529,-0.206811,0.886,-0.0305996,0.0,0.874,0.846,2.187,0
F343S,0.696,0.0,0.428415,0.28,1.81463,-0.035,-0.031,-3.282,0.0,1.489,4.3,11.247,0.694,0.853,2.0,-0.894429,0.804,0.16951,438.2,3.47577,-1.669,36.0,0.0,-0.264,63.0,151.0,-69.717,4.10611,0.826,2.0,-0.627,1.7,-9.201,-0.014,7.947,0.891,2.247,0.791,1.106,1.225,0.804,0.853612,0.793,1.0,0.001,285.094,2.0,0.004,-2.629,2.0,1.143,-1.535,-0.251459,0.0,1.265,-0.268314,0.0,2.0,150.3,0.023,0.904,1.225,-27.0,-0.91484,7.2,-4.602,-0.4,0.0,-683.091,-0.556687,0.871,-0.018406,0.0,0.818,0.826,2.247,0
W407K,0.689,0.0660665,-0.650233,1.009,1.22107,0.213,-0.024,-1.999,0.00838053,0.123,4.0,13.141,0.686,0.846,2.0,0.881744,0.84,-0.0412244,435.2,1.93763,3.162,37.0,0.0,-0.851,63.0,151.9,-67.156,3.77748,0.869,2.0,-0.544,2.0,-6.94,0.004,14.237,0.913,2.07,0.947,0.944,1.166,0.84,-0.167,0.832,1.0,-0.013,284.506,2.0,0.02,-0.966,2.0,1.376,-1.741,0.583732,0.0,1.347,-0.191198,0.0,2.0,148.9,0.011,0.91,1.166,-26.0,0.012808,5.1,-3.47,-0.51,0.0,-678.405,0.000981278,0.769,-0.0764702,0.0,0.911,0.869,2.07,0
