mutant,total energy,Backbone Hbond,Sidechain Hbond,Van der Waals,Electrostatics,Solvation Polar,Solvation Hydrophobic,Van der Waals clashes,entropy sidechain,entropy mainchain,torsional clash,backbone clash,helix dipole,electrostatic kon,energy Ionisation,expression
Q19C,-0.453847,-0.47018,1.48603,1.02648,-0.0314968,-2.17362,0.899536,-0.556055,-0.889221,0.110928,0.151802,-0.0858175,-0.000233172,-1.13798e-15,-0.00781143,1
W399G,-0.768749,0.433193,-0.599775,4.06339,-0.238521,-5.37432,4.89199,-2.8526,-0.833532,0.160572,-0.419974,-0.119503,0.00900137,-5.32074e-13,-0.00817658,1
W399S,-0.291889,0.285114,-1.43331,3.20783,-0.0390961,-3.77196,4.26878,-1.71157,-0.34718,-0.384342,-0.361157,-0.0906209,0.00311669,-5.34017e-13,-0.00811498,1
S16A,0.158694,0.000151578,1.08359,0.220776,0.01255,-0.674269,-0.39339,0.0731695,-0.529654,0.369912,-0.000374195,0.0335868,0.0,0.0,-0.00376506,1
W325H,2.70737,0.0,0.0,0.934871,-0.00949771,0.104212,1.74241,-0.0171693,-0.265067,0.167801,0.00103309,0.120392,0.0,0.0,0.0487825,1
S16N,-0.0687956,-0.220216,-1.37809,-1.05941,-0.00629779,1.88811,-1.19209,1.07892,0.159774,0.816988,-0.171517,0.271667,7.53026e-05,5.78759e-13,0.0149613,0
H178R,1.52536,0.867099,0.874144,-0.377805,-0.21914,-0.233432,-0.12555,0.293332,0.972346,-0.114,0.0989808,0.0602706,0.0350596,0.0,-0.54567,0
N293D,5.03812,0.0140831,1.22042,0.210026,1.6244,1.51909,0.0731216,0.805685,-0.170862,-0.148793,-0.0149822,2.27374e-13,-0.094064,0.0,0.0,1
N293Q,4.52228,0.0124999,1.08427,-0.526347,0.0236516,0.586828,-0.815051,3.05929,1.03365,0.0215402,0.0419436,-1.7053e-13,0.0,0.0,0.0,1
W399R,-2.91682,0.0324554,-2.86143,0.689907,-1.51654,0.812813,2.18235,-3.15768,0.949039,-0.227042,0.132221,-0.0105104,0.0503691,0.0,-0.00328004,1
W120A,1.83713,0.62861,0.624902,3.1245,0.0246301,-2.90038,4.08204,-0.49546,-1.01845,-0.79723,-1.28913,-0.507392,0.0,0.0,-0.146893,0
R240D,4.0342,0.00958648,3.06756,1.53834,2.65715,-1.70793,1.59778,-0.146332,-3.13079,-0.0366898,-0.0588867,0.0933522,0.244414,5.86919e-13,-3.04897e-08,1
N293A,1.18221,0.066575,3.28734,1.15563,0.0095127,-2.92139,0.566258,-0.657575,-0.691956,0.414368,-0.0465613,-0.0841037,0.0,0.0,0.0,1
W399C,-1.96733,0.552558,-0.696966,2.79722,0.0299175,-3.98301,3.30535,-3.40296,-0.0543836,-0.141236,-0.36749,-0.123065,0.00170818,-5.31297e-13,-0.00802674,1
Q19A,-0.134908,0.102063,1.43813,1.72791,-0.00671395,-2.47748,1.6396,-0.115286,-1.94589,-0.490085,-0.00392916,-0.198097,0.0,0.0,-0.00321446,1
H315E,0.0725009,0.0,0.0,0.178168,0.195332,-0.291655,0.198636,7.10543e-15,-0.108071,-0.0511267,-7.10543e-15,-0.00361111,0.0,0.0,-0.0487825,1
H119N,-1.10014,-0.356506,-0.951234,0.988424,0.0655253,-1.09547,1.27484,-0.867678,-0.154146,0.0995747,0.0458574,-0.0487914,1.65434e-07,5.86919e-13,-0.149337,1
Y294F,-0.643719,0.297594,0.324947,0.242385,-0.000788222,-0.731633,-0.141183,0.00727365,-0.0939779,-0.530765,-0.0164075,-0.0194864,-0.000796164,0.0,-0.000367692,1
W325L,0.577604,-0.0344841,0.0,0.667437,-0.00981348,-0.319507,0.759685,-0.0122747,-0.144957,-0.351428,0.0229473,0.324493,0.0,0.0,0.0,1
W399A,-0.95162,0.714315,0.512233,3.41027,-0.0352085,-4.56206,3.85626,-2.82996,-0.872659,-0.354432,-0.785236,-0.0948866,0.00266819,-5.31103e-13,-0.00780682,0
E164G,0.973206,0.0255,2.67305,1.48669,-0.674318,-2.63941,2.03961,-0.255696,-1.51578,0.245052,-0.667731,-0.0255382,0.256234,-9.53404e-14,-3.36474e-08,0
Y295G,3.82661,0.145603,1.85903,3.0509,0.127343,-3.2763,3.82401,-0.267244,-1.43845,-0.1175,-0.0827147,-0.218365,0.00188479,6.58334e-13,4.42323e-05,1
E164A,1.19515,0.0203685,2.68129,1.1157,-0.672151,-2.52349,1.29827,0.452694,-1.48016,0.281931,-0.235085,-0.018095,0.255827,-9.53404e-14,-5.34199e-05,1
E164R,0.894083,0.00935323,2.12884,-0.878326,-1.87935,0.854486,-0.460671,0.385104,0.424775,-0.176175,0.0605035,-0.00630819,0.425284,-9.53404e-14,0.000256127,1
E353A,-0.556454,0.0673611,1.8436,1.28055,0.137193,-2.77057,1.32711,-1.06037,-1.40954,0.00829799,-0.0400564,-0.0224579,0.0629571,0.0,-0.00298809,1
Y295A,3.62173,0.114968,1.83463,2.59698,0.285569,-2.73574,3.24417,-1.2365,-1.40935,0.484736,0.441971,-0.0478735,0.00342044,6.58612e-13,-0.00313001,1
W407A,3.65209,0.106211,0.0,2.99529,-0.0118743,-2.14413,4.24437,-0.48407,-0.892233,-0.115831,-0.0471927,-0.31859,0.0,0.0,0.00155744,0
W325R,1.22312,0.0,-1.263,0.469852,-0.47413,0.285763,1.24317,0.0139311,0.813457,-0.0355719,0.074742,-0.0265326,0.0949141,0.0,0.0,0
E222Y,1.74436,-0.148699,1.26137,-0.547755,1.57847,-0.840319,-1.12174,2.31547,-0.663145,-0.0117321,-0.0152234,0.34485,-0.0623304,5.92415e-13,1.43281e-08,0
R76A,3.1047,0.92793,2.53735,2.76797,1.59687,-4.74508,1.9716,-0.125356,-1.82764,0.1292,-0.0540685,-0.02213,-0.0563631,0.0,-0.0177196,0
P329N,2.45091,-0.534061,-0.434314,-0.0185739,1.42656e-08,0.921686,0.584726,-0.103176,0.4156,1.60882,0.0228567,1.1585,-1.8737e-10,-2.61902e-13,-0.0126494,0
W407Q,4.47309,0.000981277,0.0,1.62248,-0.00669839,-0.0799414,2.85697,-0.264289,0.419537,-0.115831,0.0333577,-0.232564,0.0,0.0,0.00651844,0
W407R,1.4515,0.501446,-2.11506,1.44791,-1.75763,0.414496,2.90727,-0.212423,1.33238,-0.182639,-1.02615,-0.325764,0.129636,5.78759e-13,0.0122503,0
W34A,3.83212,0.00146832,-0.0293474,3.19891,0.0616342,-2.18189,4.97027,-0.524559,-0.834974,-0.768871,-0.0017902,-0.216023,0.0,0.0,-0.0587417,0
W407G,2.90113,-0.10494,-0.234461,3.43685,-0.678213,-1.98189,4.95628,-1.11319,-0.794674,-0.929508,-0.160024,-0.634632,0.164691,5.78759e-13,0.340214,0
H119E,2.2805,-0.620183,-0.494238,0.425901,0.0330274,1.64274,0.325639,-0.167946,0.473064,0.287394,0.0690073,0.0599901,-0.00132582,5.86919e-13,0.307424,0
F415A,2.94548,0.0927067,-1.10216,2.37903,0.385307,-1.5608,3.59076,-0.12861,-0.543375,-0.173661,-0.0165749,-0.188874,0.0228621,5.89029e-13,-7.94217e-09,1
H379T,2.19353,0.200771,0.131774,1.33765,2.64251e-08,-1.60061,1.49419,2.98593,-0.336633,-0.456313,-1.40063,0.0155213,1.22865e-07,6.36005e-13,-0.162608,0
F415N,3.27845,0.0805378,-1.35523,1.4645,0.317912,0.0525765,2.90861,-0.0855823,0.290101,-0.441302,0.0446452,-0.106266,0.00168139,5.87808e-13,-3.00235e-08,1
D403A,2.14815,0.890058,2.34486,1.26851,2.92185,-4.50789,0.639688,-0.215895,-0.774469,-0.290658,-0.125602,-0.0675558,0.0499198,5.74318e-13,-0.0522208,0
R240E,3.65867,-0.0295342,1.82716,0.938085,2.75187,-0.926184,0.57564,-0.385358,-1.20426,-0.136905,-0.00149164,-0.00399517,0.249646,5.86919e-13,-3.04897e-08,0
M221A,4.03946,0.0698979,2.84217e-14,2.1467,2.98428e-13,-0.740858,3.89608,-0.0564112,-1.42135,0.158748,-0.0133376,-0.0408389,0.0,0.0,0.0,0
E222R,0.661425,-0.00451558,0.463241,0.228875,1.33533,-1.44315,0.327931,-0.184399,0.091695,-0.252225,0.0871418,0.0521152,0.0114913,5.9297e-13,1.43281e-08,0
F72H,3.61368,-0.21974,-0.281458,0.438843,-0.0387377,1.47069,1.68684,0.22386,0.0939779,0.0836,-0.00679914,0.0257908,0.0,0.0,0.162608,0
I244N,1.59865,-0.0888859,-0.853333,0.847205,0.238336,-0.216585,2.24306,-0.052548,-0.269093,-0.117801,-0.131713,-0.0417866,-1.08702e-07,5.34794e-13,4.76416e-08,0
G355A,2.91624,-0.0585224,-0.00683013,-0.638482,0.0,0.532989,-1.12593,2.74327,0.0,1.44784,0.0219006,0.0356822,0.0,0.0,0.0,0
M323K,2.15683,-0.0120271,-0.687553,0.0813299,-1.17904,2.56935,0.645848,0.0152478,0.974901,-0.390566,0.115585,0.129792,0.0237535,-1.13798e-15,5.46335e-09,0
Y166P,3.02818,0.0213746,0.0222192,1.83281,-0.0126164,-1.44423,2.63441,2.86945,-0.970972,-1.77921,-0.122188,-1.4322,-0.0228674,5.94635e-13,1.43281e-08,0
H315N,-0.212174,0.806364,0.806364,0.194517,0.237669,-0.356806,0.159247,-1.42109e-14,-0.916256,-0.911689,0.0215979,-0.00326398,0.0,0.0,-0.253182,0
T296A,-0.613758,0.399297,0.390415,0.605594,0.0224446,-1.06303,0.505222,-0.179527,-0.521094,-0.629242,-0.143835,-0.118973,0.0,0.0,0.0,0
W325G,3.61683,-0.000742445,0.0870714,2.38016,-0.0097846,-1.61102,3.70664,-0.0592673,-0.963973,0.0911544,-0.00341413,-0.501622,0.0,0.0,0.0,0
Y18A,2.23535,0.450948,0.530953,2.35954,0.549246,-2.59063,2.90441,-0.089989,-0.941669,-0.906218,-0.0235835,-0.769969,-0.00766545,0.0,0.0,1
S32L,6.29355,0.187609,-0.0123009,-1.53119,-0.27771,1.24531,-3.58402,9.63376,0.441793,0.177065,0.0132493,0.127041,0.0,0.0,0.0,0
D121F,4.81497,0.683995,2.00807,-1.66307,0.158278,-0.0124069,-2.84331,5.30626,0.231189,0.647583,0.128821,0.754663,0.156672,5.86919e-13,0.0128825,0
N163K,2.74202,-0.441061,3.36387,-0.872174,-2.95679,2.73197,-1.58774,2.13049,1.20215,0.129091,-1.04835,0.0457521,0.0760281,5.78759e-13,0.0145188,0
A236E,7.33735,-0.0897561,0.0,-1.35837,-0.299969,3.91238,-1.22238,2.74629,1.40683,0.281777,2.07843,0.154242,-0.117888,0.0,0.0,0
A249E,5.721,0.108724,0.272629,-1.4511,-0.426604,4.30961,-1.50974,2.63859,1.37769,0.216067,0.127117,0.0873159,0.0580073,5.92415e-13,-1.20652e-08,0
Y294L,0.754168,-0.375713,-0.428684,0.975373,-0.0781239,-1.37159,0.646374,0.451216,0.0956733,-0.000262518,0.850339,-0.0935676,0.00476715,-4.21538e-13,-0.0151965,0
W407Y,2.37358,0.000981278,-1.01898,0.965533,-0.490136,0.356149,1.79904,0.428766,0.1697,-0.115831,0.278464,-0.204545,0.0,0.0,-0.000108095,0
T15A,0.445265,0.128514,1.03192,0.748884,0.00179226,-1.31838,0.868099,-0.101541,-0.521094,-0.398801,0.00588995,-0.0399339,1.94615e-07,6.59778e-13,-1.96298e-05,1
T218A,1.75799,0.0931502,2.07862,0.736784,0.0183155,-1.6574,0.636915,-0.110401,-0.521094,0.886056,-0.40295,-0.0352436,0.0,0.0,0.0,1
E222H,1.9765,-0.620659,1.37975,-0.0761602,1.47496,-0.543905,-0.0751303,0.790243,-0.670149,0.233435,0.0122748,0.254726,-0.0561776,5.93858e-13,0.128026,1
T352A,1.70823,0.0341657,2.17135,0.754765,0.0371324,-1.25814,0.791267,-0.00572507,-0.521094,-0.2736,-0.0218903,-0.0657743,0.0,0.0,0.0,1
W120H,1.43141,0.577732,0.188576,1.21298,0.038323,-0.136521,2.03359,-0.175734,-0.0975615,-1.0535,-1.14456,0.0904394,-1.77636e-15,0.0,-0.011907,1
R240K,0.290837,-0.00654251,0.768397,0.631812,0.653011,-0.813448,-0.222529,-0.140293,-0.517981,-0.121818,-0.00610788,-0.00342015,0.0663361,5.86919e-13,-3.04896e-08,1
S298E,4.30226,0.0211855,2.53075,-0.478869,1.78989,1.32096,-1.05601,-0.0724926,-0.1087,0.190249,0.236046,0.106156,-0.0707529,5.94635e-13,1.43281e-08,1
N163C,1.95866,-0.000577341,2.5281,0.421256,-0.0106976,-1.77483,0.0306623,0.282073,0.269094,0.277696,-0.0552988,9.53987e-08,8.91232e-08,5.78759e-13,-0.0088222,1
E222K,0.314014,-0.0290714,0.563756,0.216141,1.37135,-1.3877,-0.221297,-0.00346787,0.114833,-0.256187,-0.0279715,0.228239,-0.02637,5.93636e-13,1.43281e-08,1
E222Q,0.3065,-0.00321975,-0.364691,0.428145,1.51434,-1.76405,0.472594,-0.0306922,0.330195,-0.22009,0.00758186,0.0543471,-0.063617,5.93081e-13,1.43281e-08,1
E406A,-1.55639,0.0,0.0079992,1.12843,-0.0563506,-2.63488,1.28825,-0.0893698,-1.05374,-0.177586,-0.0127761,-0.0900845,0.0436523,0.0,0.0,1
N220A,0.813346,0.0207528,1.7205,0.709636,-0.043592,-1.61966,0.498116,-0.056655,-0.705953,0.313532,-0.0233323,-0.0255248,0.0,0.0,0.0,1
E222A,0.85735,0.0209434,1.86335,1.5104,1.47761,-3.41552,1.44611,-0.229572,-1.59346,-0.14741,-0.0189273,-0.00318589,-0.0561776,5.94524e-13,1.43281e-08,1
W325A,2.79963,0.0,0.0536635,1.8372,-0.00822472,-0.958024,2.86569,-0.0207168,-0.947444,-0.0227291,0.000215791,-0.231992,0.0,0.0,0.0,1
T175R,0.333996,0.508859,1.89817,0.00565909,-0.288108,-0.957133,-0.331523,-0.0236135,-0.58825,-0.0475808,0.0604296,-0.264348,0.0866894,-1.4963e-13,0.0103946,1
E177L,-0.0600955,-0.000130225,1.29953,-0.09279,-0.149458,-0.307353,-0.284264,0.000358516,-0.596998,-0.106656,0.0846143,-0.118161,0.0690522,0.0,0.0240012,1
I300N,3.49644,-0.372818,-0.456532,0.649229,0.064172,1.21482,2.46475,0.0733787,-0.269094,0.151006,-0.0224714,0.0248874,0.0,0.0,0.0,1
N220R,-0.240715,0.0100655,1.07609,-0.867469,-2.3485,1.12483,-0.91465,0.0268761,1.21885,0.202346,0.0956661,0.00598429,0.135179,0.0,0.0,1
N220Y,-2.80276,-0.0918876,0.194328,-1.16527,-0.353232,0.541184,-1.95377,-0.139936,0.148338,0.186725,-0.174003,0.083807,0.00476096,-5.29146e-13,-3.43448e-08,1
N293C,0.965851,-0.0244288,2.9938,0.477909,0.0530978,-2.15275,-0.063942,-0.513506,0.155709,0.0787199,-0.0387574,-0.0160112,0.0,0.0,0.0,1
L362M,0.16552,0.0,0.0,-0.454197,0.0,0.307945,-0.402025,0.0284019,0.278788,0.412687,0.00190262,0.0807933,0.0,0.0,-0.0079837,1
W409Y,0.0757028,-9.60654e-12,0.0,0.43933,0.056183,-0.707509,0.508894,-0.0301427,0.0211036,-0.211799,-0.000356401,-0.221505,0.0,0.0,-4.44089e-16,1
S14A,1.67873,0.0265642,2.92996,0.235072,0.0185832,-0.771932,-0.55403,-0.0751037,-0.529654,0.4028,-0.000289307,0.0,0.0,0.0,-0.00323989,1
S17A,0.358454,-0.0659081,2.82269,0.258702,-0.0421971,-0.935709,-0.330105,-0.078889,-0.529611,-0.720625,-0.00231169,-0.0819257,-0.0174103,6.59778e-13,-0.000171502,1
H119A,-0.77926,-0.318515,0.55345,2.01593,0.101818,-2.93157,1.90901,-1.03046,-0.846422,0.135755,-0.224824,-0.180137,1.52671e-07,5.86919e-13,-0.143446,1
N163A,2.243,0.0171621,3.20417,1.05753,0.0385528,-2.28185,0.547301,-0.272132,-0.691956,0.711041,-0.0686321,0.0177623,8.91231e-08,5.78759e-13,-0.0181869,1
N354A,2.32663,0.613381,2.0755,1.35175,0.0,-1.97428,1.02256,0.01872,-0.691956,-0.00671183,-0.0674192,-0.0476696,0.0,0.0,-0.0149155,1
N404A,-1.16929,0.0702932,0.0564155,1.20611,-0.00476889,-2.80913,0.73803,-0.191771,-0.730967,0.540786,-0.0442942,-0.023297,0.0,0.0,0.0,1
I91E,0.876399,0.0,0.0,0.394682,0.0852039,-0.0712598,0.813098,-0.0148963,-0.247058,0.0,-0.0580846,-0.0925522,-0.0252858,0.0,0.0,1
E177K,-0.129697,0.00620802,1.43218,-0.0628958,-0.26088,-0.409696,-0.220603,0.00116926,-0.602726,-0.114476,0.00609623,-0.218996,0.076917,0.0,0.0190108,1
N220H,0.381533,-0.0772629,0.300852,-0.642951,0.0141109,0.758159,-0.856591,0.373001,0.158552,0.251439,0.00426861,0.0863301,-1.12607e-07,5.28064e-13,0.0979556,1
C167A,-0.16389,-0.00502756,0.335711,0.551626,-0.033799,-0.178377,0.620466,0.128888,-0.856952,-0.711886,-0.0145401,-0.0287712,0.0,0.0,0.0,1
L171A,1.80734,-0.17232,-0.240424,1.27117,-0.679258,-0.0899741,2.25512,-0.0460904,-1.11655,0.216,-0.0946202,-0.0687528,0.163926,5.86919e-13,0.340356,1
M323A,2.95916,0.0150924,-0.000155575,2.19211,-0.109322,-1.00162,3.48794,-0.0620155,-1.46432,-0.238036,0.136925,-0.151134,0.00255134,-1.13798e-15,5.46335e-09,1
V52G,-1.54336,0.0168031,0.00329545,0.654275,0.0907485,-1.14696,0.800361,-1.69571,-0.24832,-0.00545376,-0.0124053,-0.520751,0.0,0.0,0.0,1
H101R,0.210647,0.93049,0.879,0.0456584,0.0123789,-0.764776,-0.14904,-0.000251486,-0.318394,-0.266,0.063777,-0.0675411,0.0309869,0.0,-0.253182,1
W325C,2.37614,-0.0193632,-0.152959,1.40607,-0.0112506,-0.729851,2.37989,-0.0393781,-0.336094,-0.271028,0.150109,0.0575877,0.0,0.0,0.0,1
K341A,0.0675356,0.050297,0.0,0.476,0.0311362,-0.552995,0.609575,-0.0575127,-0.288466,-0.19,-0.0108852,-0.429243,0.000385885,0.0,0.0,1
M358T,1.3903,0.0989018,-0.579454,1.23148,-0.0559824,-0.137278,2.21031,-0.0256399,-0.612274,-0.75245,0.0126847,-0.60189,0.0,0.0,0.0,1
N404C,-1.21039,0.289442,1.22494,0.494049,-0.00165071,-1.89408,0.0931719,-1.68165,0.0424693,0.180568,0.0423361,-0.0152766,8.79662e-08,5.86919e-13,-3.04813e-08,1
M261D,5.1675,0.187135,0.000619993,1.09466,-0.119393,2.29114,2.41585,0.0850102,-0.796319,-0.0684,-0.143034,-0.146608,0.220233,-6.58668e-13,-3.36461e-08,0
E423S,0.32073,0.570121,0.570121,0.378377,0.0722626,-0.675238,0.474551,-0.000322109,-0.730522,-0.311487,-0.0271337,-0.206381,0.0,0.0,0.0,1
H178A,1.89054,0.92351,0.867946,1.49288,0.786153,-2.3216,1.95597,-0.123133,-1.13581,0.162074,-0.00364253,-0.114518,-0.165996,0.0,-0.547815,1
N220G,0.596339,-1.23111,2.24656,1.07188,-0.875966,-1.72483,1.17094,-0.125499,-0.6951,1.06404,0.255148,-0.0182745,-0.559717,-5.2798e-13,-9.22391e-06,1
R240A,1.83979,0.0359996,3.60611,2.28416,2.01414,-4.06031,2.10664,-0.216973,-3.68206,-0.344021,-0.0174643,-0.0610779,0.113569,5.86919e-13,-3.04897e-08,1
Q19S,-0.800998,-1.31552,-0.169542,1.41415,0.00750352,-1.94908,2.01113,0.735201,-1.25713,-0.269804,-0.00405971,-0.071099,-0.000155849,-1.13798e-15,-0.00370246,1
E154D,-0.0649717,-4.63441e-06,-2.60336e-05,0.234769,0.0448311,-0.223414,0.329147,-0.00161453,-0.0300258,-0.335514,-0.00257193,-0.10936,-0.0805492,-6.58668e-13,-3.36461e-08,1
L171R,1.44066,0.00160884,-0.600993,0.0505911,-0.669322,0.494629,1.06878,-0.00965011,0.640123,0.257596,0.0224623,-0.0275817,0.177683,0.0,0.00715134,1
E177A,0.469362,0.00445791,1.5011,0.444226,-0.153093,-0.791909,0.538097,-0.000129695,-1.14233,0.0058453,-0.00367805,-0.233185,0.0670818,0.0,-0.00030603,1
A192S,0.579432,-0.671854,-0.642311,-0.216078,0.0,0.924717,0.448348,0.00331715,0.529654,0.195288,0.00835162,-0.0135624,0.0,0.0,0.0,1
S331A,-2.44408,0.00662281,0.00900514,0.250694,0.0479581,-1.28144,-0.516448,-0.207219,-0.535411,-0.20143,-0.00961225,-0.00459447,0.0,0.0,-0.0067927,1
H373R,-0.665302,-0.0655546,1.0438,-0.0372442,-0.643121,-0.285162,-0.0510485,-6.0993e-06,-0.448426,-0.2432,-0.0406124,-0.0793585,0.20619,-0.0248762,-0.076038,1
H379R,2.47591,-0.826279,0.182128,-1.04389,0.181304,2.0175,-0.389606,1.43444,1.06639,-0.387375,0.151509,0.223167,0.246587,6.07861e-13,-0.156808,1
S17E,11.2413,0.0259648,3.94227,-1.349,0.496397,4.49092,-1.75058,5.02314,0.788593,-0.149724,-0.11927,0.266954,-0.158571,6.59778e-13,0.0011847,1
W120F,1.25086,0.575624,0.575228,0.730099,-0.138406,-0.889319,0.497883,0.770534,-0.138587,0.0764081,-0.809397,0.16718,0.0162344,6.58668e-13,-0.015438,1
C167Q,0.763117,1.49498e-11,0.334363,-0.627786,0.0280417,1.47519,-0.731152,0.253984,0.492305,-0.4864,0.019183,-0.00903062,0.0,0.0,0.00538783,1
Y294A,1.02341,-0.28023,-0.218849,3.02493,5.07874e-05,-3.74666,3.74397,-0.517022,-0.865615,-0.0331001,-0.0559216,-0.29183,-0.0129696,-4.20872e-13,-0.0151801,1
Q313R,1.06377,-0.0146414,2.79326,0.0294357,-1.66442,-0.579458,0.0716597,0.543878,-0.262173,0.0996294,0.0731907,-0.00470772,-0.0266024,5.76539e-13,-3.17657e-08,1
E406D,0.283899,0.0,0.00736539,0.416341,-0.104985,0.239273,0.773565,0.043181,-0.529228,-0.47786,-0.107538,-0.0118121,0.0237858,0.0,0.0,1
I244E,2.85648,-0.150997,-0.19316,0.695632,-0.683821,1.33648,1.74351,-0.0743099,-0.00777537,-0.325952,-0.162256,-0.0734866,0.230692,-5.34794e-13,0.448435,1
N163D,2.54481,0.00537012,1.36936,0.130789,-1.70576,2.50882,0.01875,-0.135535,-0.168499,-0.0622686,0.0706805,9.53987e-08,-0.0732529,5.78759e-13,0.586351,1
S400A,-1.49141,0.20255,0.207199,0.325253,0.000100206,-1.39143,-0.401403,0.342037,-0.5298,-0.209598,-0.0363143,-0.0106863,-2.37404e-07,-5.26121e-13,-3.39143e-08,1
G12N,20.2607,-0.276181,-0.0462386,-1.51924,0.0,3.43704,-1.41223,19.3052,0.691956,0.0608,0.0151592,0.0986418,0.0,0.0,0.00446247,0
Q19P,-0.655497,0.521876,1.89484,0.920296,-0.020013,-2.39019,0.241602,0.357711,-1.63108,-0.753064,0.205959,-2.39676,0.000136233,1.13798e-15,-0.00357491,0
N163E,6.33574,-0.0295373,2.89795,-0.409738,-0.535472,3.19767,-0.816202,0.145807,0.70811,0.215292,0.372527,0.0142138,-0.0709653,5.78759e-13,0.660299,0
N293K,3.41507,-0.0322037,1.78911,-0.658815,-2.4389,1.30126,-1.55092,3.6077,1.14587,0.00119011,0.152491,-0.017904,0.09832,5.75526e-13,-3.38016e-05,0
T296E,0.816654,-0.206811,-0.203142,-0.512448,0.811188,1.41742,-0.618935,-0.304614,0.72781,-0.0305996,-0.224384,0.0570509,-0.0388347,-5.78315e-13,3.17657e-08,0
F343S,4.10611,-0.556687,-0.91484,1.81463,0.428415,-0.894429,3.47577,0.853612,-0.251459,-0.018406,0.16951,-0.268314,0.0,0.0,0.0,0
W407K,3.77748,0.000981278,0.012808,1.22107,-0.650233,0.881744,1.93763,-0.167,0.583732,-0.0764702,-0.0412244,-0.191198,0.0660665,0.0,0.00838053,0
