mutant,tot_pstat_pm_enzyme_design,helix dipole_foldx,Electrostatics_foldx,fa_elec_ddg,Van der Waals_foldx,rama_ddg,fa_intra_rep_ddg,SR_5_hbond_sc_enzyme_design,energy Ionisation_foldx,p_aa_pp_ddg,SR_2_hbond_pm_enzyme_design,fa_atr_ddg,tot_nlpstat_pm_enzyme_design,tot_total_charge_enzyme_design,SR_3_burunsat_pm_enzyme_design,Solvation Polar_foldx,torsional clash_foldx,tot_hbond_pm_enzyme_design,Solvation Hydrophobic_foldx,fa_sol_ddg,tot_total_pos_charges_enzyme_design,omega_ddg,fa_rep_ddg,tot_total_neg_charges_enzyme_design,tot_burunsat_pm_enzyme_design,hbond_sc_enzyme_design,total energy_foldx,SR_2_pstat_pm_enzyme_design,SR_1_hbond_pm_enzyme_design,total_score_enzyme_design,SR_3_nlpstat_pm_enzyme_design,SR_5_interf_E_1_2_enzyme_design,yhh_planarity_ddg,total_ddg,tot_nlsurfaceE_pm_enzyme_design,SR_1_total_score_enzyme_design,SR_5_fa_rep_enzyme_design,SR_1_fa_rep_enzyme_design,SR_1_nlpstat_pm_enzyme_design,Van der Waals clashes_foldx,SR_2_nlpstat_pm_enzyme_design,SR_5_burunsat_pm_enzyme_design,hbond_bb_sc_ddg,fa_rep_enzyme_design,SR_1_burunsat_pm_enzyme_design,hbond_sc_ddg,SR_4_pstat_pm_enzyme_design,SR_4_hbond_pm_enzyme_design,SR_2_total_score_enzyme_design,entropy sidechain_foldx,SR_4_burunsat_pm_enzyme_design,SR_2_fa_rep_enzyme_design,backbone clash_foldx,electrostatic kon_foldx,SR_3_hbond_pm_enzyme_design,tot_NLconts_pm_enzyme_design,SR_1_pstat_pm_enzyme_design,SR_5_dsasa_1_2_enzyme_design,SR_3_fa_rep_enzyme_design,pro_close_ddg,Sidechain Hbond_foldx,SR_5_hbond_pm_enzyme_design,fa_dun_ddg,SR_2_burunsat_pm_enzyme_design,SR_5_total_score_enzyme_design,SR_4_hbond_sc_enzyme_design,SR_3_hbond_sc_enzyme_design,SR_4_total_score_enzyme_design,SR_2_hbond_sc_enzyme_design,Backbone Hbond_foldx,SR_4_fa_rep_enzyme_design,entropy mainchain_foldx,SR_1_hbond_sc_enzyme_design,SR_4_nlpstat_pm_enzyme_design,SR_3_pstat_pm_enzyme_design,SR_3_total_score_enzyme_design,kcatkm
Q19C,0.697,-0.000233172,-0.0314968,0.846,1.02648,0.066,-0.01,-2.305,-0.00781143,0.359,4.4,9.018,0.69,-27.0,2.0,-2.17362,0.151802,434.9,0.899536,-6.507,36.0,0.0,-0.951,63.0,150.8,-68.052,-0.453847,0.884,2.0,-685.118,0.849,-7.405,0.005,1.459,0.975,2.121,1.184,1.213,0.849,-0.556055,0.863,1.0,-0.016,285.493,2.0,-0.017,0.871,2.0,1.079,-0.889221,0.0,1.266,-0.0858175,-1.13798e-15,2.0,149.0,0.861,0.91,1.213,-0.045,1.48603,5.1,-3.25,1.6,-3.701,-0.496,0.0,-1.694,-0.649,-0.47018,0.816,0.110928,0.0,0.842,0.861,2.121,10.0
W399G,0.689,0.00900137,-0.238521,1.428,4.06339,0.626,-0.04,-3.184,-0.00817658,0.684,4.3,24.982,0.687,-27.0,1.0,-5.37432,-0.419974,435.9,4.89199,-14.508,36.0,0.0,-1.259,63.0,148.7,-68.202,-0.768749,0.832,2.0,-681.86,0.874,-8.876,0.001,7.469,0.906,2.464,0.847,1.11,0.874,-2.8526,0.819,1.0,-0.001,283.755,1.0,-0.706,0.818,2.0,0.952,-0.833532,0.0,1.199,-0.119503,-5.32074e-13,2.0,145.3,0.868,0.876,1.11,-0.018,-0.599775,6.9,-2.659,1.7,-4.438,-0.433,0.0,-1.408,-0.66,0.433193,0.939,0.160572,0.0,0.855,0.868,2.464,10.0
W399S,0.692,0.00311669,-0.0390961,0.847,3.20783,0.168,-0.039,-3.083,-0.00811498,0.213,4.4,20.598,0.687,-27.0,1.0,-3.77196,-0.361157,437.7,4.26878,-9.648,36.0,0.0,-1.242,63.0,147.8,-69.84,-0.291889,0.819,2.0,-685.052,0.785,-8.54,0.011,7.362,1.069,2.398,0.848,1.186,0.785,-1.71157,0.822,1.0,0.007,284.937,1.0,-0.443,0.873,3.0,0.94,-0.34718,0.0,1.204,-0.0906209,-5.34017e-13,2.0,147.3,0.821,0.884,1.186,0.009,-1.43331,6.9,-2.052,1.6,-4.269,-1.066,0.0,-2.006,-0.683,0.285114,0.967,-0.384342,0.0,0.867,0.821,2.398,10.0
S16A,0.698,0.0,0.01255,-0.322,0.220776,0.095,0.021,-3.49,-0.00376506,0.025,4.6,1.147,0.691,-27.0,2.0,-0.674269,-0.000374195,438.1,-0.39339,-3.298,36.0,0.0,0.192,63.0,150.9,-69.528,0.158694,0.901,2.0,-688.575,0.821,-9.336,-0.002,-1.864,0.93,2.163,1.128,1.215,0.821,0.0731695,0.905,1.0,-0.298,286.886,2.0,0.193,0.883,2.0,1.046,-0.529654,0.0,1.279,0.0335868,0.0,2.0,150.6,0.858,0.909,1.215,0.001,1.08359,7.6,-0.226,1.4,-4.668,-0.421,0.0,-1.54,-0.701,0.000151578,0.884,0.369912,0.0,0.882,0.858,2.163,10997.0
W325H,0.694,0.0,-0.00949771,-1.21,0.934871,0.025,-0.024,-3.37,0.0487825,0.012,4.2,6.204,0.692,-27.0,2.0,0.104212,0.00103309,438.3,1.74241,0.452,36.0,0.0,-1.248,63.0,148.4,-69.621,2.70737,0.835,2.0,-685.414,0.842,-8.401,0.004,3.512,0.915,2.191,1.1,1.195,0.842,-0.0171693,0.847,1.0,-0.003,285.584,2.0,-0.006,0.729,2.0,1.325,-0.265067,0.0,1.28,0.120392,0.0,2.0,149.0,0.851,0.9,1.195,-0.016,0.0,7.3,0.168,1.8,-4.2,-0.42,0.0,-1.274,-0.62,0.0,0.741,0.167801,0.0,0.761,0.851,2.191,11358.0
W120A,0.685,0.0,0.0246301,-0.547,3.1245,0.352,-0.086,-2.945,-0.146893,0.055,4.4,21.903,0.676,-27.0,2.0,-2.90038,-1.28913,436.6,4.08204,-9.971,36.0,0.0,-3.118,63.0,151.5,-68.658,1.83713,0.717,2.0,-683.723,0.834,-7.82,-0.018,4.928,1.015,2.07,0.985,1.115,0.834,-0.49546,0.718,1.0,0.726,281.514,2.0,-1.242,0.858,2.0,1.494,-1.01845,0.0,1.057,-0.507392,0.0,2.0,149.1,0.821,0.903,1.115,-0.027,0.624902,6.9,-2.637,1.0,-3.91,-0.451,0.0,-1.622,-0.662,0.62861,0.814,-0.79723,0.0,0.865,0.821,2.07,10.0
R240D,0.691,0.244414,2.65715,3.49,1.53834,0.066,-0.015,-3.203,-3.04897e-08,0.19,4.2,4.546,0.686,-29.0,2.0,-1.70793,-0.0588867,434.6,1.59778,-0.984,35.0,0.0,-0.061,64.0,156.6,-67.639,4.0342,0.815,2.0,-681.331,0.844,-8.644,-0.001,7.543,1.04,2.136,1.106,1.186,0.844,-0.146332,0.818,1.0,-0.019,287.224,2.0,1.938,0.895,2.0,1.212,-3.13079,0.5,1.21,0.0933522,5.86919e-13,2.0,150.0,0.844,0.93,1.186,-0.009,3.06756,7.1,-0.293,1.8,-4.323,-0.388,0.0,-1.53,-0.637,0.00958648,0.866,-0.0366898,0.0,0.876,0.844,2.136,26093.0
N293A,0.689,0.0,0.0095127,1.714,1.15563,0.055,-0.006,-3.308,0.0,-0.168,4.2,8.562,0.687,-27.0,2.0,-2.92139,-0.0465613,437.4,0.566258,-9.935,36.0,0.0,-2.821,63.0,148.8,-68.888,1.18221,0.723,2.0,-690.927,0.788,-9.461,-0.005,-2.47,0.991,1.942,1.191,0.789,0.788,-0.657575,0.777,1.0,-0.003,283.21,2.0,1.245,0.836,2.0,0.645,-0.691956,0.0,0.976,-0.0841037,0.0,2.0,150.7,0.788,0.909,0.789,-0.019,3.28734,7.2,-3.054,1.8,-4.732,-0.439,0.0,-1.709,-0.586,0.066575,0.803,0.414368,0.0,0.871,0.788,1.942,1313.0
W399C,0.684,0.00170818,0.0299175,1.439,2.79722,-0.033,-0.039,-2.997,-0.00802674,-0.038,4.3,19.894,0.683,-27.0,1.0,-3.98301,-0.36749,436.9,3.30535,-10.272,36.0,0.0,-1.486,63.0,147.3,-68.123,-1.96733,0.834,2.0,-683.569,0.771,-8.465,0.029,7.43,0.912,2.281,0.875,1.1,0.771,-3.40296,0.819,1.0,-0.016,285.107,1.0,0.846,0.932,2.0,1.05,-0.0543836,0.0,1.215,-0.123065,-5.31297e-13,2.0,145.8,0.806,0.894,1.1,-0.015,-0.696966,7.0,-2.087,1.7,-4.233,-0.471,0.0,-1.465,-0.627,0.552558,0.985,-0.141236,0.0,0.915,0.806,2.281,39.0
Q19A,0.691,0.0,-0.00671395,0.992,1.72791,-0.063,-0.011,-2.499,-0.00321446,-0.024,4.5,11.744,0.689,-27.0,2.0,-2.47748,-0.00392916,434.3,1.6396,-9.157,36.0,0.0,-2.018,63.0,150.3,-67.479,-0.134908,0.852,2.0,-686.168,0.795,-7.776,0.006,0.485,1.046,2.179,1.166,1.235,0.795,-0.115286,0.842,1.0,-0.008,284.393,2.0,-0.005,0.861,2.0,0.987,-1.94589,0.0,1.258,-0.198097,0.0,2.0,148.4,0.79,0.909,1.235,-0.047,1.43813,5.3,-3.215,1.5,-3.887,-0.493,0.0,-1.684,-0.698,0.102063,0.818,-0.490085,0.0,0.846,0.79,2.179,11.0
H315E,0.693,0.0,0.195332,0.39,0.178168,0.112,0.004,-3.338,-0.0487825,0.273,4.6,3.034,0.691,-28.0,2.0,-0.291655,-7.10543e-15,439.6,0.198636,-1.04,36.0,0.0,-0.03,64.0,149.7,-70.203,0.0725009,0.744,2.0,-686.861,0.831,-9.055,0.028,1.015,0.857,2.175,1.104,1.212,0.831,7.10543e-15,0.766,1.0,-0.027,285.702,2.0,0.002,0.823,2.0,1.062,-0.108071,0.0,1.295,-0.00361111,0.0,2.0,150.8,0.814,0.908,1.212,0.004,0.0,7.5,0.615,1.4,-4.527,-0.388,0.0,-1.552,-0.723,0.0,0.862,-0.0511267,0.0,0.842,0.814,2.175,10.0
H119N,0.69,1.65434e-07,0.0655253,-1.565,0.988424,0.107,-0.034,-3.284,-0.149337,0.295,4.0,6.272,0.691,-27.0,2.0,-1.09547,0.0458574,438.9,1.27484,-1.046,36.0,0.0,0.104,63.0,151.9,-70.898,-1.10014,0.823,2.0,-689.075,0.851,-8.771,-0.002,-0.139,0.977,2.205,1.111,1.249,0.851,-0.867678,0.819,1.0,0.013,287.131,2.0,-1.22,0.848,2.0,1.128,-0.154146,0.0,1.195,-0.0487914,5.86919e-13,2.0,151.5,0.848,0.907,1.249,-0.003,-0.951234,7.0,-1.48,2.0,-4.386,-0.401,0.0,-1.495,-0.524,-0.356506,0.897,0.0995747,0.0,0.864,0.848,2.205,82.0
Y294F,0.694,-0.000796164,-0.000788222,0.652,0.242385,0.079,0.0,-3.13,-0.000367692,0.226,4.1,2.064,0.697,-27.0,2.0,-0.731633,-0.0164075,438.4,-0.141183,-4.002,36.0,0.0,-0.407,63.0,150.9,-69.47,-0.643719,0.817,2.0,-688.908,0.85,-8.766,-0.184,-0.852,0.935,2.107,1.12,1.179,0.85,0.00727365,0.823,1.0,-0.002,287.106,2.0,0.144,0.764,2.0,1.268,-0.0939779,0.0,1.257,-0.0194864,0.0,2.0,150.0,0.879,0.906,1.179,-0.024,0.324947,7.1,0.144,1.9,-4.383,-0.403,0.0,-1.549,-0.573,0.297594,0.859,-0.530765,0.0,0.815,0.879,2.107,122751.0
W325L,0.698,0.0,-0.00981348,-0.941,0.667437,0.016,-0.022,-3.215,0.0,-0.111,4.3,8.584,0.693,-27.0,2.0,-0.319507,0.0229473,438.2,0.759685,-2.233,36.0,0.0,-1.192,63.0,149.1,-69.589,0.577604,0.848,2.0,-686.038,0.879,-7.716,0.004,1.47,0.993,2.097,1.079,1.192,0.879,-0.0122747,0.827,0.1,-0.023,285.498,2.0,-0.012,0.894,2.0,1.165,-0.144957,0.0,1.267,0.324493,0.0,2.0,149.8,0.829,0.891,1.192,-0.024,0.0,7.2,-2.103,1.7,-3.856,-0.399,0.0,-1.145,-0.632,-0.0344841,0.732,-0.351428,0.0,0.906,0.829,2.097,18909.0
W399A,0.688,0.00266819,-0.0352085,1.522,3.41027,0.093,-0.04,-3.011,-0.00780682,0.202,4.6,21.415,0.68,-27.0,1.0,-4.56206,-0.785236,436.5,3.85626,-12.286,36.0,0.0,-1.454,63.0,147.4,-68.384,-0.95162,0.814,2.0,-682.584,0.733,-8.401,0.03,7.488,0.897,2.342,0.877,1.165,0.733,-2.82996,0.828,1.0,-0.022,284.383,1.0,0.858,0.804,2.0,0.935,-0.872659,0.0,1.242,-0.0948866,-5.31103e-13,2.0,145.9,0.733,0.878,1.165,-0.006,0.512233,7.0,-2.364,1.4,-4.201,-0.422,0.0,-1.509,-0.668,0.714315,0.92,-0.354432,0.0,0.834,0.733,2.342,14.0
Y295G,0.693,0.00188479,0.127343,-0.598,3.0509,0.722,-0.027,-1.921,4.42323e-05,1.996,4.0,17.211,0.681,-27.0,2.0,-3.2763,-0.0827147,434.2,3.82401,-7.453,36.0,0.0,-2.398,63.0,152.1,-66.601,3.82661,0.894,2.0,-686.789,0.884,-5.971,-0.015,7.544,1.145,2.497,0.76,1.03,0.884,-0.267244,0.896,0.4,-0.009,284.797,2.0,-0.007,0.653,1.3,1.285,-1.43845,0.1,1.23,-0.218365,6.58334e-13,2.0,151.0,0.878,0.904,1.03,-0.046,1.85903,4.9,-1.846,1.7,-2.986,-0.064,0.0,-1.486,-0.68,0.145603,0.487,-0.1175,0.0,0.699,0.878,2.497,10.0
E164A,0.695,0.255827,-0.672151,1.542,1.1157,0.176,-0.005,-1.525,-5.34199e-05,0.73,2.0,8.306,0.689,-26.0,1.4,-2.52349,-0.235085,433.2,1.29827,-10.413,36.0,0.0,-1.813,62.0,151.5,-65.206,1.19515,0.863,2.4,-680.666,0.823,-5.199,0.003,-0.732,1.166,2.547,0.847,1.084,0.823,0.452694,0.843,0.5,-0.001,284.405,1.4,2.149,0.802,1.0,-0.341,-1.48016,0.3,0.681,-0.018095,-9.53404e-14,2.4,151.1,0.794,0.873,1.084,-0.018,2.68129,3.6,-4.121,0.0,-2.6,0.0,0.0,-1.058,0.0,0.0203685,0.812,0.281931,0.0,0.828,0.794,2.547,19.0
Y295A,0.69,0.00342044,0.285569,-0.511,2.59698,0.54,-0.027,-2.251,-0.00313001,0.925,4.0,15.037,0.691,-26.9,2.0,-2.73574,0.441971,435.7,3.24417,-7.358,36.0,0.0,-2.035,62.9,150.6,-67.43,3.62173,0.875,2.0,-683.078,0.859,-6.955,-0.009,5.366,1.067,2.358,0.93,1.126,0.859,-1.2365,0.823,0.3,-0.001,286.663,2.0,0.031,0.829,1.3,1.338,-1.40935,0.4,1.302,-0.0478735,6.58612e-13,2.0,150.8,0.827,0.897,1.126,-0.04,1.83463,5.0,-1.797,1.7,-3.48,-0.121,0.0,-1.402,-0.678,0.114968,0.733,0.484736,0.0,0.806,0.827,2.358,10.0
E222Y,0.693,-0.0623304,1.57847,1.415,-0.547755,-0.14,0.015,-3.11,1.43281e-08,-0.281,4.2,-7.222,0.688,-26.0,2.0,-0.840319,-0.0152234,435.4,-1.12174,-2.562,36.0,0.0,1.494,62.0,158.7,-68.298,1.74436,0.851,2.0,-685.202,0.873,-8.353,0.032,-6.149,0.976,2.15,1.255,1.195,0.873,2.31547,0.817,1.0,-0.004,288.559,2.0,0.474,0.831,2.0,1.506,-0.663145,1.0,1.23,0.34485,5.92415e-13,2.0,152.2,0.871,0.929,1.195,-0.024,1.26137,7.1,-1.47,1.8,-4.177,-0.374,0.0,-1.537,-0.628,-0.148699,0.925,-0.0117321,0.0,0.838,0.871,2.15,636.0
F415A,0.689,0.0228621,0.385307,0.09,2.37903,-0.078,-0.035,-3.381,-7.94217e-09,-0.064,4.5,13.852,0.682,-27.0,2.0,-1.5608,-0.0165749,439.3,3.59076,-3.177,36.0,0.0,-2.13,63.0,146.4,-70.056,2.94548,0.829,2.0,-686.35,0.797,-8.918,-0.007,4.803,0.866,2.095,1.187,1.113,0.797,-0.12861,0.803,0.0,-0.023,282.828,2.0,-0.825,0.879,2.0,0.962,-0.543375,0.0,1.219,-0.188874,5.89029e-13,2.0,148.0,0.822,0.903,1.113,0.015,-1.10216,7.5,-2.969,1.5,-4.46,-0.425,0.0,-1.35,-0.692,0.0927067,0.736,-0.173661,0.0,0.88,0.822,2.095,80.0
M221A,0.693,0.0,2.98428e-13,-0.114,2.1467,0.225,0.002,-3.26,0.0,0.248,4.3,7.171,0.688,-27.0,2.0,-0.740858,-0.0133376,437.8,3.89608,-1.698,36.0,0.0,-1.199,63.0,150.6,-70.239,4.03946,0.762,2.0,-685.762,0.883,-9.131,0.001,4.276,0.909,2.226,1.036,1.227,0.883,-0.0564112,0.731,1.0,-0.004,286.839,2.0,-0.01,0.861,2.0,1.041,-1.42135,0.0,1.203,-0.0408389,0.0,2.0,152.1,0.851,0.903,1.227,-0.031,2.84217e-14,7.3,-0.84,1.7,-4.566,-0.385,0.0,-1.556,-0.662,0.0698979,0.868,0.158748,0.0,0.854,0.851,2.226,87554.0
E222R,0.692,0.0114913,1.33533,0.819,0.228875,-0.124,-0.002,-3.619,1.43281e-08,-0.132,4.6,-3.363,0.686,-25.0,2.0,-1.44315,0.0871418,437.2,0.327931,2.551,37.0,0.0,0.147,62.0,156.4,-68.765,0.661425,0.844,2.0,-684.298,0.881,-10.024,0.002,-0.083,0.964,2.166,1.351,1.209,0.881,-0.184399,0.859,1.0,-0.952,286.924,2.0,0.956,0.859,2.0,0.96,0.091695,0.6,1.235,0.0521152,5.9297e-13,2.0,150.2,0.853,0.942,1.209,-0.017,0.463241,8.4,-1.605,1.4,-5.012,-0.4,0.0,-1.738,-0.731,-0.00451558,0.821,-0.252225,0.0,0.879,0.853,2.166,17098.0
I244N,0.686,-1.08702e-07,0.238336,-3.087,0.847205,0.207,-0.009,-3.209,4.76416e-08,0.32,4.1,-1.807,0.69,-27.0,2.0,-0.216585,-0.131713,439.2,2.24306,6.241,36.0,0.0,0.257,63.0,151.2,-70.081,1.59865,0.833,2.0,-686.404,0.873,-8.741,0.038,0.728,0.938,2.198,1.146,1.249,0.873,-0.052548,0.844,1.0,-0.782,286.651,2.0,-2.647,0.788,2.0,1.349,-0.269093,0.0,1.198,-0.0417866,5.34794e-13,2.0,152.9,0.851,0.902,1.249,-0.012,-0.853333,7.1,4.28,1.9,-4.371,-0.376,0.0,-1.528,-0.638,-0.0888859,0.877,-0.117801,0.0,0.878,0.851,2.198,126176.0
Y166P,0.694,-0.0228674,-0.0126164,-1.309,1.83281,0.222,-0.036,-3.226,1.43281e-08,0.816,4.5,8.356,0.686,-26.9,2.0,-1.44423,-0.122188,440.7,2.63441,-5.202,36.0,0.0,6.384,62.9,153.3,-69.425,3.02818,0.83,2.0,-685.21,0.89,-8.598,-0.022,8.762,0.906,2.149,1.204,1.252,0.89,2.86945,0.822,1.1,0.022,286.539,2.0,-0.13,0.896,2.0,0.814,-0.970972,0.0,1.337,-1.4322,5.94635e-13,2.0,149.1,0.854,0.911,1.252,1.91,0.0222192,7.1,-1.837,1.5,-4.299,-0.425,0.0,-1.522,-0.718,0.0213746,0.897,-1.77921,0.0,0.905,0.854,2.149,10596.0
T296A,0.694,0.0,0.0224446,0.849,0.605594,0.029,-0.013,-3.301,0.0,-0.194,4.4,3.011,0.689,-27.0,2.0,-1.06303,-0.143835,436.6,0.505222,-4.081,36.0,0.0,-0.168,63.0,152.2,-69.855,-0.613758,0.873,2.0,-685.892,0.841,-9.016,0.002,0.901,0.963,2.209,1.131,1.237,0.841,-0.179527,0.866,1.0,1.062,286.601,2.0,-0.021,0.823,2.0,1.13,-0.521094,0.0,1.27,-0.118973,0.0,2.0,150.1,0.789,0.905,1.237,0.005,0.390415,7.3,-0.153,1.6,-4.506,-0.399,0.0,-1.501,-0.67,0.399297,0.896,-0.629242,0.0,0.825,0.789,2.209,9904.0
Y18A,0.689,-0.00766545,0.549246,0.888,2.35954,-0.105,-0.034,-3.211,0.0,-0.216,4.1,15.62,0.687,-27.0,2.0,-2.59063,-0.0235835,435.8,2.90441,-7.798,36.0,0.0,-1.948,63.0,150.7,-68.866,2.23535,0.728,2.0,-684.978,0.833,-9.157,-0.019,6.559,0.994,2.141,1.035,1.174,0.833,-0.089989,0.712,1.0,1.343,283.984,2.0,-0.005,0.807,2.0,1.282,-0.941669,0.0,1.284,-0.769969,0.0,2.0,148.8,0.855,0.905,1.174,0.013,0.530953,7.1,-1.791,1.9,-4.578,-0.405,0.0,-1.53,-0.574,0.450948,0.857,-0.906218,0.0,0.824,0.855,2.141,6230.0
T218A,0.703,0.0,0.0183155,1.11,0.736784,0.265,-0.014,-3.18,0.0,0.511,4.0,4.076,0.686,-27.0,2.0,-1.6574,-0.40295,436.9,0.636915,-6.064,36.0,0.0,-1.701,63.0,150.6,-67.822,1.75799,0.813,2.0,-690.474,0.87,-9.234,-0.01,0.241,1.075,1.894,1.251,0.989,0.87,-0.110401,0.795,1.0,0.004,282.902,2.0,1.862,0.866,2.0,0.981,-0.521094,0.0,1.165,-0.0352436,0.0,2.0,150.4,0.869,0.907,0.989,0.015,2.07862,7.0,-0.384,2.0,-4.617,-0.421,0.0,-1.564,-0.524,0.0931502,0.839,0.886056,0.0,0.888,0.869,1.894,71280.0
E222H,0.691,-0.0561776,1.47496,0.994,-0.0761602,-0.099,-0.012,-3.332,0.128026,-0.171,4.2,-4.012,0.683,-26.0,2.0,-0.543905,0.0122748,435.5,-0.0751303,-2.487,36.0,0.0,0.09,62.0,157.5,-67.589,1.9765,0.705,2.0,-685.9,0.825,-9.134,-0.009,-4.214,0.978,2.154,1.088,1.211,0.825,0.790243,0.707,1.0,-0.526,286.509,2.0,1.872,0.861,2.0,1.339,-0.670149,1.0,1.187,0.254726,5.93858e-13,2.0,151.4,0.821,0.922,1.211,-0.017,1.37975,7.2,-2.186,1.8,-4.567,-0.4,0.0,-1.688,-0.633,-0.620659,0.874,0.233435,0.0,0.868,0.821,2.154,18695.0
T352A,0.696,0.0,0.0371324,0.545,0.754765,0.041,-0.005,-3.153,0.0,0.195,4.5,3.625,0.689,-27.0,2.0,-1.25814,-0.0218903,437.0,0.791267,-4.86,36.0,0.0,-0.242,63.0,152.0,-69.205,1.70823,0.795,2.0,-687.3,0.801,-8.651,0.004,0.141,0.964,2.036,1.171,1.165,0.801,-0.00572507,0.827,1.0,0.0,286.167,2.0,0.238,0.84,2.0,1.113,-0.521094,0.0,1.301,-0.0657743,0.0,2.0,151.0,0.769,0.907,1.165,-0.002,2.17135,7.1,0.03,1.5,-4.326,-0.406,0.0,-1.541,-0.671,0.0341657,0.888,-0.2736,0.0,0.861,0.769,2.036,4174.0
W120H,0.687,-1.77636e-15,0.038323,-0.047,1.21298,0.116,-0.058,-2.59,-0.011907,1.131,4.6,10.083,0.683,-27.0,2.0,-0.136521,-1.14456,436.1,2.03359,-3.486,36.0,0.0,-2.66,63.0,158.5,-67.668,1.43141,0.81,2.0,-686.45,0.846,-7.36,-0.014,3.277,1.0,2.08,0.979,1.126,0.846,-0.175734,0.836,1.0,0.729,282.262,2.0,-1.325,0.876,2.0,1.382,-0.0975615,0.0,1.199,0.0904394,0.0,2.0,149.8,0.861,0.909,1.126,0.015,0.188576,6.4,-0.362,1.8,-3.681,-0.451,0.0,-1.665,-0.573,0.577732,0.784,-1.0535,0.0,0.87,0.861,2.08,943.0
R240K,0.688,0.0663361,0.653011,2.14,0.631812,-0.043,-0.009,-3.29,-3.04896e-08,0.077,4.3,3.222,0.685,-27.0,2.0,-0.813448,-0.00610788,434.6,-0.222529,-4.349,36.0,0.0,-0.212,63.0,155.0,-67.81,0.290837,0.727,2.0,-681.649,0.839,-8.878,-0.002,1.771,0.889,2.212,1.114,1.234,0.839,-0.140293,0.762,1.0,-0.021,287.211,2.0,1.887,0.816,2.0,1.274,-0.517981,0.6,1.24,-0.00342015,5.86919e-13,2.0,150.1,0.804,0.921,1.234,0.012,0.768397,7.2,-0.898,1.7,-4.438,-0.39,0.0,-1.522,-0.657,-0.00654251,0.911,-0.121818,0.0,0.795,0.804,2.212,50829.0
S298E,0.694,-0.0707529,1.78989,-1.841,-0.478869,-0.038,0.003,-3.353,1.43281e-08,-0.002,4.3,-7.599,0.689,-28.0,2.0,1.32096,0.236046,436.3,-1.05601,8.115,36.0,0.0,0.717,64.0,155.2,-68.456,4.30226,0.804,2.0,-682.623,0.758,-9.242,0.015,-2.242,1.063,2.127,1.102,1.146,0.758,-0.0724926,0.812,1.0,0.001,286.972,2.0,-2.449,0.923,2.6,1.182,-0.1087,0.0,1.235,0.106156,5.94635e-13,2.0,150.3,0.782,0.905,1.146,-0.013,2.53075,7.3,2.976,1.7,-4.619,-0.404,0.0,-1.918,-0.644,0.0211855,0.895,0.190249,0.0,0.898,0.782,2.127,153264.0
N163C,0.697,8.91232e-08,-0.0106976,-0.947,0.421256,0.043,-0.005,-3.189,-0.0088222,-0.018,4.0,5.145,0.69,-27.0,2.0,-1.77483,-0.0552988,436.0,0.0306623,-5.362,36.0,0.0,-0.341,63.0,150.2,-68.595,1.95866,0.899,2.0,-689.438,0.845,-9.078,-0.004,-2.359,0.958,2.273,1.148,1.253,0.845,0.282073,0.908,1.0,0.003,285.72,2.0,-0.021,0.877,2.0,1.277,0.269094,0.0,1.228,9.53987e-08,5.78759e-13,2.0,148.9,0.775,0.903,1.253,-0.036,2.5281,7.0,-2.451,2.0,-4.54,-0.406,0.0,-1.557,-0.528,-0.000577341,0.909,0.277696,0.0,0.893,0.775,2.273,4766.0
E222K,0.691,-0.02637,1.37135,1.097,0.216141,-0.026,-0.01,-3.489,1.43281e-08,-0.016,4.3,0.362,0.685,-25.0,2.0,-1.3877,-0.0279715,435.4,-0.221297,-2.249,37.0,0.0,0.106,62.0,157.2,-67.81,0.314014,0.815,2.0,-685.423,0.874,-10.383,-0.001,-0.69,1.048,2.194,1.165,1.237,0.874,-0.00346787,0.818,1.0,-0.002,286.458,2.0,0.965,0.854,2.0,1.16,0.114833,0.9,1.198,0.228239,5.93636e-13,2.0,149.3,0.898,0.961,1.237,-0.021,0.563756,8.2,-2.498,1.7,-5.19,-0.398,0.0,-1.593,-0.664,-0.0290714,0.913,-0.256187,0.0,0.855,0.898,2.194,14955.0
E222Q,0.692,-0.063617,1.51434,0.459,0.428145,-0.104,-0.001,-3.214,1.43281e-08,-0.043,4.2,-0.161,0.685,-26.0,2.0,-1.76405,0.00758186,435.6,0.472594,-3.102,36.0,0.0,-0.045,62.0,158.4,-68.028,0.3065,0.795,2.0,-684.431,0.871,-8.847,-0.004,-2.453,1.022,2.139,1.137,1.209,0.871,-0.0306922,0.743,1.0,-0.003,286.636,2.0,0.183,0.913,2.0,1.236,0.330195,1.0,1.199,0.0543471,5.93081e-13,2.0,149.7,0.879,0.944,1.209,-0.028,-0.364691,7.2,-0.046,1.8,-4.422,-0.385,0.0,-1.524,-0.626,-0.00321975,0.903,-0.22009,0.0,0.899,0.879,2.139,54923.0
E406A,0.692,0.0436523,-0.0563506,1.003,1.12843,-0.094,-0.007,-2.603,0.0,-0.044,4.1,9.252,0.687,-26.0,2.0,-2.63488,-0.0127761,435.1,1.28825,-11.407,36.0,0.0,-0.65,62.0,148.1,-67.112,-1.55639,0.837,2.0,-684.695,0.817,-6.66,0.007,-1.412,0.911,2.026,0.965,1.142,0.817,-0.0893698,0.853,1.0,0.054,286.023,2.0,1.293,0.879,2.0,1.222,-1.05374,0.0,1.218,-0.0900845,0.0,2.0,149.2,0.842,0.905,1.142,0.0,0.0079992,6.0,-3.552,1.9,-3.328,-0.428,0.0,-1.579,-0.566,0.0,0.765,-0.177586,0.0,0.879,0.842,2.026,10.0
N220A,0.696,0.0,-0.043592,0.295,0.709636,0.267,-0.008,-3.374,0.0,0.255,3.4,4.652,0.687,-27.0,2.0,-1.61966,-0.0233323,436.7,0.498116,-4.797,36.0,0.0,-0.188,63.0,152.1,-69.213,0.813346,0.79,2.0,-685.96,0.901,-9.158,0.0,1.125,0.969,2.202,1.059,1.191,0.901,-0.056655,0.837,1.0,-0.002,287.376,2.0,0.719,0.915,2.0,1.639,-0.705953,0.0,1.315,-0.0255248,0.0,2.0,150.9,0.907,0.883,1.191,-0.042,1.7205,7.3,-1.991,1.5,-4.579,-0.4,0.0,-1.509,-0.33,0.0207528,0.9,0.313532,0.0,0.911,0.907,2.202,39425.0
E222A,0.697,-0.0561776,1.47761,0.965,1.5104,0.158,-0.013,-3.391,1.43281e-08,0.094,4.6,5.27,0.688,-26.0,2.0,-3.41552,-0.0189273,435.2,1.44611,-8.178,36.0,0.0,-0.041,62.0,152.1,-68.109,0.85735,0.733,2.0,-684.664,0.91,-9.08,0.006,-1.694,1.029,2.225,1.118,1.243,0.91,-0.229572,0.713,1.0,-0.001,285.463,2.0,0.961,0.86,2.0,0.982,-1.59346,0.0,1.253,-0.00318589,5.94524e-13,2.0,150.8,0.9,0.903,1.243,-0.03,1.86335,7.5,-3.62,1.4,-4.542,-0.381,0.0,-1.497,-0.741,0.0209434,0.895,-0.14741,0.0,0.913,0.9,2.225,143604.0
W325A,0.706,0.0,-0.00822472,-1.012,1.8372,0.183,-0.03,-3.268,0.0,0.357,4.2,12.856,0.692,-27.0,2.0,-0.958024,0.000215791,437.9,2.86569,-3.013,36.0,0.0,-1.282,63.0,148.5,-69.345,2.79963,0.898,2.0,-684.001,0.838,-7.798,0.005,4.637,0.908,2.198,1.054,1.209,0.838,-0.0207168,0.869,0.0,-0.012,285.372,2.0,-0.01,0.824,2.0,1.31,-0.947444,0.0,1.292,-0.231992,0.0,2.0,148.0,0.852,0.864,1.209,-0.023,0.0536635,7.2,-2.922,1.8,-3.9,-0.401,0.0,-0.883,-0.59,0.0,0.729,-0.0227291,0.0,0.807,0.852,2.198,18243.0
T175R,0.693,0.0866894,-0.288108,-0.298,0.00565909,0.063,0.008,-3.194,0.0103946,0.096,4.3,-1.446,0.689,-26.0,2.0,-0.957133,0.0604296,439.1,-0.331523,0.771,37.0,0.0,0.165,63.0,150.1,-69.141,0.333996,0.806,2.0,-688.429,0.877,-8.872,0.006,0.672,0.864,2.156,1.115,1.207,0.877,-0.0236135,0.823,1.0,0.001,287.363,2.0,-0.219,0.889,2.0,1.151,-0.58825,0.0,1.266,-0.264348,-1.4963e-13,2.0,150.7,0.891,0.906,1.207,-0.004,1.89817,7.3,2.053,1.7,-4.435,-0.405,0.0,-1.504,-0.621,0.508859,0.873,-0.0475808,0.0,0.915,0.891,2.156,223033.0
E177L,0.693,0.0690522,-0.149458,0.162,-0.09279,0.05,0.004,-3.25,0.0240012,-0.089,4.3,-0.221,0.692,-26.0,2.0,-0.307353,0.0846143,437.7,-0.284264,-2.315,36.0,0.0,0.044,62.0,151.5,-68.82,-0.0600955,0.863,2.0,-687.681,0.853,-9.017,-0.002,-2.451,0.9,2.178,1.114,1.221,0.853,0.000358516,0.903,1.0,-0.003,286.646,2.0,0.008,0.875,2.0,1.182,-0.596998,0.0,1.268,-0.118161,0.0,2.0,151.3,0.833,0.904,1.221,0.005,1.29953,7.2,-2.817,1.7,-4.507,-0.404,0.0,-1.51,-0.621,-0.000130225,0.891,-0.106656,0.0,0.888,0.833,2.178,89478.0
I300N,0.694,0.0,0.064172,-0.894,0.649229,0.178,-0.045,-3.297,0.0,0.464,4.4,0.945,0.686,-27.0,2.0,1.21482,-0.0224714,436.5,2.46475,6.659,36.0,0.0,-4.222,63.0,152.9,-70.382,3.49644,0.853,2.0,-543.728,0.84,-8.969,0.0,-4.082,0.994,2.242,1.131,1.258,0.84,0.0733787,0.862,1.0,-0.002,419.122,2.0,-1.156,0.876,2.0,1.112,-0.269094,0.0,1.273,0.0248874,0.0,2.0,149.5,0.851,0.903,1.258,0.005,-0.456532,7.4,-3.742,1.6,-4.483,-0.392,0.0,-1.516,-0.66,-0.372818,0.916,0.151006,0.0,0.879,0.851,2.242,154732.0
S14A,0.694,0.0,0.0185832,1.189,0.235072,0.169,-0.003,-3.264,-0.00323989,0.052,4.3,1.443,0.689,-27.0,2.0,-0.771932,-0.000289307,436.4,-0.55403,-4.521,36.0,0.0,0.027,63.0,152.4,-68.719,1.67873,0.877,2.0,-687.889,0.806,-9.001,0.057,1.425,0.977,2.061,1.087,1.217,0.806,-0.0751037,0.865,1.0,1.167,286.135,2.0,1.707,0.854,2.0,1.128,-0.529654,0.0,1.274,0.0,0.0,2.0,149.2,0.824,0.908,1.217,-0.045,2.92996,7.3,-0.425,1.7,-4.501,-0.39,0.0,-1.544,-0.638,0.0265642,0.898,0.4028,0.0,0.84,0.824,2.061,38823.0
S17A,0.692,-0.0174103,-0.0421971,-0.245,0.258702,-0.337,0.0,-3.23,-0.000171502,0.08,4.1,1.39,0.689,-27.0,2.0,-0.935709,-0.00231169,435.3,-0.330105,-3.993,36.0,0.0,-0.249,63.0,151.8,-68.873,0.358454,0.791,2.0,-686.733,0.792,-9.15,0.021,-1.872,0.98,2.193,1.077,1.229,0.792,-0.078889,0.743,1.0,0.05,286.892,2.0,1.461,0.87,2.0,1.277,-0.529611,0.0,1.27,-0.0819257,6.59778e-13,2.0,151.2,0.786,0.905,1.229,0.05,2.82269,7.1,-0.708,1.9,-4.576,-0.409,0.0,-1.589,-0.578,-0.0659081,0.881,-0.720625,0.0,0.869,0.786,2.193,45978.0
H119A,0.697,1.52671e-07,0.101818,-1.409,2.01593,0.39,-0.04,-3.334,-0.143446,0.777,4.0,12.776,0.687,-27.0,2.0,-2.93157,-0.224824,437.7,1.90901,-8.461,36.0,0.0,-0.667,63.0,150.1,-69.546,-0.77926,0.839,2.0,-690.777,0.855,-9.29,-0.003,-1.233,0.908,2.178,1.118,1.228,0.855,-1.03046,0.845,1.0,0.02,284.245,2.0,-0.706,0.856,2.0,1.248,-0.846422,0.0,1.234,-0.180137,5.86919e-13,2.0,151.1,0.881,0.906,1.228,0.018,0.55345,7.0,-4.313,2.0,-4.645,-0.414,0.0,-1.542,-0.534,-0.318515,0.853,0.135755,0.0,0.866,0.881,2.178,9483.0
N163A,0.69,8.91231e-08,0.0385528,-0.91,1.05753,0.411,-0.012,-3.218,-0.0181869,0.431,4.0,7.481,0.686,-27.0,2.0,-2.28185,-0.0686321,437.3,0.547301,-7.882,36.0,0.0,-0.582,63.0,147.7,-69.158,2.243,0.805,2.0,-689.146,0.87,-9.331,-0.015,-2.007,0.95,2.267,1.095,1.234,0.87,-0.272132,0.786,1.0,0.005,285.186,2.0,-0.292,0.883,2.0,1.293,-0.691956,0.0,1.192,0.0177623,5.78759e-13,2.0,150.7,0.887,0.907,1.234,-0.045,3.20417,7.0,-2.563,2.0,-4.667,-0.416,0.0,-1.546,-0.521,0.0171621,0.858,0.711041,0.0,0.854,0.887,2.267,558.0
N354A,0.686,0.0,0.0,1.431,1.35175,0.129,-0.004,-3.301,-0.0149155,0.498,4.4,6.762,0.689,-27.0,2.0,-1.97428,-0.0674192,436.3,1.02256,-6.846,36.0,0.0,0.367,63.0,150.6,-68.319,2.32663,0.845,2.0,-684.88,0.844,-9.03,-0.019,3.306,0.903,2.261,1.126,1.19,0.844,0.01872,0.846,1.0,0.654,286.345,2.0,1.275,0.887,2.0,1.088,-0.691956,0.0,1.246,-0.0476696,0.0,2.0,149.1,0.834,0.909,1.19,0.011,2.0755,7.3,-2.916,1.6,-4.514,-0.41,0.0,-1.558,-0.646,0.613381,0.88,-0.00671183,0.0,0.894,0.834,2.261,547.0
N404A,0.696,0.0,-0.00476889,0.256,1.20611,0.29,-0.009,-3.162,0.0,0.484,4.2,8.212,0.69,-27.0,2.0,-2.80913,-0.0442942,435.7,0.73803,-8.482,36.0,0.0,-0.106,63.0,151.7,-69.358,-1.16929,0.88,2.0,-686.453,0.821,-8.938,0.0,1.419,0.906,2.175,1.103,1.214,0.821,-0.191771,0.897,1.0,1.055,286.275,2.0,0.158,0.851,2.0,1.22,-0.730967,0.0,1.282,-0.023297,0.0,2.0,152.0,0.785,0.903,1.214,0.002,0.0564155,7.1,-2.405,1.8,-4.47,-0.417,0.0,-1.536,-0.611,0.0702932,0.864,0.540786,0.0,0.88,0.785,2.175,393.0
I91E,0.692,-0.0252858,0.0852039,-0.327,0.394682,-0.462,-0.016,-3.394,0.0,-0.175,4.5,-0.025,0.69,-28.0,2.0,-0.0712598,-0.0580846,438.9,0.813098,3.53,36.0,0.0,-0.028,64.0,150.3,-70.086,0.876399,0.73,2.0,-687.109,0.886,-9.214,0.0,1.874,0.951,2.195,1.12,1.222,0.886,-0.0148963,0.749,1.0,0.001,286.702,2.0,-0.03,0.826,2.0,1.055,-0.247058,0.0,1.265,-0.0925522,0.0,2.0,151.0,0.858,0.905,1.222,-0.027,0.0,7.4,2.475,1.5,-4.607,-0.401,0.0,-1.505,-0.673,0.0,0.895,0.0,0.0,0.835,0.858,2.195,126071.0
E177K,0.698,0.076917,-0.26088,0.118,-0.0628958,-0.002,0.0,-3.322,0.0190108,0.033,4.5,0.076,0.691,-25.0,2.0,-0.409696,0.00609623,438.3,-0.220603,-1.393,37.0,0.0,-0.014,62.0,152.4,-68.763,-0.129697,0.885,2.0,-686.571,0.892,-9.075,-0.005,-1.531,0.98,2.124,1.129,1.213,0.892,0.00116926,0.85,1.0,0.001,286.993,2.0,0.004,0.901,2.0,1.023,-0.602726,0.0,1.25,-0.218996,0.0,2.0,150.0,0.929,0.906,1.213,0.02,1.43218,7.4,-1.973,1.5,-4.536,-0.414,0.0,-1.529,-0.668,0.00620802,0.898,-0.114476,0.0,0.862,0.929,2.124,89609.0
N220H,0.691,-1.12607e-07,0.0141109,-0.098,-0.642951,0.058,-0.004,-3.357,0.0979556,-0.076,3.3,-4.201,0.689,-27.0,2.0,0.758159,0.00426861,436.3,-0.856591,0.443,36.0,0.0,-0.246,63.0,155.3,-69.017,0.381533,0.757,2.0,-689.384,0.844,-10.087,0.0,-2.024,1.032,2.169,1.076,1.281,0.844,0.373001,0.807,1.0,-0.005,287.238,2.0,-0.268,0.833,2.0,1.297,0.158552,1.0,1.14,0.0863301,5.28064e-13,2.0,153.5,0.882,0.915,1.281,-0.019,0.300852,7.3,0.812,1.7,-5.045,-0.404,0.0,-1.785,-0.316,-0.0772629,0.947,0.251439,0.0,0.878,0.882,2.169,23874.0
C167A,0.693,0.0,-0.033799,0.23,0.551626,-0.116,0.001,-3.224,0.0,-0.423,4.1,1.739,0.693,-27.0,2.0,-0.178377,-0.0145401,437.6,0.620466,-1.993,36.0,0.0,0.05,63.0,151.6,-69.679,-0.16389,0.834,2.0,-687.845,0.88,-8.824,-0.001,-0.296,0.978,2.135,1.096,1.179,0.88,0.128888,0.831,1.0,-0.006,287.251,2.0,0.015,0.885,2.0,1.236,-0.856952,0.0,1.24,-0.0287712,0.0,2.0,150.7,0.879,0.899,1.179,-0.019,0.335711,7.1,-0.104,1.9,-4.411,-0.41,0.0,-1.518,-0.608,-0.00502756,0.904,-0.711886,0.0,0.906,0.879,2.135,32884.0
L171A,0.695,0.163926,-0.679258,0.13,1.27117,0.017,-0.008,-3.109,0.340356,0.202,4.1,5.839,0.686,-27.0,2.0,-0.0899741,-0.0946202,438.3,2.25512,-1.939,36.0,0.0,-0.338,63.0,150.9,-69.491,1.80734,0.757,2.0,-686.897,0.883,-8.944,-0.002,3.85,0.906,2.137,1.124,1.159,0.883,-0.0460904,0.776,1.0,-0.003,285.446,2.0,0.041,0.859,2.0,1.21,-1.11655,0.0,1.26,-0.0687528,5.86919e-13,2.0,150.6,0.896,0.893,1.159,0.016,-0.240424,7.0,-0.117,1.9,-4.47,-0.395,0.0,-1.534,-0.586,-0.17232,0.855,0.216,0.0,0.873,0.896,2.137,72719.0
M323A,0.693,0.00255134,-0.109322,-0.169,2.19211,0.06,-0.002,-3.239,5.46335e-09,0.063,4.2,7.513,0.69,-27.0,2.0,-1.00162,0.136925,437.9,3.48794,-2.45,36.0,0.0,-1.338,63.0,149.4,-69.711,2.95916,0.863,2.0,-686.945,0.861,-9.241,-0.005,2.904,0.895,2.165,1.157,1.169,0.861,-0.0620155,0.855,0.4,0.01,284.505,2.0,0.014,0.802,2.0,1.235,-1.46432,0.0,1.265,-0.151134,-1.13798e-15,2.0,150.0,0.852,0.905,1.169,0.029,-0.000155575,7.2,-1.345,1.8,-4.62,-0.405,0.0,-1.631,-0.615,0.0150924,0.775,-0.238036,0.0,0.817,0.852,2.165,44477.0
V52G,0.694,0.0,0.0907485,0.232,0.654275,-0.36,-0.013,-3.137,0.0,-0.349,4.2,3.966,0.692,-27.0,2.0,-1.14696,-0.0124053,437.8,0.800361,-2.526,36.0,0.0,-0.998,63.0,152.4,-69.758,-1.54336,0.721,2.0,-689.85,0.78,-8.695,-0.005,-1.08,1.014,2.165,1.115,1.204,0.78,-1.69571,0.781,1.0,-0.041,286.482,2.0,0.026,0.858,2.0,1.282,-0.24832,0.0,1.284,-0.520751,0.0,2.0,151.4,0.743,0.904,1.204,-0.03,0.00329545,7.2,-0.176,1.8,-4.348,-0.379,0.0,-1.51,-0.604,0.0168031,0.874,-0.00545376,0.0,0.869,0.743,2.165,83371.0
H101R,0.693,0.0309869,0.0123789,0.26,0.0456584,-0.172,0.008,-3.234,-0.253182,-0.238,4.3,3.138,0.688,-26.0,2.0,-0.764776,0.063777,438.0,-0.14904,-0.518,37.0,0.0,-0.423,63.0,151.1,-69.568,0.210647,0.81,2.0,-120.093,0.825,-8.819,0.0,0.859,0.897,2.182,1.153,1.249,0.825,-0.000251486,0.842,1.0,0.001,791.523,2.0,-0.108,0.911,2.0,1.11,-0.318394,0.0,1.259,-0.0675411,0.0,2.0,151.4,0.809,0.905,1.249,0.013,0.879,7.2,-0.389,1.7,-4.41,-0.396,0.0,-1.511,-0.64,0.93049,0.896,-0.266,0.0,0.903,0.809,2.182,99708.0
W325C,0.696,0.0,-0.0112506,-0.978,1.40607,-0.052,-0.029,-3.297,0.0,0.005,4.4,11.735,0.69,-27.0,2.0,-0.729851,0.150109,438.5,2.37989,-1.687,36.0,0.0,-1.285,63.0,148.9,-69.564,2.37614,0.783,2.0,-684.337,0.815,-7.81,0.006,4.571,0.899,2.195,1.063,1.223,0.815,-0.0393781,0.801,0.2,-0.004,285.341,2.0,-0.018,0.871,2.0,1.183,-0.336094,0.0,1.272,0.0575877,0.0,2.0,149.1,0.84,0.871,1.223,-0.01,-0.152959,7.3,-2.32,1.6,-3.906,-0.398,0.0,-0.913,-0.619,-0.0193632,0.727,-0.271028,0.0,0.89,0.84,2.195,2503.0
K341A,0.699,0.000385885,0.0311362,0.343,0.476,0.099,-0.007,-3.262,0.0,-0.012,4.2,1.485,0.693,-28.0,2.0,-0.552995,-0.0108852,436.4,0.609575,-1.881,35.0,0.0,-0.016,63.0,150.6,-69.158,0.0675356,0.735,2.0,-687.537,0.846,-9.127,-0.003,0.257,0.934,2.185,1.101,1.208,0.846,-0.0575127,0.756,1.0,0.007,285.73,2.0,-0.035,0.763,2.0,1.164,-0.288466,0.0,1.258,-0.429243,0.0,2.0,151.1,0.867,0.905,1.208,0.015,0.0,7.1,-0.871,1.8,-4.563,-0.408,0.0,-1.54,-0.61,0.050297,0.877,-0.19,0.0,0.753,0.867,2.185,191689.0
M358T,0.7,0.0,-0.0559824,-0.538,1.23148,-0.338,0.003,-3.264,0.0,-0.45,4.4,3.288,0.687,-27.0,2.0,-0.137278,0.0126847,438.7,2.21031,1.569,36.0,0.0,-0.105,63.0,153.5,-69.667,1.3903,0.859,2.0,-679.778,0.841,-8.937,-0.029,0.593,0.896,2.181,1.117,1.214,0.841,-0.0256399,0.853,1.0,0.002,289.726,2.0,0.014,0.88,2.0,1.165,-0.612274,0.0,1.302,-0.60189,0.0,2.0,150.9,0.829,0.903,1.214,-0.02,-0.579454,7.3,-2.756,1.6,-4.469,-0.398,0.0,-1.513,-0.654,0.0989018,0.882,-0.75245,0.0,0.897,0.829,2.181,90241.0
H178A,0.694,-0.165996,0.786153,0.253,1.49288,0.296,-0.002,-3.295,-0.547815,0.569,4.3,10.461,0.689,-27.0,2.0,-2.3216,-0.00364253,438.0,1.95597,-5.105,36.0,0.0,-0.809,63.0,149.9,-69.576,1.89054,0.799,2.0,-686.215,0.862,-8.968,0.0,3.444,0.977,2.186,1.1,1.242,0.862,-0.123133,0.801,1.0,0.002,285.607,2.0,-0.015,0.843,2.0,1.094,-1.13581,0.0,1.223,-0.114518,0.0,2.0,147.8,0.863,0.9,1.242,-0.038,0.867946,7.2,-2.553,1.7,-4.482,-0.398,0.0,-1.521,-0.614,0.92351,0.915,0.162074,0.0,0.853,0.863,2.186,14697.0
R240A,0.691,0.113569,2.01414,2.621,2.28416,-0.002,-0.016,-3.286,-3.04897e-08,-0.068,4.5,9.367,0.691,-28.0,2.0,-4.06031,-0.0174643,435.0,2.10664,-10.655,35.0,0.0,-0.289,63.0,154.0,-68.033,1.83979,0.789,2.0,-686.951,0.818,-8.761,-0.001,0.657,1.03,2.165,1.106,1.225,0.818,-0.216973,0.733,1.0,-0.019,284.914,2.0,1.88,0.861,2.0,1.111,-3.68206,0.5,1.238,-0.0610779,5.86919e-13,2.0,150.0,0.808,0.925,1.225,-0.014,3.60611,7.3,-3.246,1.5,-4.38,-0.392,0.0,-1.529,-0.698,0.0359996,0.866,-0.344021,0.0,0.872,0.808,2.165,565763.0
Q19S,0.693,-0.000155849,0.00750352,-0.307,1.41415,-0.019,-0.006,-2.464,-0.00370246,0.197,4.3,10.839,0.69,-27.0,2.0,-1.94908,-0.00405971,434.6,2.01113,-6.02,36.0,0.0,-1.909,63.0,150.1,-68.244,-0.800998,0.731,2.0,-686.149,0.804,-7.76,-0.038,1.397,0.944,2.088,1.152,1.19,0.804,0.735201,0.781,1.0,-0.279,284.437,2.0,-0.739,0.866,2.0,1.159,-1.25713,0.0,1.259,-0.071099,-1.13798e-15,2.0,148.2,0.799,0.91,1.19,-0.022,-0.169542,5.2,-1.981,1.7,-3.879,-0.486,0.0,-1.685,-0.642,-1.31552,0.817,-0.269804,0.0,0.875,0.799,2.088,13.0
E154D,0.691,-0.0805492,0.0448311,-0.308,0.234769,-0.162,-0.002,-3.338,-3.36461e-08,-0.436,4.4,-0.343,0.692,-27.0,2.0,-0.223414,-0.00257193,439.0,0.329147,1.183,36.0,0.0,0.006,63.0,149.7,-69.92,-0.0649717,0.824,2.0,-687.617,0.9,-9.142,0.002,0.054,0.889,2.139,1.097,1.216,0.9,-0.00161453,0.848,1.0,-0.001,286.358,2.0,-0.002,0.884,2.0,1.072,-0.0300258,0.0,1.271,-0.10936,-6.58668e-13,2.0,151.0,0.892,0.907,1.216,0.007,-2.60336e-05,7.4,-0.223,1.6,-4.57,-0.395,0.0,-1.534,-0.668,-4.63441e-06,0.87,-0.335514,0.0,0.902,0.892,2.139,254004.0
L171R,0.691,0.177683,-0.669322,-0.088,0.0505911,-0.001,0.0,-3.824,0.00715134,0.036,4.8,-2.172,0.686,-26.0,2.0,0.494629,0.0224623,441.9,1.06878,6.668,37.0,0.0,-0.116,63.0,149.2,-71.706,1.44066,0.815,2.0,-689.313,0.825,-11.269,0.023,4.812,0.879,2.279,1.208,1.295,0.825,-0.00965011,0.815,1.0,0.006,285.872,2.0,-0.014,0.843,2.0,0.839,0.640123,0.0,1.238,-0.0275817,0.0,2.0,152.1,0.754,0.951,1.295,0.038,-0.600993,8.5,1.517,1.2,-5.635,-0.413,0.0,-1.545,-0.768,0.00160884,0.911,0.257596,0.0,0.855,0.754,2.279,120146.0
E177A,0.689,0.0670818,-0.153093,-0.09,0.444226,0.084,-0.004,-3.309,-0.00030603,0.178,4.3,2.276,0.689,-26.0,2.0,-0.791909,-0.00367805,437.4,0.538097,-3.563,36.0,0.0,-0.049,62.0,151.1,-68.88,0.469362,0.779,2.0,-687.185,0.898,-9.206,-0.002,-1.221,1.027,2.165,1.098,1.212,0.898,-0.000129695,0.725,1.0,-0.003,286.028,2.0,0.014,0.874,2.0,1.137,-1.14233,0.0,1.267,-0.233185,0.0,2.0,152.0,0.859,0.907,1.212,0.013,1.5011,7.3,-2.811,1.7,-4.604,-0.417,0.0,-1.55,-0.643,0.00445791,0.874,0.0058453,0.0,0.897,0.859,2.165,164804.0
A192S,0.698,0.0,0.0,-1.665,-0.216078,0.106,0.0,-3.391,0.0,0.363,4.3,-1.609,0.69,-27.0,2.0,0.924717,0.00835162,439.0,0.448348,4.246,36.0,0.0,0.072,63.0,150.6,-70.025,0.579432,0.873,2.0,-665.701,0.908,-9.245,0.022,0.531,0.851,2.213,1.106,1.217,0.908,0.00331715,0.835,1.0,0.006,289.323,2.0,-1.419,0.889,2.0,1.216,0.529654,0.0,1.295,-0.0135624,0.0,2.0,150.2,0.922,0.902,1.217,0.006,-0.642311,7.3,1.01,1.7,-4.621,-0.418,0.0,-1.551,-0.65,-0.671854,0.87,0.195288,0.0,0.896,0.922,2.213,185848.0
S331A,0.691,0.0,0.0479581,0.406,0.250694,-0.003,0.003,-3.231,-0.0067927,0.028,4.3,0.591,0.684,-27.0,2.0,-1.28144,-0.00961225,436.7,-0.516448,-3.636,36.0,0.0,0.022,63.0,151.0,-69.733,-2.44408,0.87,2.0,-688.546,0.798,-8.848,-0.195,-1.712,0.998,2.129,1.141,1.196,0.798,-0.207219,0.845,1.0,-0.006,286.959,2.0,-0.094,0.787,2.0,1.229,-0.535411,0.0,1.28,-0.00459447,0.0,2.0,150.7,0.764,0.905,1.196,0.001,0.00900514,7.2,0.563,1.7,-4.423,-0.385,0.0,-1.559,-0.643,0.00662281,0.894,-0.20143,0.0,0.827,0.764,2.129,188306.0
H373R,0.701,0.20619,-0.643121,-2.277,-0.0372442,-0.002,-0.054,-3.192,-0.076038,-0.177,4.1,1.2,0.693,-26.0,2.0,-0.285162,-0.0406124,438.7,-0.0510485,3.314,37.0,0.0,-0.351,63.0,151.2,-69.363,-0.665302,0.816,2.0,-640.671,0.87,-8.93,-0.003,-0.754,1.078,2.171,1.131,1.237,0.87,-6.0993e-06,0.817,1.0,0.0,288.337,2.0,-0.441,0.902,2.0,1.267,-0.448426,0.0,1.269,-0.0793585,-0.0248762,2.0,150.9,0.918,0.908,1.237,0.004,1.0438,7.1,-1.254,1.9,-4.465,-0.401,0.0,-1.56,-0.559,-0.0655546,0.921,-0.2432,0.0,0.876,0.918,2.171,112169.0
H379R,0.698,0.246587,0.181304,0.943,-1.04389,-0.076,0.015,-3.288,-0.156808,-0.111,4.3,-4.538,0.692,-26.0,2.0,2.0175,0.151509,439.8,-0.389606,11.631,37.0,0.0,2.493,63.0,151.6,-70.361,2.47591,0.837,2.0,-684.021,0.829,-8.986,-0.025,8.902,1.064,2.279,1.116,1.292,0.829,1.43444,0.838,1.0,-0.554,286.987,2.0,0.019,0.876,3.9,1.151,1.06639,0.0,1.26,0.223167,6.07861e-13,2.0,150.6,0.853,0.909,1.292,0.036,0.182128,7.2,-0.218,1.7,-4.493,-0.391,0.0,-1.407,-0.638,-0.826279,1.041,-0.387375,0.0,0.865,0.853,2.279,380.0
S17E,0.698,-0.158571,0.496397,1.192,-1.349,-0.531,0.045,-3.282,0.0011847,0.18,4.5,-10.373,0.69,-28.0,2.0,4.49092,-0.11927,433.8,-1.75058,10.632,36.0,0.0,15.817,64.0,154.8,-67.33,11.2413,0.781,2.0,-670.227,0.835,-8.701,0.212,33.284,0.75,2.148,1.149,1.203,0.835,5.02314,0.806,1.0,-0.043,297.856,2.0,3.067,0.911,2.0,1.087,0.788593,0.0,1.26,0.266954,6.59778e-13,2.0,149.0,0.835,0.906,1.203,-0.005,3.94227,7.5,15.216,1.5,-4.351,-0.412,0.0,-1.535,-0.672,0.0259648,0.925,-0.149724,0.0,0.923,0.835,2.148,87596.0
W120F,0.69,0.0162344,-0.138406,-0.017,0.730099,0.195,-0.005,-3.075,-0.015438,0.148,4.0,7.001,0.686,-27.0,2.0,-0.889319,-0.809397,435.3,0.497883,-5.577,36.0,0.0,3.503,63.0,153.1,-68.952,1.25086,0.86,2.0,-685.969,0.892,-8.325,-0.007,5.401,0.979,2.136,1.01,1.141,0.892,0.770534,0.849,1.0,0.736,284.102,2.0,-1.354,0.884,2.0,1.275,-0.138587,0.0,1.115,0.16718,6.58668e-13,2.0,150.0,0.882,0.903,1.141,0.016,0.575228,6.8,1.376,2.0,-4.164,-0.425,0.0,-1.559,-0.564,0.575624,0.855,0.0764081,0.0,0.904,0.882,2.136,29334.0
C167Q,0.696,0.0,0.0280417,-0.398,-0.627786,-0.073,0.013,-3.044,0.00538783,-0.402,4.2,-7.74,0.695,-27.0,2.1,1.47519,0.019183,437.3,-0.731152,5.528,36.0,0.0,5.841,63.0,155.2,-69.094,0.763117,0.804,1.9,-682.816,0.87,-8.999,-0.004,5.867,1.078,2.181,1.189,1.291,0.87,0.253984,0.798,1.0,0.007,290.277,2.1,-0.526,0.851,2.0,1.577,0.492305,0.0,1.438,-0.00903062,0.0,1.9,150.3,0.857,0.911,1.291,0.025,0.334363,7.1,5.557,1.8,-4.501,-0.411,0.0,-1.568,-0.485,1.49498e-11,0.862,-0.4864,0.0,0.859,0.857,2.181,102415.0
Y294A,0.694,-0.0129696,5.07874e-05,0.736,3.02493,-0.033,-0.044,-3.554,-0.0151801,0.021,4.6,18.14,0.687,-27.0,2.0,-3.74666,-0.0559216,439.5,3.74397,-8.682,36.0,0.0,-1.26,63.0,145.9,-70.651,1.02341,0.87,2.0,-686.222,0.888,-9.519,-0.196,6.163,1.036,2.221,1.029,1.21,0.888,-0.517022,0.879,1.0,0.004,284.029,2.0,-0.405,0.811,2.0,1.123,-0.865615,0.0,1.308,-0.29183,-4.20872e-13,2.0,148.1,0.892,0.902,1.21,-0.042,-0.218849,7.6,-2.688,1.4,-4.76,-0.476,0.0,-0.972,-0.698,-0.28023,0.68,-0.0331001,0.0,0.869,0.892,2.221,33260.0
Q313R,0.691,-0.0266024,-1.66442,-0.702,0.0294357,0.053,0.006,-3.392,-3.17657e-08,0.034,4.5,-1.249,0.688,-26.0,2.0,-0.579458,0.0731907,440.5,0.0716597,2.73,37.0,0.0,0.093,63.0,151.7,-71.143,1.06377,0.839,2.0,-689.773,0.79,-9.142,-0.016,1.615,0.959,2.2,1.094,1.266,0.79,0.543878,0.844,1.0,-0.034,286.503,2.0,-0.688,0.828,2.0,1.039,-0.262173,0.0,1.247,-0.00470772,5.76539e-13,2.0,150.5,0.773,0.904,1.266,-0.022,2.79326,7.4,0.215,1.5,-4.572,-0.401,0.0,-1.509,-0.685,-0.0146414,0.906,0.0996294,0.0,0.842,0.773,2.2,192373.0
E406D,0.695,0.0237858,-0.104985,0.419,0.416341,-0.197,0.001,-2.817,0.0,-0.443,4.3,3.807,0.691,-27.0,2.0,0.239273,-0.107538,435.8,0.773565,-2.164,36.0,0.0,-0.349,63.0,148.7,-67.629,0.283899,0.866,2.0,-685.842,0.824,-7.6,0.003,1.445,0.951,2.156,0.997,1.212,0.824,0.043181,0.864,1.0,0.048,284.91,2.0,1.293,0.888,2.0,1.152,-0.529228,0.0,1.241,-0.0118121,0.0,2.0,148.9,0.851,0.904,1.212,-0.014,0.00736539,6.2,-1.291,1.7,-3.8,-0.407,0.0,-1.55,-0.601,0.0,0.822,-0.47786,0.0,0.897,0.851,2.156,1146.0
I244E,0.688,0.230692,-0.683821,-0.367,0.695632,0.032,-0.013,-3.272,0.448435,0.315,4.4,-2.134,0.691,-28.0,2.0,1.33648,-0.162256,437.7,1.74351,8.207,36.0,0.0,-0.1,64.0,153.2,-69.745,2.85648,0.881,2.0,-684.794,0.888,-8.779,0.042,5.133,0.964,2.157,1.155,1.241,0.888,-0.0743099,0.859,1.0,-0.011,286.135,2.0,-0.988,0.873,2.0,1.297,-0.00777537,0.0,1.302,-0.0734866,-5.34794e-13,2.0,151.8,0.884,0.906,1.241,-0.036,-0.19316,7.3,3.228,1.6,-4.39,-0.395,0.0,-1.537,-0.659,-0.150997,0.911,-0.325952,0.0,0.856,0.884,2.157,83137.0
N163D,0.687,-0.0732529,-1.70576,-3.618,0.130789,-0.049,0.016,-2.863,0.586351,-0.099,4.0,0.783,0.686,-28.0,2.0,2.50882,0.0706805,438.7,0.01875,3.907,36.0,0.0,0.428,64.0,150.6,-69.281,2.54481,0.855,2.0,-690.437,0.871,-8.341,-0.003,-0.559,0.864,2.119,1.173,1.211,0.871,-0.135535,0.848,1.0,0.002,286.577,2.0,-1.295,0.881,2.0,1.595,-0.168499,0.0,1.285,9.53987e-08,5.78759e-13,2.0,151.3,0.842,0.902,1.211,-0.028,1.36936,6.1,-0.165,2.0,-4.169,-0.402,0.0,-1.48,-0.544,0.00537012,0.868,-0.0622686,0.0,0.879,0.842,2.119,789.0
S400A,0.697,-2.37404e-07,0.000100206,0.622,0.325253,-0.155,-0.003,-3.215,-3.39143e-08,2.896,4.4,1.306,0.691,-27.0,2.0,-1.39143,-0.0363143,439.1,-0.401403,-4.328,36.0,0.0,-0.065,63.0,148.9,-69.446,-1.49141,0.853,2.0,-687.802,0.846,-8.862,0.0,0.142,0.897,2.154,1.112,1.189,0.846,0.342037,0.825,1.0,0.025,287.061,2.0,0.0,0.873,2.0,1.051,-0.5298,0.0,1.241,-0.0106863,-5.26121e-13,2.0,151.4,0.837,0.908,1.189,-0.046,0.207199,7.1,-0.719,1.6,-4.43,-0.404,0.0,-1.506,-0.638,0.20255,0.868,-0.209598,0.0,0.892,0.837,2.154,164795.0
