mutant,total_score,fa_rep,hbond_sc,tot_pstat_pm,tot_nlpstat_pm,tot_burunsat_pm,tot_hbond_pm,tot_NLconts_pm,tot_nlsurfaceE_pm,tot_total_charge,tot_total_pos_charges,tot_total_neg_charges,SR_1_total_score,SR_1_fa_rep,SR_1_hbond_sc,SR_1_hbond_pm,SR_1_burunsat_pm,SR_1_pstat_pm,SR_1_nlpstat_pm,SR_2_total_score,SR_2_fa_rep,SR_2_hbond_sc,SR_2_hbond_pm,SR_2_burunsat_pm,SR_2_pstat_pm,SR_2_nlpstat_pm,SR_3_total_score,SR_3_fa_rep,SR_3_hbond_sc,SR_3_hbond_pm,SR_3_burunsat_pm,SR_3_pstat_pm,SR_3_nlpstat_pm,SR_4_total_score,SR_4_fa_rep,SR_4_hbond_sc,SR_4_hbond_pm,SR_4_burunsat_pm,SR_4_pstat_pm,SR_4_nlpstat_pm,SR_5_total_score,SR_5_fa_rep,SR_5_hbond_sc,SR_5_interf_E_1_2,SR_5_dsasa_1_2,SR_5_hbond_pm,SR_5_burunsat_pm,kcat
S16A,-688.575,286.886,-69.528,0.698,0.691,150.9,438.1,150.6,0.93,-27.0,36.0,63.0,2.163,1.215,0.0,2.0,2.0,0.858,0.821,1.046,1.279,-0.701,4.6,1.4,0.901,0.905,2.163,1.215,0.0,2.0,2.0,0.858,0.821,-1.54,0.884,-0.421,2.0,0.0,0.883,0.882,-4.668,1.128,-3.49,-9.336,0.909,7.6,1.0,154.0
W325H,-685.414,285.584,-69.621,0.694,0.692,148.4,438.3,149.0,0.915,-27.0,36.0,63.0,2.191,1.195,0.0,2.0,2.0,0.851,0.842,1.325,1.28,-0.62,4.2,1.8,0.835,0.847,2.191,1.195,0.0,2.0,2.0,0.851,0.842,-1.274,0.741,-0.42,2.0,0.0,0.729,0.761,-4.2,1.1,-3.37,-8.401,0.9,7.3,1.0,35.0
W399R,-687.452,289.003,-69.56,0.686,0.681,148.1,440.5,148.2,0.969,-25.9,37.0,62.9,1.139,1.384,-0.895,3.8,1.0,0.752,0.76,0.78,1.331,-0.812,4.9,1.1,0.786,0.814,1.139,1.384,-0.895,3.8,1.0,0.752,0.76,-1.423,1.014,-0.425,2.0,0.0,0.843,0.861,-3.878,0.94,-3.282,-7.758,0.903,8.0,1.2,0.2
R240D,-681.331,287.224,-67.639,0.691,0.686,156.6,434.6,150.0,1.04,-29.0,35.0,64.0,2.136,1.186,0.0,2.0,2.0,0.844,0.844,1.212,1.21,-0.637,4.2,1.8,0.815,0.818,2.136,1.186,0.0,2.0,2.0,0.844,0.844,-1.53,0.866,-0.388,2.0,0.5,0.895,0.876,-4.323,1.106,-3.203,-8.644,0.93,7.1,1.0,282.0
N293A,-690.927,283.21,-68.888,0.689,0.687,148.8,437.4,150.7,0.991,-27.0,36.0,63.0,1.942,0.789,0.0,2.0,2.0,0.788,0.788,0.645,0.976,-0.586,4.2,1.8,0.723,0.777,1.942,0.789,0.0,2.0,2.0,0.788,0.788,-1.709,0.803,-0.439,2.0,0.0,0.836,0.871,-4.732,1.191,-3.308,-9.461,0.909,7.2,1.0,13.0
W399C,-683.569,285.107,-68.123,0.684,0.683,147.3,436.9,145.8,0.912,-27.0,36.0,63.0,2.281,1.1,0.0,2.0,1.0,0.806,0.771,1.05,1.215,-0.627,4.3,1.7,0.834,0.819,2.281,1.1,0.0,2.0,1.0,0.806,0.771,-1.465,0.985,-0.471,2.0,0.0,0.932,0.915,-4.233,0.875,-2.997,-8.465,0.894,7.0,1.0,3.0
H119N,-689.075,287.131,-70.898,0.69,0.691,151.9,438.9,151.5,0.977,-27.0,36.0,63.0,2.205,1.249,0.0,2.0,2.0,0.848,0.851,1.128,1.195,-0.524,4.0,2.0,0.823,0.819,2.205,1.249,0.0,2.0,2.0,0.848,0.851,-1.495,0.897,-0.401,2.0,0.0,0.848,0.864,-4.386,1.111,-3.284,-8.771,0.907,7.0,1.0,2.0
Y294F,-688.908,287.106,-69.47,0.694,0.697,150.9,438.4,150.0,0.935,-27.0,36.0,63.0,2.107,1.179,0.0,2.0,2.0,0.879,0.85,1.268,1.257,-0.573,4.1,1.9,0.817,0.823,2.107,1.179,0.0,2.0,2.0,0.879,0.85,-1.549,0.859,-0.403,2.0,0.0,0.764,0.815,-4.383,1.12,-3.13,-8.766,0.906,7.1,1.0,735.0
W325L,-686.038,285.498,-69.589,0.698,0.693,149.1,438.2,149.8,0.993,-27.0,36.0,63.0,2.097,1.192,0.0,2.0,2.0,0.829,0.879,1.165,1.267,-0.632,4.3,1.7,0.848,0.827,2.097,1.192,0.0,2.0,2.0,0.829,0.879,-1.145,0.732,-0.399,2.0,0.0,0.894,0.906,-3.856,1.079,-3.215,-7.716,0.891,7.2,0.1,109.0
W399A,-682.584,284.383,-68.384,0.688,0.68,147.4,436.5,145.9,0.897,-27.0,36.0,63.0,2.342,1.165,0.0,2.0,1.0,0.733,0.733,0.935,1.242,-0.668,4.6,1.4,0.814,0.828,2.342,1.165,0.0,2.0,1.0,0.733,0.733,-1.509,0.92,-0.422,2.0,0.0,0.804,0.834,-4.201,0.877,-3.011,-8.401,0.878,7.0,1.0,1.0
E164A,-680.666,284.405,-65.206,0.695,0.689,151.5,433.2,151.1,1.166,-26.0,36.0,62.0,2.547,1.084,0.0,2.4,1.4,0.794,0.823,-0.341,0.681,0.0,2.0,0.0,0.863,0.843,2.547,1.084,0.0,2.4,1.4,0.794,0.823,-1.058,0.812,0.0,1.0,0.3,0.802,0.828,-2.6,0.847,-1.525,-5.199,0.873,3.6,0.5,1.0
E222Y,-685.202,288.559,-68.298,0.693,0.688,158.7,435.4,152.2,0.976,-26.0,36.0,62.0,2.15,1.195,0.0,2.0,2.0,0.871,0.873,1.506,1.23,-0.628,4.2,1.8,0.851,0.817,2.15,1.195,0.0,2.0,2.0,0.871,0.873,-1.537,0.925,-0.374,2.0,1.0,0.831,0.838,-4.177,1.255,-3.11,-8.353,0.929,7.1,1.0,12.0
F415A,-686.35,282.828,-70.056,0.689,0.682,146.4,439.3,148.0,0.866,-27.0,36.0,63.0,2.095,1.113,0.0,2.0,2.0,0.822,0.797,0.962,1.219,-0.692,4.5,1.5,0.829,0.803,2.095,1.113,0.0,2.0,2.0,0.822,0.797,-1.35,0.736,-0.425,2.0,0.0,0.879,0.88,-4.46,1.187,-3.381,-8.918,0.903,7.5,0.0,0.0
F415N,-687.243,283.899,-70.657,0.699,0.684,149.8,439.8,148.0,0.929,-27.0,36.0,63.0,2.1,1.128,0.0,2.0,2.0,0.778,0.725,1.175,1.266,-0.626,4.2,1.8,0.861,0.851,2.1,1.128,0.0,2.0,2.0,0.778,0.725,-1.439,0.683,-0.443,2.0,0.0,0.908,0.895,-4.34,1.134,-3.24,-8.677,0.906,7.2,1.0,0.9
M221A,-685.762,286.839,-70.239,0.693,0.688,150.6,437.8,152.1,0.909,-27.0,36.0,63.0,2.226,1.227,0.0,2.0,2.0,0.851,0.883,1.041,1.203,-0.662,4.3,1.7,0.762,0.731,2.226,1.227,0.0,2.0,2.0,0.851,0.883,-1.556,0.868,-0.385,2.0,0.0,0.861,0.854,-4.566,1.036,-3.26,-9.131,0.903,7.3,1.0,547.0
E222R,-684.298,286.924,-68.765,0.692,0.686,156.4,437.2,150.2,0.964,-25.0,37.0,62.0,2.166,1.209,0.0,2.0,2.0,0.853,0.881,0.96,1.235,-0.731,4.6,1.4,0.844,0.859,2.166,1.209,0.0,2.0,2.0,0.853,0.881,-1.738,0.821,-0.4,2.0,0.6,0.859,0.879,-5.012,1.351,-3.619,-10.024,0.942,8.4,1.0,42.0
I244N,-686.404,286.651,-70.081,0.686,0.69,151.2,439.2,152.9,0.938,-27.0,36.0,63.0,2.198,1.249,0.0,2.0,2.0,0.851,0.873,1.349,1.198,-0.638,4.1,1.9,0.833,0.844,2.198,1.249,0.0,2.0,2.0,0.851,0.873,-1.528,0.877,-0.376,2.0,0.0,0.788,0.878,-4.371,1.146,-3.209,-8.741,0.902,7.1,1.0,271.0
Y166P,-685.21,286.539,-69.425,0.694,0.686,153.3,440.7,149.1,0.906,-26.9,36.0,62.9,2.149,1.252,0.0,2.0,2.0,0.854,0.89,0.814,1.337,-0.718,4.5,1.5,0.83,0.822,2.149,1.252,0.0,2.0,2.0,0.854,0.89,-1.522,0.897,-0.425,2.0,0.0,0.896,0.905,-4.299,1.204,-3.226,-8.598,0.911,7.1,1.1,27.0
T296A,-685.892,286.601,-69.855,0.694,0.689,152.2,436.6,150.1,0.963,-27.0,36.0,63.0,2.209,1.237,0.0,2.0,2.0,0.789,0.841,1.13,1.27,-0.67,4.4,1.6,0.873,0.866,2.209,1.237,0.0,2.0,2.0,0.789,0.841,-1.501,0.896,-0.399,2.0,0.0,0.823,0.825,-4.506,1.131,-3.301,-9.016,0.905,7.3,1.0,109.0
Y18A,-684.978,283.984,-68.866,0.689,0.687,150.7,435.8,148.8,0.994,-27.0,36.0,63.0,2.141,1.174,0.0,2.0,2.0,0.855,0.833,1.282,1.284,-0.574,4.1,1.9,0.728,0.712,2.141,1.174,0.0,2.0,2.0,0.855,0.833,-1.53,0.857,-0.405,2.0,0.0,0.807,0.824,-4.578,1.035,-3.211,-9.157,0.905,7.1,1.0,197.0
T15A,-686.288,285.9,-69.429,0.691,0.686,150.5,437.7,150.4,0.902,-27.0,36.0,63.0,2.203,1.231,0.0,2.0,2.0,0.825,0.857,1.067,1.268,-0.675,4.5,1.5,0.825,0.84,2.203,1.231,0.0,2.0,2.0,0.825,0.857,-1.511,0.902,-0.403,2.0,0.0,0.855,0.869,-4.575,1.124,-3.357,-9.154,0.905,7.4,1.0,614.0
T218A,-690.474,282.902,-67.822,0.703,0.686,150.6,436.9,150.4,1.075,-27.0,36.0,63.0,1.894,0.989,0.0,2.0,2.0,0.869,0.87,0.981,1.165,-0.524,4.0,2.0,0.813,0.795,1.894,0.989,0.0,2.0,2.0,0.869,0.87,-1.564,0.839,-0.421,2.0,0.0,0.866,0.888,-4.617,1.251,-3.18,-9.234,0.907,7.0,1.0,464.0
E222H,-685.9,286.509,-67.589,0.691,0.683,157.5,435.5,151.4,0.978,-26.0,36.0,62.0,2.154,1.211,0.0,2.0,2.0,0.821,0.825,1.339,1.187,-0.633,4.2,1.8,0.705,0.707,2.154,1.211,0.0,2.0,2.0,0.821,0.825,-1.688,0.874,-0.4,2.0,1.0,0.861,0.868,-4.567,1.088,-3.332,-9.134,0.922,7.2,1.0,160.0
T352A,-687.3,286.167,-69.205,0.696,0.689,152.0,437.0,151.0,0.964,-27.0,36.0,63.0,2.036,1.165,0.0,2.0,2.0,0.769,0.801,1.113,1.301,-0.671,4.5,1.5,0.795,0.827,2.036,1.165,0.0,2.0,2.0,0.769,0.801,-1.541,0.888,-0.406,2.0,0.0,0.84,0.861,-4.326,1.171,-3.153,-8.651,0.907,7.1,1.0,60.0
W120H,-686.45,282.262,-67.668,0.687,0.683,158.5,436.1,149.8,1.0,-27.0,36.0,63.0,2.08,1.126,0.0,2.0,2.0,0.861,0.846,1.382,1.199,-0.573,4.6,1.8,0.81,0.836,2.08,1.126,0.0,2.0,2.0,0.861,0.846,-1.665,0.784,-0.451,2.0,0.0,0.876,0.87,-3.681,0.979,-2.59,-7.36,0.909,6.4,1.0,84.0
R240K,-681.649,287.211,-67.81,0.688,0.685,155.0,434.6,150.1,0.889,-27.0,36.0,63.0,2.212,1.234,0.0,2.0,2.0,0.804,0.839,1.274,1.24,-0.657,4.3,1.7,0.727,0.762,2.212,1.234,0.0,2.0,2.0,0.804,0.839,-1.522,0.911,-0.39,2.0,0.6,0.816,0.795,-4.438,1.114,-3.29,-8.878,0.921,7.2,1.0,898.0
S298E,-682.623,286.972,-68.456,0.694,0.689,155.2,436.3,150.3,1.063,-28.0,36.0,64.0,2.127,1.146,0.0,2.0,2.0,0.782,0.758,1.182,1.235,-0.644,4.3,1.7,0.804,0.812,2.127,1.146,0.0,2.0,2.0,0.782,0.758,-1.918,0.895,-0.404,2.6,0.0,0.923,0.898,-4.619,1.102,-3.353,-9.242,0.905,7.3,1.0,809.0
N163C,-689.438,285.72,-68.595,0.697,0.69,150.2,436.0,148.9,0.958,-27.0,36.0,63.0,2.273,1.253,0.0,2.0,2.0,0.775,0.845,1.277,1.228,-0.528,4.0,2.0,0.899,0.908,2.273,1.253,0.0,2.0,2.0,0.775,0.845,-1.557,0.909,-0.406,2.0,0.0,0.877,0.893,-4.54,1.148,-3.189,-9.078,0.903,7.0,1.0,26.0
E222K,-685.423,286.458,-67.81,0.691,0.685,157.2,435.4,149.3,1.048,-25.0,37.0,62.0,2.194,1.237,0.0,2.0,2.0,0.898,0.874,1.16,1.198,-0.664,4.3,1.7,0.815,0.818,2.194,1.237,0.0,2.0,2.0,0.898,0.874,-1.593,0.913,-0.398,2.0,0.9,0.854,0.855,-5.19,1.165,-3.489,-10.383,0.961,8.2,1.0,108.0
E222Q,-684.431,286.636,-68.028,0.692,0.685,158.4,435.6,149.7,1.022,-26.0,36.0,62.0,2.139,1.209,0.0,2.0,2.0,0.879,0.871,1.236,1.199,-0.626,4.2,1.8,0.795,0.743,2.139,1.209,0.0,2.0,2.0,0.879,0.871,-1.524,0.903,-0.385,2.0,1.0,0.913,0.899,-4.422,1.137,-3.214,-8.847,0.944,7.2,1.0,668.0
N220A,-685.96,287.376,-69.213,0.696,0.687,152.1,436.7,150.9,0.969,-27.0,36.0,63.0,2.202,1.191,0.0,2.0,2.0,0.907,0.901,1.639,1.315,-0.33,3.4,1.5,0.79,0.837,2.202,1.191,0.0,2.0,2.0,0.907,0.901,-1.509,0.9,-0.4,2.0,0.0,0.915,0.911,-4.579,1.059,-3.374,-9.158,0.883,7.3,1.0,405.0
E222A,-684.664,285.463,-68.109,0.697,0.688,152.1,435.2,150.8,1.029,-26.0,36.0,62.0,2.225,1.243,0.0,2.0,2.0,0.9,0.91,0.982,1.253,-0.741,4.6,1.4,0.733,0.713,2.225,1.243,0.0,2.0,2.0,0.9,0.91,-1.497,0.895,-0.381,2.0,0.0,0.86,0.913,-4.542,1.118,-3.391,-9.08,0.903,7.5,1.0,90.0
W325A,-684.001,285.372,-69.345,0.706,0.692,148.5,437.9,148.0,0.908,-27.0,36.0,63.0,2.198,1.209,0.0,2.0,2.0,0.852,0.838,1.31,1.292,-0.59,4.2,1.8,0.898,0.869,2.198,1.209,0.0,2.0,2.0,0.852,0.838,-0.883,0.729,-0.401,2.0,0.0,0.824,0.807,-3.9,1.054,-3.268,-7.798,0.864,7.2,0.0,29.0
T175R,-688.429,287.363,-69.141,0.693,0.689,150.1,439.1,150.7,0.864,-26.0,37.0,63.0,2.156,1.207,0.0,2.0,2.0,0.891,0.877,1.151,1.266,-0.621,4.3,1.7,0.806,0.823,2.156,1.207,0.0,2.0,2.0,0.891,0.877,-1.504,0.873,-0.405,2.0,0.0,0.889,0.915,-4.435,1.115,-3.194,-8.872,0.906,7.3,1.0,801.0
E177L,-687.681,286.646,-68.82,0.693,0.692,151.5,437.7,151.3,0.9,-26.0,36.0,62.0,2.178,1.221,0.0,2.0,2.0,0.833,0.853,1.182,1.268,-0.621,4.3,1.7,0.863,0.903,2.178,1.221,0.0,2.0,2.0,0.833,0.853,-1.51,0.891,-0.404,2.0,0.0,0.875,0.888,-4.507,1.114,-3.25,-9.017,0.904,7.2,1.0,670.0
I300N,-543.728,419.122,-70.382,0.694,0.686,152.9,436.5,149.5,0.994,-27.0,36.0,63.0,2.242,1.258,0.0,2.0,2.0,0.851,0.84,1.112,1.273,-0.66,4.4,1.6,0.853,0.862,2.242,1.258,0.0,2.0,2.0,0.851,0.84,-1.516,0.916,-0.392,2.0,0.0,0.876,0.879,-4.483,1.131,-3.297,-8.969,0.903,7.4,1.0,693.0
N220R,-688.869,287.222,-70.964,0.692,0.689,151.3,440.0,149.9,0.951,-26.0,37.0,63.0,2.225,1.217,0.0,2.0,2.0,0.871,0.895,1.497,1.4,-0.274,3.3,1.7,0.917,0.908,2.225,1.217,0.0,2.0,2.0,0.871,0.895,-1.501,0.849,-0.403,2.0,0.0,0.895,0.897,-5.483,1.182,-3.558,-10.968,0.957,8.2,1.0,14.9
N220Y,-689.347,287.864,-69.128,0.693,0.69,154.9,436.6,152.2,0.991,-27.0,36.0,63.0,2.262,1.275,0.0,2.0,2.0,0.898,0.906,1.436,1.163,-0.306,3.3,1.7,0.826,0.828,2.262,1.275,0.0,2.0,2.0,0.898,0.906,-1.915,0.983,-0.389,2.2,0.8,0.836,0.863,-4.987,1.1,-3.29,-9.976,0.925,7.3,1.0,628.0
N293C,-690.901,283.408,-68.758,0.698,0.69,149.3,436.7,150.9,1.029,-27.0,36.0,63.0,2.016,0.866,0.0,2.0,2.0,0.845,0.885,0.749,0.984,-0.529,4.0,2.0,0.788,0.81,2.016,0.866,0.0,2.0,2.0,0.845,0.885,-1.651,0.825,-0.421,2.0,0.0,0.913,0.915,-4.729,1.17,-3.217,-9.46,0.91,7.0,1.0,11.0
L362M,-543.151,348.665,-69.725,0.704,0.695,151.3,438.5,151.4,0.906,-27.0,36.0,63.0,2.129,1.183,0.0,2.0,2.0,0.929,0.88,1.27,1.304,-0.603,4.2,1.8,0.881,0.875,2.129,1.183,0.0,2.0,2.0,0.929,0.88,-1.554,0.894,-0.404,2.0,0.0,0.902,0.891,-4.373,1.127,-3.161,-8.743,0.906,7.2,1.0,917.0
W409Y,-687.167,286.718,-69.669,0.693,0.686,150.3,437.9,150.0,0.946,-27.0,36.0,63.0,2.226,1.265,0.0,2.0,2.0,0.843,0.854,1.243,1.263,-0.594,4.2,1.8,0.838,0.846,2.226,1.265,0.0,2.0,2.0,0.843,0.854,-1.562,0.917,-0.407,2.0,0.0,0.876,0.89,-4.245,1.085,-3.247,-8.491,0.881,7.2,1.0,809.0
S14A,-687.889,286.135,-68.719,0.694,0.689,152.4,436.4,149.2,0.977,-27.0,36.0,63.0,2.061,1.217,0.0,2.0,2.0,0.824,0.806,1.128,1.274,-0.638,4.3,1.7,0.877,0.865,2.061,1.217,0.0,2.0,2.0,0.824,0.806,-1.544,0.898,-0.39,2.0,0.0,0.854,0.84,-4.501,1.087,-3.264,-9.001,0.908,7.3,1.0,320.0
S17A,-686.733,286.892,-68.873,0.692,0.689,151.8,435.3,151.2,0.98,-27.0,36.0,63.0,2.193,1.229,0.0,2.0,2.0,0.786,0.792,1.277,1.27,-0.578,4.1,1.9,0.791,0.743,2.193,1.229,0.0,2.0,2.0,0.786,0.792,-1.589,0.881,-0.409,2.0,0.0,0.87,0.869,-4.576,1.077,-3.23,-9.15,0.905,7.1,1.0,848.0
H119A,-690.777,284.245,-69.546,0.697,0.687,150.1,437.7,151.1,0.908,-27.0,36.0,63.0,2.178,1.228,0.0,2.0,2.0,0.881,0.855,1.248,1.234,-0.534,4.0,2.0,0.839,0.845,2.178,1.228,0.0,2.0,2.0,0.881,0.855,-1.542,0.853,-0.414,2.0,0.0,0.856,0.866,-4.645,1.118,-3.334,-9.29,0.906,7.0,1.0,143.0
N163A,-689.146,285.186,-69.158,0.69,0.686,147.7,437.3,150.7,0.95,-27.0,36.0,63.0,2.267,1.234,0.0,2.0,2.0,0.887,0.87,1.293,1.192,-0.521,4.0,2.0,0.805,0.786,2.267,1.234,0.0,2.0,2.0,0.887,0.87,-1.546,0.858,-0.416,2.0,0.0,0.883,0.854,-4.667,1.095,-3.218,-9.331,0.907,7.0,1.0,7.0
N354A,-684.88,286.345,-68.319,0.686,0.689,150.6,436.3,149.1,0.903,-27.0,36.0,63.0,2.261,1.19,0.0,2.0,2.0,0.834,0.844,1.088,1.246,-0.646,4.4,1.6,0.845,0.846,2.261,1.19,0.0,2.0,2.0,0.834,0.844,-1.558,0.88,-0.41,2.0,0.0,0.887,0.894,-4.514,1.126,-3.301,-9.03,0.909,7.3,1.0,3.0
N404A,-686.453,286.275,-69.358,0.696,0.69,151.7,435.7,152.0,0.906,-27.0,36.0,63.0,2.175,1.214,0.0,2.0,2.0,0.785,0.821,1.22,1.282,-0.611,4.2,1.8,0.88,0.897,2.175,1.214,0.0,2.0,2.0,0.785,0.821,-1.536,0.864,-0.417,2.0,0.0,0.851,0.88,-4.47,1.103,-3.162,-8.938,0.903,7.1,1.0,4.0
I91E,-687.109,286.702,-70.086,0.692,0.69,150.3,438.9,151.0,0.951,-28.0,36.0,64.0,2.195,1.222,0.0,2.0,2.0,0.858,0.886,1.055,1.265,-0.673,4.5,1.5,0.73,0.749,2.195,1.222,0.0,2.0,2.0,0.858,0.886,-1.505,0.895,-0.401,2.0,0.0,0.826,0.835,-4.607,1.12,-3.394,-9.214,0.905,7.4,1.0,846.0
E177K,-686.571,286.993,-68.763,0.698,0.691,152.4,438.3,150.0,0.98,-25.0,37.0,62.0,2.124,1.213,0.0,2.0,2.0,0.929,0.892,1.023,1.25,-0.668,4.5,1.5,0.885,0.85,2.124,1.213,0.0,2.0,2.0,0.929,0.892,-1.529,0.898,-0.414,2.0,0.0,0.901,0.862,-4.536,1.129,-3.322,-9.075,0.906,7.4,1.0,555.0
N220H,-689.384,287.238,-69.017,0.691,0.689,155.3,436.3,153.5,1.032,-27.0,36.0,63.0,2.169,1.281,0.0,2.0,2.0,0.882,0.844,1.297,1.14,-0.316,3.3,1.7,0.757,0.807,2.169,1.281,0.0,2.0,2.0,0.882,0.844,-1.785,0.947,-0.404,2.0,1.0,0.833,0.878,-5.045,1.076,-3.357,-10.087,0.915,7.3,1.0,123.0
C167A,-687.845,287.251,-69.679,0.693,0.693,151.6,437.6,150.7,0.978,-27.0,36.0,63.0,2.135,1.179,0.0,2.0,2.0,0.879,0.88,1.236,1.24,-0.608,4.1,1.9,0.834,0.831,2.135,1.179,0.0,2.0,2.0,0.879,0.88,-1.518,0.904,-0.41,2.0,0.0,0.885,0.906,-4.411,1.096,-3.224,-8.824,0.899,7.1,1.0,479.0
L171A,-686.897,285.446,-69.491,0.695,0.686,150.9,438.3,150.6,0.906,-27.0,36.0,63.0,2.137,1.159,0.0,2.0,2.0,0.896,0.883,1.21,1.26,-0.586,4.1,1.9,0.757,0.776,2.137,1.159,0.0,2.0,2.0,0.896,0.883,-1.534,0.855,-0.395,2.0,0.0,0.859,0.873,-4.47,1.124,-3.109,-8.944,0.893,7.0,1.0,807.0
M323A,-686.945,284.505,-69.711,0.693,0.69,149.4,437.9,150.0,0.895,-27.0,36.0,63.0,2.165,1.169,0.0,2.0,2.0,0.852,0.861,1.235,1.265,-0.615,4.2,1.8,0.863,0.855,2.165,1.169,0.0,2.0,2.0,0.852,0.861,-1.631,0.775,-0.405,2.0,0.0,0.802,0.817,-4.62,1.157,-3.239,-9.241,0.905,7.2,0.4,416.0
V52G,-689.85,286.482,-69.758,0.694,0.692,152.4,437.8,151.4,1.014,-27.0,36.0,63.0,2.165,1.204,0.0,2.0,2.0,0.743,0.78,1.282,1.284,-0.604,4.2,1.8,0.721,0.781,2.165,1.204,0.0,2.0,2.0,0.743,0.78,-1.51,0.874,-0.379,2.0,0.0,0.858,0.869,-4.348,1.115,-3.137,-8.695,0.904,7.2,1.0,687.0
H101R,-120.093,791.523,-69.568,0.693,0.688,151.1,438.0,151.4,0.897,-26.0,37.0,63.0,2.182,1.249,0.0,2.0,2.0,0.809,0.825,1.11,1.259,-0.64,4.3,1.7,0.81,0.842,2.182,1.249,0.0,2.0,2.0,0.809,0.825,-1.511,0.896,-0.396,2.0,0.0,0.911,0.903,-4.41,1.153,-3.234,-8.819,0.905,7.2,1.0,1059.0
W325C,-684.337,285.341,-69.564,0.696,0.69,148.9,438.5,149.1,0.899,-27.0,36.0,63.0,2.195,1.223,0.0,2.0,2.0,0.84,0.815,1.183,1.272,-0.619,4.4,1.6,0.783,0.801,2.195,1.223,0.0,2.0,2.0,0.84,0.815,-0.913,0.727,-0.398,2.0,0.0,0.871,0.89,-3.906,1.063,-3.297,-7.81,0.871,7.3,0.2,10.0
K341A,-687.537,285.73,-69.158,0.699,0.693,150.6,436.4,151.1,0.934,-28.0,35.0,63.0,2.185,1.208,0.0,2.0,2.0,0.867,0.846,1.164,1.258,-0.61,4.2,1.8,0.735,0.756,2.185,1.208,0.0,2.0,2.0,0.867,0.846,-1.54,0.877,-0.408,2.0,0.0,0.763,0.753,-4.563,1.101,-3.262,-9.127,0.905,7.1,1.0,1046.0
M358T,-679.778,289.726,-69.667,0.7,0.687,153.5,438.7,150.9,0.896,-27.0,36.0,63.0,2.181,1.214,0.0,2.0,2.0,0.829,0.841,1.165,1.302,-0.654,4.4,1.6,0.859,0.853,2.181,1.214,0.0,2.0,2.0,0.829,0.841,-1.513,0.882,-0.398,2.0,0.0,0.88,0.897,-4.469,1.117,-3.264,-8.937,0.903,7.3,1.0,436.0
N404C,-687.356,287.14,-69.739,0.693,0.69,150.7,436.8,151.1,0.94,-27.0,36.0,63.0,2.198,1.244,0.0,2.0,2.0,0.912,0.87,1.115,1.289,-0.647,4.4,1.6,0.838,0.857,2.198,1.244,0.0,2.0,2.0,0.912,0.87,-1.481,0.906,-0.397,2.0,0.0,0.872,0.858,-4.487,1.131,-3.262,-8.974,0.904,7.3,1.0,85.2
H178A,-686.215,285.607,-69.576,0.694,0.689,149.9,438.0,147.8,0.977,-27.0,36.0,63.0,2.186,1.242,0.0,2.0,2.0,0.863,0.862,1.094,1.223,-0.614,4.3,1.7,0.799,0.801,2.186,1.242,0.0,2.0,2.0,0.863,0.862,-1.521,0.915,-0.398,2.0,0.0,0.843,0.853,-4.482,1.1,-3.295,-8.968,0.9,7.2,1.0,113.0
N220G,-687.641,284.963,-70.251,0.696,0.689,150.0,437.8,151.9,0.861,-27.0,36.0,63.0,2.344,1.282,0.0,2.0,2.0,0.833,0.845,1.085,0.924,-0.373,3.8,0.2,0.778,0.792,2.344,1.282,0.0,2.0,2.0,0.833,0.845,-1.493,0.905,-0.398,2.0,0.0,0.884,0.908,-4.837,0.912,-3.578,-9.676,0.877,7.8,1.0,209.0
R240A,-686.951,284.914,-68.033,0.691,0.691,154.0,435.0,150.0,1.03,-28.0,35.0,63.0,2.165,1.225,0.0,2.0,2.0,0.808,0.818,1.111,1.238,-0.698,4.5,1.5,0.789,0.733,2.165,1.225,0.0,2.0,2.0,0.808,0.818,-1.529,0.866,-0.392,2.0,0.5,0.861,0.872,-4.38,1.106,-3.286,-8.761,0.925,7.3,1.0,11011.0
E154D,-687.617,286.358,-69.92,0.691,0.692,149.7,439.0,151.0,0.889,-27.0,36.0,63.0,2.139,1.216,0.0,2.0,2.0,0.892,0.9,1.072,1.271,-0.668,4.4,1.6,0.824,0.848,2.139,1.216,0.0,2.0,2.0,0.892,0.9,-1.534,0.87,-0.395,2.0,0.0,0.884,0.902,-4.57,1.097,-3.338,-9.142,0.907,7.4,1.0,878.0
L171R,-689.313,285.872,-71.706,0.691,0.686,149.2,441.9,152.1,0.879,-26.0,37.0,63.0,2.279,1.295,0.0,2.0,2.0,0.754,0.825,0.839,1.238,-0.768,4.8,1.2,0.815,0.815,2.279,1.295,0.0,2.0,2.0,0.754,0.825,-1.545,0.911,-0.413,2.0,0.0,0.843,0.855,-5.635,1.208,-3.824,-11.269,0.951,8.5,1.0,403.0
E177A,-687.185,286.028,-68.88,0.689,0.689,151.1,437.4,152.0,1.027,-26.0,36.0,62.0,2.165,1.212,0.0,2.0,2.0,0.859,0.898,1.137,1.267,-0.643,4.3,1.7,0.779,0.725,2.165,1.212,0.0,2.0,2.0,0.859,0.898,-1.55,0.874,-0.417,2.0,0.0,0.874,0.897,-4.604,1.098,-3.309,-9.206,0.907,7.3,1.0,986.0
A192S,-665.701,289.323,-70.025,0.698,0.69,150.6,439.0,150.2,0.851,-27.0,36.0,63.0,2.213,1.217,0.0,2.0,2.0,0.922,0.908,1.216,1.295,-0.65,4.3,1.7,0.873,0.835,2.213,1.217,0.0,2.0,2.0,0.922,0.908,-1.551,0.87,-0.418,2.0,0.0,0.889,0.896,-4.621,1.106,-3.391,-9.245,0.902,7.3,1.0,946.0
S331A,-688.546,286.959,-69.733,0.691,0.684,151.0,436.7,150.7,0.998,-27.0,36.0,63.0,2.129,1.196,0.0,2.0,2.0,0.764,0.798,1.229,1.28,-0.643,4.3,1.7,0.87,0.845,2.129,1.196,0.0,2.0,2.0,0.764,0.798,-1.559,0.894,-0.385,2.0,0.0,0.787,0.827,-4.423,1.141,-3.231,-8.848,0.905,7.2,1.0,817.0
H373R,-640.671,288.337,-69.363,0.701,0.693,151.2,438.7,150.9,1.078,-26.0,37.0,63.0,2.171,1.237,0.0,2.0,2.0,0.918,0.87,1.267,1.269,-0.559,4.1,1.9,0.816,0.817,2.171,1.237,0.0,2.0,2.0,0.918,0.87,-1.56,0.921,-0.401,2.0,0.0,0.902,0.876,-4.465,1.131,-3.192,-8.93,0.908,7.1,1.0,707.0
H379R,-684.021,286.987,-70.361,0.698,0.692,151.6,439.8,150.6,1.064,-26.0,37.0,63.0,2.279,1.292,0.0,2.0,2.0,0.853,0.829,1.151,1.26,-0.638,4.3,1.7,0.837,0.838,2.279,1.292,0.0,2.0,2.0,0.853,0.829,-1.407,1.041,-0.391,3.9,0.0,0.876,0.865,-4.493,1.116,-3.288,-8.986,0.909,7.2,1.0,2.0
S17E,-670.227,297.856,-67.33,0.698,0.69,154.8,433.8,149.0,0.75,-28.0,36.0,64.0,2.148,1.203,0.0,2.0,2.0,0.835,0.835,1.087,1.26,-0.672,4.5,1.5,0.781,0.806,2.148,1.203,0.0,2.0,2.0,0.835,0.835,-1.535,0.925,-0.412,2.0,0.0,0.911,0.923,-4.351,1.149,-3.282,-8.701,0.906,7.5,1.0,641.0
W120F,-685.969,284.102,-68.952,0.69,0.686,153.1,435.3,150.0,0.979,-27.0,36.0,63.0,2.136,1.141,0.0,2.0,2.0,0.882,0.892,1.275,1.115,-0.564,4.0,2.0,0.86,0.849,2.136,1.141,0.0,2.0,2.0,0.882,0.892,-1.559,0.855,-0.425,2.0,0.0,0.884,0.904,-4.164,1.01,-3.075,-8.325,0.903,6.8,1.0,472.0
C167Q,-682.816,290.277,-69.094,0.696,0.695,155.2,437.3,150.3,1.078,-27.0,36.0,63.0,2.181,1.291,0.0,1.9,2.1,0.857,0.87,1.577,1.438,-0.485,4.2,1.8,0.804,0.798,2.181,1.291,0.0,1.9,2.1,0.857,0.87,-1.568,0.862,-0.411,2.0,0.0,0.851,0.859,-4.501,1.189,-3.044,-8.999,0.911,7.1,1.0,504.0
Y294A,-686.222,284.029,-70.651,0.694,0.687,145.9,439.5,148.1,1.036,-27.0,36.0,63.0,2.221,1.21,0.0,2.0,2.0,0.892,0.888,1.123,1.308,-0.698,4.6,1.4,0.87,0.879,2.221,1.21,0.0,2.0,2.0,0.892,0.888,-0.972,0.68,-0.476,2.0,0.0,0.811,0.869,-4.76,1.029,-3.554,-9.519,0.902,7.6,1.0,166.0
Q313R,-689.773,286.503,-71.143,0.691,0.688,151.7,440.5,150.5,0.959,-26.0,37.0,63.0,2.2,1.266,0.0,2.0,2.0,0.773,0.79,1.039,1.247,-0.685,4.5,1.5,0.839,0.844,2.2,1.266,0.0,2.0,2.0,0.773,0.79,-1.509,0.906,-0.401,2.0,0.0,0.828,0.842,-4.572,1.094,-3.392,-9.142,0.904,7.4,1.0,689.0
E406D,-685.842,284.91,-67.629,0.695,0.691,148.7,435.8,148.9,0.951,-27.0,36.0,63.0,2.156,1.212,0.0,2.0,2.0,0.851,0.824,1.152,1.241,-0.601,4.3,1.7,0.866,0.864,2.156,1.212,0.0,2.0,2.0,0.851,0.824,-1.55,0.822,-0.407,2.0,0.0,0.888,0.897,-3.8,0.997,-2.817,-7.6,0.904,6.2,1.0,39.0
I244E,-684.794,286.135,-69.745,0.688,0.691,153.2,437.7,151.8,0.964,-28.0,36.0,64.0,2.157,1.241,0.0,2.0,2.0,0.884,0.888,1.297,1.302,-0.659,4.4,1.6,0.881,0.859,2.157,1.241,0.0,2.0,2.0,0.884,0.888,-1.537,0.911,-0.395,2.0,0.0,0.873,0.856,-4.39,1.155,-3.272,-8.779,0.906,7.3,1.0,497.0
N163D,-690.437,286.577,-69.281,0.687,0.686,150.6,438.7,151.3,0.864,-28.0,36.0,64.0,2.119,1.211,0.0,2.0,2.0,0.842,0.871,1.595,1.285,-0.544,4.0,2.0,0.855,0.848,2.119,1.211,0.0,2.0,2.0,0.842,0.871,-1.48,0.868,-0.402,2.0,0.0,0.881,0.879,-4.169,1.173,-2.863,-8.341,0.902,6.1,1.0,12.0
S400A,-687.802,287.061,-69.446,0.697,0.691,148.9,439.1,151.4,0.897,-27.0,36.0,63.0,2.154,1.189,0.0,2.0,2.0,0.837,0.846,1.051,1.241,-0.638,4.4,1.6,0.853,0.825,2.154,1.189,0.0,2.0,2.0,0.837,0.846,-1.506,0.868,-0.404,2.0,0.0,0.873,0.892,-4.43,1.112,-3.215,-8.862,0.908,7.1,1.0,531.0
