mutant,total,fa_atr,fa_rep,fa_sol,fa_intra_rep,fa_elec,pro_close,hbond_bb_sc,hbond_sc,rama,omega,fa_dun,p_aa_pp,yhh_planarity,kcat
S16A,-1.864,1.147,0.192,-3.298,0.021,-0.322,0.001,-0.298,0.193,0.095,0.0,-0.226,0.025,-0.002,154.0
W325H,3.512,6.204,-1.248,0.452,-0.024,-1.21,-0.016,-0.003,-0.006,0.025,0.0,0.168,0.012,0.004,35.0
W399R,11.098,9.384,-0.964,4.252,-0.012,-0.684,-0.022,-0.032,-1.014,0.082,0.0,1.539,0.098,0.028,0.2
R240D,7.543,4.546,-0.061,-0.984,-0.015,3.49,-0.009,-0.019,1.938,0.066,0.0,-0.293,0.19,-0.001,282.0
N293A,-2.47,8.562,-2.821,-9.935,-0.006,1.714,-0.019,-0.003,1.245,0.055,0.0,-3.054,-0.168,-0.005,13.0
W399C,7.43,19.894,-1.486,-10.272,-0.039,1.439,-0.015,-0.016,0.846,-0.033,0.0,-2.087,-0.038,0.029,3.0
H119N,-0.139,6.272,0.104,-1.046,-0.034,-1.565,-0.003,0.013,-1.22,0.107,0.0,-1.48,0.295,-0.002,2.0
Y294F,-0.852,2.064,-0.407,-4.002,0.0,0.652,-0.024,-0.002,0.144,0.079,0.0,0.144,0.226,-0.184,735.0
W325L,1.47,8.584,-1.192,-2.233,-0.022,-0.941,-0.024,-0.023,-0.012,0.016,0.0,-2.103,-0.111,0.004,109.0
W399A,7.488,21.415,-1.454,-12.286,-0.04,1.522,-0.006,-0.022,0.858,0.093,0.0,-2.364,0.202,0.03,1.0
E164A,-0.732,8.306,-1.813,-10.413,-0.005,1.542,-0.018,-0.001,2.149,0.176,0.0,-4.121,0.73,0.003,1.0
E222Y,-6.149,-7.222,1.494,-2.562,0.015,1.415,-0.024,-0.004,0.474,-0.14,0.0,-1.47,-0.281,0.032,12.0
F415A,4.803,13.852,-2.13,-3.177,-0.035,0.09,0.015,-0.023,-0.825,-0.078,0.0,-2.969,-0.064,-0.007,0.0
F415N,3.43,6.875,-1.309,3.971,-0.032,-1.221,-0.026,-0.021,-1.45,-0.079,0.0,-1.275,-0.186,-0.006,0.9
M221A,4.276,7.171,-1.199,-1.698,0.002,-0.114,-0.031,-0.004,-0.01,0.225,0.0,-0.84,0.248,0.001,547.0
E222R,-0.083,-3.363,0.147,2.551,-0.002,0.819,-0.017,-0.952,0.956,-0.124,0.0,-1.605,-0.132,0.002,42.0
I244N,0.728,-1.807,0.257,6.241,-0.009,-3.087,-0.012,-0.782,-2.647,0.207,0.0,4.28,0.32,0.038,271.0
Y166P,8.762,8.356,6.384,-5.202,-0.036,-1.309,1.91,0.022,-0.13,0.222,0.0,-1.837,0.816,-0.022,27.0
T296A,0.901,3.011,-0.168,-4.081,-0.013,0.849,0.005,1.062,-0.021,0.029,0.0,-0.153,-0.194,0.002,109.0
Y18A,6.559,15.62,-1.948,-7.798,-0.034,0.888,0.013,1.343,-0.005,-0.105,0.0,-1.791,-0.216,-0.019,197.0
T15A,1.782,3.657,-0.752,-3.82,-0.004,0.239,0.007,-0.075,0.779,0.53,0.0,-0.162,0.816,-0.005,614.0
T218A,0.241,4.076,-1.701,-6.064,-0.014,1.11,0.015,0.004,1.862,0.265,0.0,-0.384,0.511,-0.01,464.0
E222H,-4.214,-4.012,0.09,-2.487,-0.012,0.994,-0.017,-0.526,1.872,-0.099,0.0,-2.186,-0.171,-0.009,160.0
T352A,0.141,3.625,-0.242,-4.86,-0.005,0.545,-0.002,0.0,0.238,0.041,0.0,0.03,0.195,0.004,60.0
W120H,3.277,10.083,-2.66,-3.486,-0.058,-0.047,0.015,0.729,-1.325,0.116,0.0,-0.362,1.131,-0.014,84.0
R240K,1.771,3.222,-0.212,-4.349,-0.009,2.14,0.012,-0.021,1.887,-0.043,0.0,-0.898,0.077,-0.002,898.0
S298E,-2.242,-7.599,0.717,8.115,0.003,-1.841,-0.013,0.001,-2.449,-0.038,0.0,2.976,-0.002,0.015,809.0
N163C,-2.359,5.145,-0.341,-5.362,-0.005,-0.947,-0.036,0.003,-0.021,0.043,0.0,-2.451,-0.018,-0.004,26.0
E222K,-0.69,0.362,0.106,-2.249,-0.01,1.097,-0.021,-0.002,0.965,-0.026,0.0,-2.498,-0.016,-0.001,108.0
E222Q,-2.453,-0.161,-0.045,-3.102,-0.001,0.459,-0.028,-0.003,0.183,-0.104,0.0,-0.046,-0.043,-0.004,668.0
N220A,1.125,4.652,-0.188,-4.797,-0.008,0.295,-0.042,-0.002,0.719,0.267,0.0,-1.991,0.255,0.0,405.0
E222A,-1.694,5.27,-0.041,-8.178,-0.013,0.965,-0.03,-0.001,0.961,0.158,0.0,-3.62,0.094,0.006,90.0
W325A,4.637,12.856,-1.282,-3.013,-0.03,-1.012,-0.023,-0.012,-0.01,0.183,0.0,-2.922,0.357,0.005,29.0
T175R,0.672,-1.446,0.165,0.771,0.008,-0.298,-0.004,0.001,-0.219,0.063,0.0,2.053,0.096,0.006,801.0
E177L,-2.451,-0.221,0.044,-2.315,0.004,0.162,0.005,-0.003,0.008,0.05,0.0,-2.817,-0.089,-0.002,670.0
I300N,-4.082,0.945,-4.222,6.659,-0.045,-0.894,0.005,-0.002,-1.156,0.178,0.0,-3.742,0.464,0.0,693.0
N220R,2.028,-2.197,-0.375,4.879,0.006,-2.012,-0.011,-0.011,-0.036,0.058,0.0,0.888,-0.029,0.003,14.9
N220Y,-4.899,-7.619,1.228,1.619,0.022,-1.509,-0.023,-0.014,-0.517,0.006,0.0,0.589,-0.1,0.066,628.0
N293C,-2.016,5.851,-1.996,-6.878,-0.006,1.537,0.033,-0.004,1.318,-0.191,0.0,-2.801,-0.508,-0.007,11.0
L362M,-0.882,0.614,-0.157,0.163,-0.014,-0.197,0.003,-0.004,-0.001,0.035,0.0,-0.881,0.067,-0.001,917.0
W409Y,0.631,3.923,-0.2,-1.446,0.002,0.019,-0.01,0.0,0.002,-0.085,0.0,-0.462,-0.062,0.021,809.0
S14A,1.425,1.443,0.027,-4.521,-0.003,1.189,-0.045,1.167,1.707,0.169,0.0,-0.425,0.052,0.057,320.0
S17A,-1.872,1.39,-0.249,-3.993,0.0,-0.245,0.05,0.05,1.461,-0.337,0.0,-0.708,0.08,0.021,848.0
H119A,-1.233,12.776,-0.667,-8.461,-0.04,-1.409,0.018,0.02,-0.706,0.39,0.0,-4.313,0.777,-0.003,143.0
N163A,-2.007,7.481,-0.582,-7.882,-0.012,-0.91,-0.045,0.005,-0.292,0.411,0.0,-2.563,0.431,-0.015,7.0
N354A,3.306,6.762,0.367,-6.846,-0.004,1.431,0.011,0.654,1.275,0.129,0.0,-2.916,0.498,-0.019,3.0
N404A,1.419,8.212,-0.106,-8.482,-0.009,0.256,0.002,1.055,0.158,0.29,0.0,-2.405,0.484,0.0,4.0
I91E,1.874,-0.025,-0.028,3.53,-0.016,-0.327,-0.027,0.001,-0.03,-0.462,0.0,2.475,-0.175,0.0,846.0
E177K,-1.531,0.076,-0.014,-1.393,0.0,0.118,0.02,0.001,0.004,-0.002,0.0,-1.973,0.033,-0.005,555.0
N220H,-2.024,-4.201,-0.246,0.443,-0.004,-0.098,-0.019,-0.005,-0.268,0.058,0.0,0.812,-0.076,0.0,123.0
C167A,-0.296,1.739,0.05,-1.993,0.001,0.23,-0.019,-0.006,0.015,-0.116,0.0,-0.104,-0.423,-0.001,479.0
L171A,3.85,5.839,-0.338,-1.939,-0.008,0.13,0.016,-0.003,0.041,0.017,0.0,-0.117,0.202,-0.002,807.0
M323A,2.904,7.513,-1.338,-2.45,-0.002,-0.169,0.029,0.01,0.014,0.06,0.0,-1.345,0.063,-0.005,416.0
V52G,-1.08,3.966,-0.998,-2.526,-0.013,0.232,-0.03,-0.041,0.026,-0.36,0.0,-0.176,-0.349,-0.005,687.0
H101R,0.859,3.138,-0.423,-0.518,0.008,0.26,0.013,0.001,-0.108,-0.172,0.0,-0.389,-0.238,0.0,1059.0
W325C,4.571,11.735,-1.285,-1.687,-0.029,-0.978,-0.01,-0.004,-0.018,-0.052,0.0,-2.32,0.005,0.006,10.0
K341A,0.257,1.485,-0.016,-1.881,-0.007,0.343,0.015,0.007,-0.035,0.099,0.0,-0.871,-0.012,-0.003,1046.0
M358T,0.593,3.288,-0.105,1.569,0.003,-0.538,-0.02,0.002,0.014,-0.338,0.0,-2.756,-0.45,-0.029,436.0
N404C,0.799,5.686,-0.018,-5.821,-0.008,0.425,-0.002,1.056,0.023,-0.085,0.0,-2.16,0.068,0.001,85.2
H178A,3.444,10.461,-0.809,-5.105,-0.002,0.253,-0.038,0.002,-0.015,0.296,0.0,-2.553,0.569,0.0,113.0
N220G,2.642,7.396,-0.7,-5.684,-0.007,0.019,-0.038,-0.009,0.321,0.776,0.0,-1.605,0.809,0.001,209.0
R240A,0.657,9.367,-0.289,-10.655,-0.016,2.621,-0.014,-0.019,1.88,-0.002,0.0,-3.246,-0.068,-0.001,11011.0
E154D,0.054,-0.343,0.006,1.183,-0.002,-0.308,0.007,-0.001,-0.002,-0.162,0.0,-0.223,-0.436,0.002,878.0
L171R,4.812,-2.172,-0.116,6.668,0.0,-0.088,0.038,0.006,-0.014,-0.001,0.0,1.517,0.036,0.023,403.0
E177A,-1.221,2.276,-0.049,-3.563,-0.004,-0.09,0.013,-0.003,0.014,0.084,0.0,-2.811,0.178,-0.002,986.0
A192S,0.531,-1.609,0.072,4.246,0.0,-1.665,0.006,0.006,-1.419,0.106,0.0,1.01,0.363,0.022,946.0
S331A,-1.712,0.591,0.022,-3.636,0.003,0.406,0.001,-0.006,-0.094,-0.003,0.0,0.563,0.028,-0.195,817.0
H373R,-0.754,1.2,-0.351,3.314,-0.054,-2.277,0.004,0.0,-0.441,-0.002,0.0,-1.254,-0.177,-0.003,707.0
H379R,8.902,-4.538,2.493,11.631,0.015,0.943,0.036,-0.554,0.019,-0.076,0.0,-0.218,-0.111,-0.025,2.0
S17E,33.284,-10.373,15.817,10.632,0.045,1.192,-0.005,-0.043,3.067,-0.531,0.0,15.216,0.18,0.212,641.0
W120F,5.401,7.001,3.503,-5.577,-0.005,-0.017,0.016,0.736,-1.354,0.195,0.0,1.376,0.148,-0.007,472.0
C167Q,5.867,-7.74,5.841,5.528,0.013,-0.398,0.025,0.007,-0.526,-0.073,0.0,5.557,-0.402,-0.004,504.0
Y294A,6.163,18.14,-1.26,-8.682,-0.044,0.736,-0.042,0.004,-0.405,-0.033,0.0,-2.688,0.021,-0.196,166.0
Q313R,1.615,-1.249,0.093,2.73,0.006,-0.702,-0.022,-0.034,-0.688,0.053,0.0,0.215,0.034,-0.016,689.0
E406D,1.445,3.807,-0.349,-2.164,0.001,0.419,-0.014,0.048,1.293,-0.197,0.0,-1.291,-0.443,0.003,39.0
I244E,5.133,-2.134,-0.1,8.207,-0.013,-0.367,-0.036,-0.011,-0.988,0.032,0.0,3.228,0.315,0.042,497.0
N163D,-0.559,0.783,0.428,3.907,0.016,-3.618,-0.028,0.002,-1.295,-0.049,0.0,-0.165,-0.099,-0.003,12.0
S400A,0.142,1.306,-0.065,-4.328,-0.003,0.622,-0.046,0.025,0.0,-0.155,0.0,-0.719,2.896,0.0,531.0
