mutant,total,fa_atr,fa_rep,fa_sol,fa_intra_rep,fa_elec,pro_close,hbond_bb_sc,hbond_sc,rama,omega,fa_dun,p_aa_pp,yhh_planarity,kcatkm
Q19C,1.459,9.018,-0.951,-6.507,-0.01,0.846,-0.045,-0.016,-0.017,0.066,0.0,-3.25,0.359,0.005,10.0
W399G,7.469,24.982,-1.259,-14.508,-0.04,1.428,-0.018,-0.001,-0.706,0.626,0.0,-2.659,0.684,0.001,10.0
W399S,7.362,20.598,-1.242,-9.648,-0.039,0.847,0.009,0.007,-0.443,0.168,0.0,-2.052,0.213,0.011,10.0
S16A,-1.864,1.147,0.192,-3.298,0.021,-0.322,0.001,-0.298,0.193,0.095,0.0,-0.226,0.025,-0.002,10997.0
W325H,3.512,6.204,-1.248,0.452,-0.024,-1.21,-0.016,-0.003,-0.006,0.025,0.0,0.168,0.012,0.004,11358.0
W120A,4.928,21.903,-3.118,-9.971,-0.086,-0.547,-0.027,0.726,-1.242,0.352,0.0,-2.637,0.055,-0.018,10.0
R240D,7.543,4.546,-0.061,-0.984,-0.015,3.49,-0.009,-0.019,1.938,0.066,0.0,-0.293,0.19,-0.001,26093.0
N293A,-2.47,8.562,-2.821,-9.935,-0.006,1.714,-0.019,-0.003,1.245,0.055,0.0,-3.054,-0.168,-0.005,1313.0
W399C,7.43,19.894,-1.486,-10.272,-0.039,1.439,-0.015,-0.016,0.846,-0.033,0.0,-2.087,-0.038,0.029,39.0
Q19A,0.485,11.744,-2.018,-9.157,-0.011,0.992,-0.047,-0.008,-0.005,-0.063,0.0,-3.215,-0.024,0.006,11.0
H315E,1.015,3.034,-0.03,-1.04,0.004,0.39,0.004,-0.027,0.002,0.112,0.0,0.615,0.273,0.028,10.0
H119N,-0.139,6.272,0.104,-1.046,-0.034,-1.565,-0.003,0.013,-1.22,0.107,0.0,-1.48,0.295,-0.002,82.0
Y294F,-0.852,2.064,-0.407,-4.002,0.0,0.652,-0.024,-0.002,0.144,0.079,0.0,0.144,0.226,-0.184,122751.0
W325L,1.47,8.584,-1.192,-2.233,-0.022,-0.941,-0.024,-0.023,-0.012,0.016,0.0,-2.103,-0.111,0.004,18909.0
W399A,7.488,21.415,-1.454,-12.286,-0.04,1.522,-0.006,-0.022,0.858,0.093,0.0,-2.364,0.202,0.03,14.0
Y295G,7.544,17.211,-2.398,-7.453,-0.027,-0.598,-0.046,-0.009,-0.007,0.722,0.0,-1.846,1.996,-0.015,10.0
E164A,-0.732,8.306,-1.813,-10.413,-0.005,1.542,-0.018,-0.001,2.149,0.176,0.0,-4.121,0.73,0.003,19.0
E353A,-3.438,9.291,-1.504,-12.14,-0.007,1.372,-0.019,0.008,-0.038,0.114,0.0,-3.314,0.102,-0.038,10.0
Y295A,5.366,15.037,-2.035,-7.358,-0.027,-0.511,-0.04,-0.001,0.031,0.54,0.0,-1.797,0.925,-0.009,10.0
E222Y,-6.149,-7.222,1.494,-2.562,0.015,1.415,-0.024,-0.004,0.474,-0.14,0.0,-1.47,-0.281,0.032,636.0
F415A,4.803,13.852,-2.13,-3.177,-0.035,0.09,0.015,-0.023,-0.825,-0.078,0.0,-2.969,-0.064,-0.007,80.0
M221A,4.276,7.171,-1.199,-1.698,0.002,-0.114,-0.031,-0.004,-0.01,0.225,0.0,-0.84,0.248,0.001,87554.0
E222R,-0.083,-3.363,0.147,2.551,-0.002,0.819,-0.017,-0.952,0.956,-0.124,0.0,-1.605,-0.132,0.002,17098.0
I244N,0.728,-1.807,0.257,6.241,-0.009,-3.087,-0.012,-0.782,-2.647,0.207,0.0,4.28,0.32,0.038,126176.0
Y166P,8.762,8.356,6.384,-5.202,-0.036,-1.309,1.91,0.022,-0.13,0.222,0.0,-1.837,0.816,-0.022,10596.0
T296A,0.901,3.011,-0.168,-4.081,-0.013,0.849,0.005,1.062,-0.021,0.029,0.0,-0.153,-0.194,0.002,9904.0
Y18A,6.559,15.62,-1.948,-7.798,-0.034,0.888,0.013,1.343,-0.005,-0.105,0.0,-1.791,-0.216,-0.019,6230.0
T218A,0.241,4.076,-1.701,-6.064,-0.014,1.11,0.015,0.004,1.862,0.265,0.0,-0.384,0.511,-0.01,71280.0
E222H,-4.214,-4.012,0.09,-2.487,-0.012,0.994,-0.017,-0.526,1.872,-0.099,0.0,-2.186,-0.171,-0.009,18695.0
T352A,0.141,3.625,-0.242,-4.86,-0.005,0.545,-0.002,0.0,0.238,0.041,0.0,0.03,0.195,0.004,4174.0
W120H,3.277,10.083,-2.66,-3.486,-0.058,-0.047,0.015,0.729,-1.325,0.116,0.0,-0.362,1.131,-0.014,943.0
R240K,1.771,3.222,-0.212,-4.349,-0.009,2.14,0.012,-0.021,1.887,-0.043,0.0,-0.898,0.077,-0.002,50829.0
S298E,-2.242,-7.599,0.717,8.115,0.003,-1.841,-0.013,0.001,-2.449,-0.038,0.0,2.976,-0.002,0.015,153264.0
N163C,-2.359,5.145,-0.341,-5.362,-0.005,-0.947,-0.036,0.003,-0.021,0.043,0.0,-2.451,-0.018,-0.004,4766.0
E222K,-0.69,0.362,0.106,-2.249,-0.01,1.097,-0.021,-0.002,0.965,-0.026,0.0,-2.498,-0.016,-0.001,14955.0
E222Q,-2.453,-0.161,-0.045,-3.102,-0.001,0.459,-0.028,-0.003,0.183,-0.104,0.0,-0.046,-0.043,-0.004,54923.0
E406A,-1.412,9.252,-0.65,-11.407,-0.007,1.003,0.0,0.054,1.293,-0.094,0.0,-3.552,-0.044,0.007,10.0
N220A,1.125,4.652,-0.188,-4.797,-0.008,0.295,-0.042,-0.002,0.719,0.267,0.0,-1.991,0.255,0.0,39425.0
E222A,-1.694,5.27,-0.041,-8.178,-0.013,0.965,-0.03,-0.001,0.961,0.158,0.0,-3.62,0.094,0.006,143604.0
W325A,4.637,12.856,-1.282,-3.013,-0.03,-1.012,-0.023,-0.012,-0.01,0.183,0.0,-2.922,0.357,0.005,18243.0
T175R,0.672,-1.446,0.165,0.771,0.008,-0.298,-0.004,0.001,-0.219,0.063,0.0,2.053,0.096,0.006,223033.0
E177L,-2.451,-0.221,0.044,-2.315,0.004,0.162,0.005,-0.003,0.008,0.05,0.0,-2.817,-0.089,-0.002,89478.0
I300N,-4.082,0.945,-4.222,6.659,-0.045,-0.894,0.005,-0.002,-1.156,0.178,0.0,-3.742,0.464,0.0,154732.0
S14A,1.425,1.443,0.027,-4.521,-0.003,1.189,-0.045,1.167,1.707,0.169,0.0,-0.425,0.052,0.057,38823.0
S17A,-1.872,1.39,-0.249,-3.993,0.0,-0.245,0.05,0.05,1.461,-0.337,0.0,-0.708,0.08,0.021,45978.0
H119A,-1.233,12.776,-0.667,-8.461,-0.04,-1.409,0.018,0.02,-0.706,0.39,0.0,-4.313,0.777,-0.003,9483.0
N163A,-2.007,7.481,-0.582,-7.882,-0.012,-0.91,-0.045,0.005,-0.292,0.411,0.0,-2.563,0.431,-0.015,558.0
N354A,3.306,6.762,0.367,-6.846,-0.004,1.431,0.011,0.654,1.275,0.129,0.0,-2.916,0.498,-0.019,547.0
N404A,1.419,8.212,-0.106,-8.482,-0.009,0.256,0.002,1.055,0.158,0.29,0.0,-2.405,0.484,0.0,393.0
I91E,1.874,-0.025,-0.028,3.53,-0.016,-0.327,-0.027,0.001,-0.03,-0.462,0.0,2.475,-0.175,0.0,126071.0
E177K,-1.531,0.076,-0.014,-1.393,0.0,0.118,0.02,0.001,0.004,-0.002,0.0,-1.973,0.033,-0.005,89609.0
N220H,-2.024,-4.201,-0.246,0.443,-0.004,-0.098,-0.019,-0.005,-0.268,0.058,0.0,0.812,-0.076,0.0,23874.0
C167A,-0.296,1.739,0.05,-1.993,0.001,0.23,-0.019,-0.006,0.015,-0.116,0.0,-0.104,-0.423,-0.001,32884.0
L171A,3.85,5.839,-0.338,-1.939,-0.008,0.13,0.016,-0.003,0.041,0.017,0.0,-0.117,0.202,-0.002,72719.0
M323A,2.904,7.513,-1.338,-2.45,-0.002,-0.169,0.029,0.01,0.014,0.06,0.0,-1.345,0.063,-0.005,44477.0
V52G,-1.08,3.966,-0.998,-2.526,-0.013,0.232,-0.03,-0.041,0.026,-0.36,0.0,-0.176,-0.349,-0.005,83371.0
H101R,0.859,3.138,-0.423,-0.518,0.008,0.26,0.013,0.001,-0.108,-0.172,0.0,-0.389,-0.238,0.0,99708.0
W325C,4.571,11.735,-1.285,-1.687,-0.029,-0.978,-0.01,-0.004,-0.018,-0.052,0.0,-2.32,0.005,0.006,2503.0
K341A,0.257,1.485,-0.016,-1.881,-0.007,0.343,0.015,0.007,-0.035,0.099,0.0,-0.871,-0.012,-0.003,191689.0
M358T,0.593,3.288,-0.105,1.569,0.003,-0.538,-0.02,0.002,0.014,-0.338,0.0,-2.756,-0.45,-0.029,90241.0
H178A,3.444,10.461,-0.809,-5.105,-0.002,0.253,-0.038,0.002,-0.015,0.296,0.0,-2.553,0.569,0.0,14697.0
R240A,0.657,9.367,-0.289,-10.655,-0.016,2.621,-0.014,-0.019,1.88,-0.002,0.0,-3.246,-0.068,-0.001,565763.0
Q19S,1.397,10.839,-1.909,-6.02,-0.006,-0.307,-0.022,-0.279,-0.739,-0.019,0.0,-1.981,0.197,-0.038,13.0
E154D,0.054,-0.343,0.006,1.183,-0.002,-0.308,0.007,-0.001,-0.002,-0.162,0.0,-0.223,-0.436,0.002,254004.0
L171R,4.812,-2.172,-0.116,6.668,0.0,-0.088,0.038,0.006,-0.014,-0.001,0.0,1.517,0.036,0.023,120146.0
E177A,-1.221,2.276,-0.049,-3.563,-0.004,-0.09,0.013,-0.003,0.014,0.084,0.0,-2.811,0.178,-0.002,164804.0
A192S,0.531,-1.609,0.072,4.246,0.0,-1.665,0.006,0.006,-1.419,0.106,0.0,1.01,0.363,0.022,185848.0
S331A,-1.712,0.591,0.022,-3.636,0.003,0.406,0.001,-0.006,-0.094,-0.003,0.0,0.563,0.028,-0.195,188306.0
H373R,-0.754,1.2,-0.351,3.314,-0.054,-2.277,0.004,0.0,-0.441,-0.002,0.0,-1.254,-0.177,-0.003,112169.0
H379R,8.902,-4.538,2.493,11.631,0.015,0.943,0.036,-0.554,0.019,-0.076,0.0,-0.218,-0.111,-0.025,380.0
S17E,33.284,-10.373,15.817,10.632,0.045,1.192,-0.005,-0.043,3.067,-0.531,0.0,15.216,0.18,0.212,87596.0
W120F,5.401,7.001,3.503,-5.577,-0.005,-0.017,0.016,0.736,-1.354,0.195,0.0,1.376,0.148,-0.007,29334.0
C167Q,5.867,-7.74,5.841,5.528,0.013,-0.398,0.025,0.007,-0.526,-0.073,0.0,5.557,-0.402,-0.004,102415.0
Y294A,6.163,18.14,-1.26,-8.682,-0.044,0.736,-0.042,0.004,-0.405,-0.033,0.0,-2.688,0.021,-0.196,33260.0
Q313R,1.615,-1.249,0.093,2.73,0.006,-0.702,-0.022,-0.034,-0.688,0.053,0.0,0.215,0.034,-0.016,192373.0
E406D,1.445,3.807,-0.349,-2.164,0.001,0.419,-0.014,0.048,1.293,-0.197,0.0,-1.291,-0.443,0.003,1146.0
I244E,5.133,-2.134,-0.1,8.207,-0.013,-0.367,-0.036,-0.011,-0.988,0.032,0.0,3.228,0.315,0.042,83137.0
N163D,-0.559,0.783,0.428,3.907,0.016,-3.618,-0.028,0.002,-1.295,-0.049,0.0,-0.165,-0.099,-0.003,789.0
S400A,0.142,1.306,-0.065,-4.328,-0.003,0.622,-0.046,0.025,0.0,-0.155,0.0,-0.719,2.896,0.0,164795.0
