mutant,total energy,Backbone Hbond,Sidechain Hbond,Van der Waals,Electrostatics,Solvation Polar,Solvation Hydrophobic,Van der Waals clashes,entropy sidechain,entropy mainchain,torsional clash,backbone clash,helix dipole,electrostatic kon,energy Ionisation,km
S16A,0.158694,0.000151578,1.08359,0.220776,0.01255,-0.674269,-0.39339,0.0731695,-0.529654,0.369912,-0.000374195,0.0335868,0.0,0.0,-0.00376506,14.01
W325H,2.70737,0.0,0.0,0.934871,-0.00949771,0.104212,1.74241,-0.0171693,-0.265067,0.167801,0.00103309,0.120392,0.0,0.0,0.0487825,3.08
W399R,-2.91682,0.0324554,-2.86143,0.689907,-1.51654,0.812813,2.18235,-3.15768,0.949039,-0.227042,0.132221,-0.0105104,0.0503691,0.0,-0.00328004,3.3
R240D,4.0342,0.00958648,3.06756,1.53834,2.65715,-1.70793,1.59778,-0.146332,-3.13079,-0.0366898,-0.0588867,0.0933522,0.244414,5.86919e-13,-3.04897e-08,10.82
N293A,1.18221,0.066575,3.28734,1.15563,0.0095127,-2.92139,0.566258,-0.657575,-0.691956,0.414368,-0.0465613,-0.0841037,0.0,0.0,0.0,9.67
W399C,-1.96733,0.552558,-0.696966,2.79722,0.0299175,-3.98301,3.30535,-3.40296,-0.0543836,-0.141236,-0.36749,-0.123065,0.00170818,-5.31297e-13,-0.00802674,70.33
H119N,-1.10014,-0.356506,-0.951234,0.988424,0.0655253,-1.09547,1.27484,-0.867678,-0.154146,0.0995747,0.0458574,-0.0487914,1.65434e-07,5.86919e-13,-0.149337,23.22
Y294F,-0.643719,0.297594,0.324947,0.242385,-0.000788222,-0.731633,-0.141183,0.00727365,-0.0939779,-0.530765,-0.0164075,-0.0194864,-0.000796164,0.0,-0.000367692,5.99
W325L,0.577604,-0.0344841,0.0,0.667437,-0.00981348,-0.319507,0.759685,-0.0122747,-0.144957,-0.351428,0.0229473,0.324493,0.0,0.0,0.0,5.74
W399A,-0.95162,0.714315,0.512233,3.41027,-0.0352085,-4.56206,3.85626,-2.82996,-0.872659,-0.354432,-0.785236,-0.0948866,0.00266819,-5.31103e-13,-0.00780682,16.65
E164A,1.19515,0.0203685,2.68129,1.1157,-0.672151,-2.52349,1.29827,0.452694,-1.48016,0.281931,-0.235085,-0.018095,0.255827,-9.53404e-14,-5.34199e-05,1.01
E222Y,1.74436,-0.148699,1.26137,-0.547755,1.57847,-0.840319,-1.12174,2.31547,-0.663145,-0.0117321,-0.0152234,0.34485,-0.0623304,5.92415e-13,1.43281e-08,18.43
F415A,2.94548,0.0927067,-1.10216,2.37903,0.385307,-1.5608,3.59076,-0.12861,-0.543375,-0.173661,-0.0165749,-0.188874,0.0228621,5.89029e-13,-7.94217e-09,16.63
F415N,3.27845,0.0805378,-1.35523,1.4645,0.317912,0.0525765,2.90861,-0.0855823,0.290101,-0.441302,0.0446452,-0.106266,0.00168139,5.87808e-13,-3.00235e-08,23.1
M221A,4.03946,0.0698979,2.84217e-14,2.1467,2.98428e-13,-0.740858,3.89608,-0.0564112,-1.42135,0.158748,-0.0133376,-0.0408389,0.0,0.0,0.0,6.25
E222R,0.661425,-0.00451558,0.463241,0.228875,1.33533,-1.44315,0.327931,-0.184399,0.091695,-0.252225,0.0871418,0.0521152,0.0114913,5.9297e-13,1.43281e-08,2.48
I244N,1.59865,-0.0888859,-0.853333,0.847205,0.238336,-0.216585,2.24306,-0.052548,-0.269093,-0.117801,-0.131713,-0.0417866,-1.08702e-07,5.34794e-13,4.76416e-08,2.15
Y166P,3.02818,0.0213746,0.0222192,1.83281,-0.0126164,-1.44423,2.63441,2.86945,-0.970972,-1.77921,-0.122188,-1.4322,-0.0228674,5.94635e-13,1.43281e-08,2.5
T296A,-0.613758,0.399297,0.390415,0.605594,0.0224446,-1.06303,0.505222,-0.179527,-0.521094,-0.629242,-0.143835,-0.118973,0.0,0.0,0.0,11.05
Y18A,2.23535,0.450948,0.530953,2.35954,0.549246,-2.59063,2.90441,-0.089989,-0.941669,-0.906218,-0.0235835,-0.769969,-0.00766545,0.0,0.0,31.55
T15A,0.445265,0.128514,1.03192,0.748884,0.00179226,-1.31838,0.868099,-0.101541,-0.521094,-0.398801,0.00588995,-0.0399339,1.94615e-07,6.59778e-13,-1.96298e-05,5.3
T218A,1.75799,0.0931502,2.07862,0.736784,0.0183155,-1.6574,0.636915,-0.110401,-0.521094,0.886056,-0.40295,-0.0352436,0.0,0.0,0.0,6.51
E222H,1.9765,-0.620659,1.37975,-0.0761602,1.47496,-0.543905,-0.0751303,0.790243,-0.670149,0.233435,0.0122748,0.254726,-0.0561776,5.93858e-13,0.128026,8.54
T352A,1.70823,0.0341657,2.17135,0.754765,0.0371324,-1.25814,0.791267,-0.00572507,-0.521094,-0.2736,-0.0218903,-0.0657743,0.0,0.0,0.0,14.26
W120H,1.43141,0.577732,0.188576,1.21298,0.038323,-0.136521,2.03359,-0.175734,-0.0975615,-1.0535,-1.14456,0.0904394,-1.77636e-15,0.0,-0.011907,89.18
R240K,0.290837,-0.00654251,0.768397,0.631812,0.653011,-0.813448,-0.222529,-0.140293,-0.517981,-0.121818,-0.00610788,-0.00342015,0.0663361,5.86919e-13,-3.04896e-08,17.67
S298E,4.30226,0.0211855,2.53075,-0.478869,1.78989,1.32096,-1.05601,-0.0724926,-0.1087,0.190249,0.236046,0.106156,-0.0707529,5.94635e-13,1.43281e-08,5.28
N163C,1.95866,-0.000577341,2.5281,0.421256,-0.0106976,-1.77483,0.0306623,0.282073,0.269094,0.277696,-0.0552988,9.53987e-08,8.91232e-08,5.78759e-13,-0.0088222,5.42
E222K,0.314014,-0.0290714,0.563756,0.216141,1.37135,-1.3877,-0.221297,-0.00346787,0.114833,-0.256187,-0.0279715,0.228239,-0.02637,5.93636e-13,1.43281e-08,7.22
E222Q,0.3065,-0.00321975,-0.364691,0.428145,1.51434,-1.76405,0.472594,-0.0306922,0.330195,-0.22009,0.00758186,0.0543471,-0.063617,5.93081e-13,1.43281e-08,12.16
N220A,0.813346,0.0207528,1.7205,0.709636,-0.043592,-1.61966,0.498116,-0.056655,-0.705953,0.313532,-0.0233323,-0.0255248,0.0,0.0,0.0,10.27
E222A,0.85735,0.0209434,1.86335,1.5104,1.47761,-3.41552,1.44611,-0.229572,-1.59346,-0.14741,-0.0189273,-0.00318589,-0.0561776,5.94524e-13,1.43281e-08,0.63
W325A,2.79963,0.0,0.0536635,1.8372,-0.00822472,-0.958024,2.86569,-0.0207168,-0.947444,-0.0227291,0.000215791,-0.231992,0.0,0.0,0.0,1.61
T175R,0.333996,0.508859,1.89817,0.00565909,-0.288108,-0.957133,-0.331523,-0.0236135,-0.58825,-0.0475808,0.0604296,-0.264348,0.0866894,-1.4963e-13,0.0103946,3.59
E177L,-0.0600955,-0.000130225,1.29953,-0.09279,-0.149458,-0.307353,-0.284264,0.000358516,-0.596998,-0.106656,0.0846143,-0.118161,0.0690522,0.0,0.0240012,7.48
I300N,3.49644,-0.372818,-0.456532,0.649229,0.064172,1.21482,2.46475,0.0733787,-0.269094,0.151006,-0.0224714,0.0248874,0.0,0.0,0.0,4.48
N220R,-0.240715,0.0100655,1.07609,-0.867469,-2.3485,1.12483,-0.91465,0.0268761,1.21885,0.202346,0.0956661,0.00598429,0.135179,0.0,0.0,12.5
N220Y,-2.80276,-0.0918876,0.194328,-1.16527,-0.353232,0.541184,-1.95377,-0.139936,0.148338,0.186725,-0.174003,0.083807,0.00476096,-5.29146e-13,-3.43448e-08,0.4
N293C,0.965851,-0.0244288,2.9938,0.477909,0.0530978,-2.15275,-0.063942,-0.513506,0.155709,0.0787199,-0.0387574,-0.0160112,0.0,0.0,0.0,19.8
L362M,0.16552,0.0,0.0,-0.454197,0.0,0.307945,-0.402025,0.0284019,0.278788,0.412687,0.00190262,0.0807933,0.0,0.0,-0.0079837,5.2
W409Y,0.0757028,-9.60654e-12,0.0,0.43933,0.056183,-0.707509,0.508894,-0.0301427,0.0211036,-0.211799,-0.000356401,-0.221505,0.0,0.0,-4.44089e-16,2.6
S14A,1.67873,0.0265642,2.92996,0.235072,0.0185832,-0.771932,-0.55403,-0.0751037,-0.529654,0.4028,-0.000289307,0.0,0.0,0.0,-0.00323989,8.25
S17A,0.358454,-0.0659081,2.82269,0.258702,-0.0421971,-0.935709,-0.330105,-0.078889,-0.529611,-0.720625,-0.00231169,-0.0819257,-0.0174103,6.59778e-13,-0.000171502,18.45
H119A,-0.77926,-0.318515,0.55345,2.01593,0.101818,-2.93157,1.90901,-1.03046,-0.846422,0.135755,-0.224824,-0.180137,1.52671e-07,5.86919e-13,-0.143446,15.1
N163A,2.243,0.0171621,3.20417,1.05753,0.0385528,-2.28185,0.547301,-0.272132,-0.691956,0.711041,-0.0686321,0.0177623,8.91231e-08,5.78759e-13,-0.0181869,11.95
N354A,2.32663,0.613381,2.0755,1.35175,0.0,-1.97428,1.02256,0.01872,-0.691956,-0.00671183,-0.0674192,-0.0476696,0.0,0.0,-0.0149155,5.38
N404A,-1.16929,0.0702932,0.0564155,1.20611,-0.00476889,-2.80913,0.73803,-0.191771,-0.730967,0.540786,-0.0442942,-0.023297,0.0,0.0,0.0,9.42
I91E,0.876399,0.0,0.0,0.394682,0.0852039,-0.0712598,0.813098,-0.0148963,-0.247058,0.0,-0.0580846,-0.0925522,-0.0252858,0.0,0.0,6.71
E177K,-0.129697,0.00620802,1.43218,-0.0628958,-0.26088,-0.409696,-0.220603,0.00116926,-0.602726,-0.114476,0.00609623,-0.218996,0.076917,0.0,0.0190108,6.19
N220H,0.381533,-0.0772629,0.300852,-0.642951,0.0141109,0.758159,-0.856591,0.373001,0.158552,0.251439,0.00426861,0.0863301,-1.12607e-07,5.28064e-13,0.0979556,5.14
C167A,-0.16389,-0.00502756,0.335711,0.551626,-0.033799,-0.178377,0.620466,0.128888,-0.856952,-0.711886,-0.0145401,-0.0287712,0.0,0.0,0.0,14.56
L171A,1.80734,-0.17232,-0.240424,1.27117,-0.679258,-0.0899741,2.25512,-0.0460904,-1.11655,0.216,-0.0946202,-0.0687528,0.163926,5.86919e-13,0.340356,11.09
M323A,2.95916,0.0150924,-0.000155575,2.19211,-0.109322,-1.00162,3.48794,-0.0620155,-1.46432,-0.238036,0.136925,-0.151134,0.00255134,-1.13798e-15,5.46335e-09,9.34
V52G,-1.54336,0.0168031,0.00329545,0.654275,0.0907485,-1.14696,0.800361,-1.69571,-0.24832,-0.00545376,-0.0124053,-0.520751,0.0,0.0,0.0,8.25
H101R,0.210647,0.93049,0.879,0.0456584,0.0123789,-0.764776,-0.14904,-0.000251486,-0.318394,-0.266,0.063777,-0.0675411,0.0309869,0.0,-0.253182,10.62
W325C,2.37614,-0.0193632,-0.152959,1.40607,-0.0112506,-0.729851,2.37989,-0.0393781,-0.336094,-0.271028,0.150109,0.0575877,0.0,0.0,0.0,4.18
K341A,0.0675356,0.050297,0.0,0.476,0.0311362,-0.552995,0.609575,-0.0575127,-0.288466,-0.19,-0.0108852,-0.429243,0.000385885,0.0,0.0,5.46
M358T,1.3903,0.0989018,-0.579454,1.23148,-0.0559824,-0.137278,2.21031,-0.0256399,-0.612274,-0.75245,0.0126847,-0.60189,0.0,0.0,0.0,4.83
N404C,-1.21039,0.289442,1.22494,0.494049,-0.00165071,-1.89408,0.0931719,-1.68165,0.0424693,0.180568,0.0423361,-0.0152766,8.79662e-08,5.86919e-13,-3.04813e-08,14.4
E423S,0.32073,0.570121,0.570121,0.378377,0.0722626,-0.675238,0.474551,-0.000322109,-0.730522,-0.311487,-0.0271337,-0.206381,0.0,0.0,0.0,0.05
H178A,1.89054,0.92351,0.867946,1.49288,0.786153,-2.3216,1.95597,-0.123133,-1.13581,0.162074,-0.00364253,-0.114518,-0.165996,0.0,-0.547815,7.67
N220G,0.596339,-1.23111,2.24656,1.07188,-0.875966,-1.72483,1.17094,-0.125499,-0.6951,1.06404,0.255148,-0.0182745,-0.559717,-5.2798e-13,-9.22391e-06,33.3
R240A,1.83979,0.0359996,3.60611,2.28416,2.01414,-4.06031,2.10664,-0.216973,-3.68206,-0.344021,-0.0174643,-0.0610779,0.113569,5.86919e-13,-3.04897e-08,19.46
E154D,-0.0649717,-4.63441e-06,-2.60336e-05,0.234769,0.0448311,-0.223414,0.329147,-0.00161453,-0.0300258,-0.335514,-0.00257193,-0.10936,-0.0805492,-6.58668e-13,-3.36461e-08,3.46
L171R,1.44066,0.00160884,-0.600993,0.0505911,-0.669322,0.494629,1.06878,-0.00965011,0.640123,0.257596,0.0224623,-0.0275817,0.177683,0.0,0.00715134,3.36
E177A,0.469362,0.00445791,1.5011,0.444226,-0.153093,-0.791909,0.538097,-0.000129695,-1.14233,0.0058453,-0.00367805,-0.233185,0.0670818,0.0,-0.00030603,5.98
A192S,0.579432,-0.671854,-0.642311,-0.216078,0.0,0.924717,0.448348,0.00331715,0.529654,0.195288,0.00835162,-0.0135624,0.0,0.0,0.0,5.09
S331A,-2.44408,0.00662281,0.00900514,0.250694,0.0479581,-1.28144,-0.516448,-0.207219,-0.535411,-0.20143,-0.00961225,-0.00459447,0.0,0.0,-0.0067927,4.34
H373R,-0.665302,-0.0655546,1.0438,-0.0372442,-0.643121,-0.285162,-0.0510485,-6.0993e-06,-0.448426,-0.2432,-0.0406124,-0.0793585,0.20619,-0.0248762,-0.076038,6.31
H379R,2.47591,-0.826279,0.182128,-1.04389,0.181304,2.0175,-0.389606,1.43444,1.06639,-0.387375,0.151509,0.223167,0.246587,6.07861e-13,-0.156808,6.24
S17E,11.2413,0.0259648,3.94227,-1.349,0.496397,4.49092,-1.75058,5.02314,0.788593,-0.149724,-0.11927,0.266954,-0.158571,6.59778e-13,0.0011847,7.32
W120F,1.25086,0.575624,0.575228,0.730099,-0.138406,-0.889319,0.497883,0.770534,-0.138587,0.0764081,-0.809397,0.16718,0.0162344,6.58668e-13,-0.015438,16.08
C167Q,0.763117,1.49498e-11,0.334363,-0.627786,0.0280417,1.47519,-0.731152,0.253984,0.492305,-0.4864,0.019183,-0.00903062,0.0,0.0,0.00538783,4.92
Y294A,1.02341,-0.28023,-0.218849,3.02493,5.07874e-05,-3.74666,3.74397,-0.517022,-0.865615,-0.0331001,-0.0559216,-0.29183,-0.0129696,-4.20872e-13,-0.0151801,4.98
Q313R,1.06377,-0.0146414,2.79326,0.0294357,-1.66442,-0.579458,0.0716597,0.543878,-0.262173,0.0996294,0.0731907,-0.00470772,-0.0266024,5.76539e-13,-3.17657e-08,3.58
E406D,0.283899,0.0,0.00736539,0.416341,-0.104985,0.239273,0.773565,0.043181,-0.529228,-0.47786,-0.107538,-0.0118121,0.0237858,0.0,0.0,34.13
I244E,2.85648,-0.150997,-0.19316,0.695632,-0.683821,1.33648,1.74351,-0.0743099,-0.00777537,-0.325952,-0.162256,-0.0734866,0.230692,-5.34794e-13,0.448435,5.97
N163D,2.54481,0.00537012,1.36936,0.130789,-1.70576,2.50882,0.01875,-0.135535,-0.168499,-0.0622686,0.0706805,9.53987e-08,-0.0732529,5.78759e-13,0.586351,15.19
S400A,-1.49141,0.20255,0.207199,0.325253,0.000100206,-1.39143,-0.401403,0.342037,-0.5298,-0.209598,-0.0363143,-0.0106863,-2.37404e-07,-5.26121e-13,-3.39143e-08,3.22
