description,total_score,dslf_fa13,fa_atr,fa_dun_dev,fa_dun_rot,fa_dun_semi,fa_elec,fa_intra_atr_xover4,fa_intra_elec,fa_intra_rep_xover4,fa_intra_sol_xover4,fa_rep,fa_sol,hbond_bb_sc,hbond_lr_bb,hbond_sc,hbond_sr_bb,hxl_tors,lk_ball,lk_ball_bridge,lk_ball_bridge_uncpl,lk_ball_iso,omega,p_aa_pp,pro_close,rama_prepro,ref
A192S,-610.09961,-1.1111500000000007,-2889.1116599999996,88.02208999999999,189.69106999999985,444.7876999999999,-804.6703700000003,-170.17017999999993,-99.15069000000005,83.96553999999998,116.43988999999993,421.58390999999995,2072.3747299999995,-63.78641999999999,-98.91700000000004,-81.13981000000001,-186.05400000000006,89.35055999999999,1108.4252799999992,-13.174900000000001,-43.00148000000001,-1130.0029299999994,42.07200000000003,-78.98199999999999,8.904869999999995,159.59599999999966,223.96099999999961
A227W,-615.1437099999998,-1.1109499999999999,-2900.7529800000007,92.91774000000004,186.39701000000005,449.56732000000005,-807.6539799999998,-172.28940999999995,-103.80671999999996,85.05650000000003,119.23432999999999,426.88438000000025,2070.084,-63.48099000000003,-98.92000000000006,-81.17718999999997,-186.09000000000012,88.72174999999999,1109.45345,-13.065019999999995,-42.70022999999999,-1131.1369899999997,42.07200000000003,-79.31900000000019,8.390070000000007,159.37399999999982,228.20799999999977
A236E,-458.1863999999997,-1.1104800000000004,-2904.9799700000003,94.69610999999999,189.58172000000005,450.30206000000015,-809.8392800000003,-171.7707400000003,-103.82344999999994,85.3393900000001,119.69372000000004,572.8213100000003,2088.532610000001,-62.15649999999999,-98.91700000000004,-84.93124000000009,-186.05500000000018,89.14927999999998,1116.6839700000012,-13.45622,-43.371029999999976,-1136.7449300000014,42.07200000000003,-79.51900000000005,7.910790000000012,158.84200000000018,222.86400000000015
A249E,-607.2643599999999,-1.1112299999999995,-2900.425139999999,89.20676999999999,189.64468,451.49452,-806.5673800000003,-171.37727000000007,-100.13620000000003,87.29239,117.31054000000003,428.8351699999998,2076.186559999999,-64.97585999999997,-98.91700000000004,-83.36104000000003,-186.08599999999967,89.07870999999999,1112.3830500000006,-13.201150000000002,-42.81948000000002,-1132.50424,42.07200000000003,-79.91200000000008,8.984129999999999,158.77800000000016,222.86400000000015
A306N,-635.4231000000001,-1.1118599999999992,-2896.627279999999,93.56506000000007,186.54169999999993,443.0715899999999,-811.5333400000002,-170.94311000000002,-100.45974,83.99063999999994,117.09705,420.50451999999984,2071.9042,-64.59110000000001,-98.91700000000004,-83.78011000000002,-186.09000000000012,87.83584999999995,1109.3838799999999,-13.217759999999997,-42.84382000000001,-1131.7938100000001,42.07200000000003,-80.55400000000007,8.554760000000002,158.3199999999998,224.19900000000027
A356A,-611.4305600000005,-1.1114099999999996,-2895.7010700000014,90.70057000000001,190.58352999999985,443.7904899999999,-802.47921,-170.4086000000001,-103.21028000000005,86.44429000000002,117.60576999999999,423.9431000000001,2069.16373,-63.31055999999998,-98.91700000000004,-81.28163,-186.09000000000012,88.18997000000003,1112.49476,-13.38525000000001,-43.849270000000004,-1132.2041600000007,42.07200000000003,-79.5230000000001,9.17607,159.116,226.76199999999986
A357A,-608.8702100000002,-1.1115199999999996,-2887.8319600000013,89.88206000000004,189.9566799999999,445.9624900000002,-803.8573700000005,-171.15796000000017,-99.93553000000003,85.72303,116.65619999999997,418.8903000000001,2069.244440000001,-61.68057000000002,-98.91599999999997,-82.64805000000003,-186.09000000000012,88.17995,1108.6459999999997,-13.232879999999996,-43.12977000000001,-1129.3915500000003,42.07200000000003,-79.5230000000001,8.545429999999993,159.116,226.76199999999986
A408A,-612.2177500000004,-1.0129500000000007,-2887.3262800000025,91.71454000000003,188.3991000000003,446.02800999999994,-807.5332700000004,-171.29353999999995,-100.30803000000003,85.53743000000006,116.80344999999994,418.90059,2071.0074000000004,-61.12048000000004,-98.91100000000004,-83.71713000000001,-186.09000000000012,87.76506000000005,1107.2940099999996,-13.319820000000004,-42.64481,-1129.3836700000008,42.07200000000003,-79.5230000000001,8.567010000000007,159.116,226.76199999999986
C167A,-617.974689999999,-1.1106400000000003,-2890.3106600000006,91.51487000000002,187.63406999999978,447.3091000000004,-804.4757700000005,-170.7987500000002,-98.73761000000002,85.17362999999997,116.27914000000001,417.93652999999955,2065.4224399999994,-63.95528000000001,-98.91700000000004,-82.16463999999992,-186.09000000000012,89.48862000000004,1109.9624699999983,-13.163409999999988,-42.160639999999965,-1130.3521999999996,42.07200000000003,-79.99899999999985,8.440969999999988,158.31799999999973,224.70899999999995
C167F,-614.8993799999998,-1.1115899999999994,-2903.9554200000007,91.73746,190.50547000000017,450.59551,-807.6095299999996,-171.26696999999996,-98.72392999999997,84.84029000000004,116.56751999999997,431.20376000000005,2069.5333900000005,-64.37976999999997,-98.91700000000004,-81.81685999999996,-186.09000000000012,88.05166999999997,1110.9834799999994,-13.275519999999998,-42.72036000000003,-1132.9193799999998,42.07200000000003,-79.67100000000009,8.522449999999996,158.53900000000024,224.40699999999958
C167Q,-610.36882,-1.111189999999999,-2899.659319999998,91.91515000000007,187.66088999999974,452.34769000000034,-805.2113500000004,-171.33650999999992,-100.47800000000001,85.61862000000005,117.23657999999992,423.9141399999995,2074.7838299999985,-63.91744000000008,-98.91700000000004,-81.37350000000002,-186.09000000000012,89.40476000000007,1112.9636300000006,-13.361139999999992,-42.72123000000001,-1133.3762099999992,42.07200000000003,-80.03399999999986,8.411479999999989,158.5499999999997,222.33899999999997
C167S,-616.9512800000001,-1.1107000000000007,-2891.5116799999987,91.34195999999993,188.21552000000008,447.30257999999975,-805.5556200000001,-170.79472000000004,-98.69527999999997,85.15834000000002,116.29990000000006,417.61884000000055,2069.9894599999984,-63.98157999999999,-98.91700000000004,-82.22975999999998,-186.09000000000012,90.22942,1110.7939400000007,-13.17712,-42.29759999999997,-1131.0428000000004,42.07200000000003,-79.55400000000007,8.46074000000001,158.6149999999998,221.9079999999997
D121F,-575.5636900000002,-1.0189100000000004,-2905.35589,95.48329,189.61216999999994,443.2511299999999,-799.0448200000002,-171.67839999999995,-98.07718999999997,85.72931999999999,116.11541000000005,460.5705599999999,2063.7076599999996,-61.79037,-98.91700000000004,-80.24624999999996,-186.09000000000012,88.05912999999998,1108.0134100000005,-13.046780000000005,-42.078929999999986,-1130.26548,42.07200000000003,-79.07399999999983,8.516250000000005,159.64799999999966,230.34300000000042
D322A,-615.4119899999996,-1.11152,-2885.78171,90.75374999999997,189.64042000000026,440.33744999999976,-802.7024000000002,-170.96547999999999,-99.53700000000008,85.55472000000002,115.84765000000009,415.7574299999999,2062.4757900000013,-61.88974000000007,-98.90400000000025,-82.95835999999997,-186.09000000000012,88.77215,1107.1286700000005,-12.966450000000004,-42.42532000000002,-1127.9896499999995,42.07200000000003,-79.5,9.460490000000002,158.96600000000024,230.6440000000002
D403A,-591.8683000000002,-1.1119699999999992,-2878.8120099999987,91.49577999999995,186.57457,446.91125,-789.2062400000001,-171.35927000000007,-101.58352,86.04725999999997,116.74331000000008,427.9911499999998,2049.4385600000005,-58.36288999999995,-98.91700000000004,-80.39630000000005,-186.09000000000012,86.67426999999996,1100.9304499999996,-13.211990000000007,-43.09803999999998,-1122.8206,42.07200000000003,-79.70100000000001,8.549049999999996,158.7309999999998,230.6440000000002
E154D,-625.4082700000001,-1.1111500000000003,-2885.3707199999985,89.00411000000003,187.6904199999998,441.5724799999996,-800.30873,-170.93778999999995,-101.79522999999999,85.68263999999999,116.74475999999999,417.5959999999998,2059.9547100000004,-65.11030000000004,-98.91700000000004,-78.19596000000003,-186.09000000000012,88.82288999999993,1103.5286199999991,-13.552629999999992,-43.42967000000001,-1126.9742800000001,42.07200000000003,-80.009,8.613300000000002,158.33499999999958,226.77699999999953
E177A,-624.5586199999989,-1.0611400000000006,-2891.1044500000025,93.88892000000013,188.40655000000032,441.2880900000003,-807.0221500000006,-170.8246000000002,-98.54243000000015,85.41778000000008,116.05834000000013,412.79859000000033,2064.9514099999983,-64.10321000000003,-98.866,-83.55621999999993,-186.09000000000012,89.24922000000001,1108.4705899999994,-13.184729999999995,-42.453910000000015,-1129.4045799999985,42.07200000000003,-79.06599999999986,7.99336,159.46600000000024,230.65999999999988
E177D,-628.9638099999996,-1.0787,-2893.1686900000013,93.75501999999993,188.4095300000003,442.8331900000002,-810.2268399999989,-170.90155000000007,-98.61823000000003,85.30877000000004,116.42580000000005,413.3959000000003,2070.255280000001,-64.20818999999999,-98.866,-84.49336000000001,-186.09000000000012,89.24637000000006,1109.1530699999992,-13.204909999999998,-42.45347000000002,-1130.853820000001,42.07200000000003,-79.63299999999987,8.121969999999994,159.0789999999998,226.77699999999953
E177K,-627.0446000000003,-1.0713000000000013,-2893.523569999997,93.80542000000003,190.0551599999996,440.8522799999999,-807.3944799999997,-171.09722,-98.45643000000004,85.2800400000001,116.23961999999992,413.74823000000004,2068.180039999999,-64.23878000000003,-98.866,-83.74223999999992,-186.09000000000012,89.1641700000001,1108.6726099999985,-13.213880000000007,-42.591370000000026,-1129.8978700000016,42.07200000000003,-79.53600000000004,8.075059999999993,159.02100000000027,227.50800000000032
E177L,-626.7881700000004,-1.0871300000000006,-2894.0352200000007,93.64917000000007,188.53857000000022,440.6944900000003,-807.5262300000002,-171.3098399999999,-98.14002999999997,85.77689999999997,116.2154099999999,414.3941499999999,2067.2363799999994,-64.19723,-98.866,-83.51357999999999,-186.09000000000012,88.92641999999995,1108.8107800000005,-13.208879999999992,-42.54484999999997,-1129.9689299999993,42.07200000000003,-79.58799999999992,8.127909999999998,159.125,229.7200000000001
E177N,-627.3176399999996,-1.092260000000001,-2893.5910799999997,93.69394000000004,188.40208000000027,443.2675599999998,-809.0717300000001,-170.97419000000008,-99.10221000000007,85.17200000000007,116.43129,414.66605,2068.92064,-64.26060000000004,-98.866,-84.97609,-186.09000000000012,89.14931999999999,1109.1903499999999,-13.239130000000012,-42.63330999999998,-1130.5786199999993,42.07200000000003,-79.3869999999999,8.167980000000004,159.31400000000022,228.09700000000032
E177S,-625.7347600000006,-1.079860000000001,-2892.5063499999983,94.08422999999999,188.76457000000002,440.66604999999964,-807.6754100000012,-170.81046999999987,-99.40937000000005,85.27733999999992,116.11589999999995,414.25201999999973,2068.606950000001,-64.21143000000001,-98.866,-83.53880999999993,-186.09000000000012,89.77271999999998,1109.369139999999,-13.212639999999988,-42.54587000000004,-1130.3381099999995,42.07200000000003,-79.4889999999998,8.067470000000007,159.13199999999972,227.8590000000003
E222A,-621.5140100000004,-1.111050000000001,-2892.5253700000007,93.80400000000003,183.01260999999988,440.44079000000005,-807.4290800000001,-170.21305999999996,-100.75201000000004,85.70647000000001,116.63861999999993,423.62617999999986,2064.8513399999997,-64.53854999999997,-98.91700000000004,-80.74404999999997,-186.09000000000012,87.97269999999999,1109.84681,-13.414710000000005,-42.8317,-1130.02079,42.07200000000003,-79.48099999999995,8.56205,159.36199999999963,230.65999999999988
E222H,-620.5992800000004,-1.111060000000001,-2898.7794700000004,92.79569,183.07410999999985,443.6369600000001,-808.7418500000001,-170.57806000000005,-99.86309,85.47475000000004,117.05026999999997,425.2964400000001,2070.6977,-65.42517,-98.91700000000004,-79.63405,-186.09000000000012,88.31001999999998,1112.56341,-13.542139999999996,-43.28692000000003,-1132.5193,42.07200000000003,-79.6949999999999,8.564729999999997,158.80999999999986,229.23800000000014
E222K,-629.5594299999998,-1.1110200000000012,-2896.636300000001,95.96774,184.72886000000003,438.5932400000001,-815.5240800000003,-170.57852,-100.37122999999993,85.04423000000004,116.66976999999999,427.09575999999987,2070.1992,-64.50917,-98.91700000000004,-83.33734,-186.09000000000012,87.43405000000001,1111.61195,-13.361730000000007,-42.63715000000001,-1131.4794499999998,42.07200000000003,-79.47999999999979,8.554779999999996,158.99400000000023,227.50800000000032
E222Q,-621.3449799999999,-1.111120000000001,-2895.6538999999993,92.70051000000001,182.8506399999999,443.5777599999999,-809.0087500000003,-170.47483,-100.42772999999997,85.51044,116.82719999999998,425.8869700000001,2068.695649999999,-64.60573000000001,-98.91700000000004,-81.08804999999997,-186.09000000000012,88.76119000000003,1111.0755599999998,-13.554379999999997,-43.55855,-1131.1103800000005,42.07200000000003,-79.55400000000007,8.580379999999998,158.982,228.29000000000053
E222R,-622.4048699999998,-1.1111200000000006,-2898.958039999999,93.37540000000001,184.6776999999999,441.1236300000001,-809.5069499999996,-170.82193999999998,-99.98794000000002,85.73149999999995,116.80463000000002,425.06636000000003,2072.0368599999997,-64.49747,-98.91700000000004,-80.44725000000001,-186.09000000000012,88.13575000000003,1111.6808,-13.445710000000005,-42.82542,-1132.4878699999997,42.07200000000003,-79.70499999999994,8.588809999999997,158.84799999999998,228.25500000000002
E222Y,-624.56809,-1.111030000000001,-2901.43741,94.30180000000004,182.19421999999992,443.0164900000002,-807.3941000000002,-170.8573,-100.05341999999999,85.84557999999998,116.63066999999992,424.8695199999999,2068.5070600000004,-64.51969,-98.91700000000004,-80.35949999999998,-186.09000000000012,87.96349000000001,1111.6891999999996,-13.396940000000004,-42.994309999999984,-1132.3210100000006,42.07200000000003,-79.7269999999999,8.55721,158.8289999999998,230.13599999999985
E388C,-599.1149000000003,-1.1106999999999991,-2894.6019,93.02536000000005,184.46254999999985,447.8218899999992,-807.1123199999998,-170.49758999999978,-98.95157000000006,88.50422999999984,115.66915999999983,435.7213799999997,2066.485370000001,-64.27286000000008,-98.91700000000004,-82.21042999999995,-186.09000000000012,89.22869000000009,1107.0653399999992,-13.086720000000003,-42.316399999999966,-1129.7947500000018,42.07200000000003,-79.98999999999984,8.494439999999988,158.57400000000015,232.71299999999982
E406A,-612.0482000000001,-0.8854000000000001,-2877.8644999999997,90.62205000000003,189.55996000000007,443.3076099999999,-799.2252900000001,-170.96691999999993,-99.53423999999995,85.09333999999998,116.08199000000002,417.8048100000003,2050.7089800000003,-60.94654,-98.91700000000004,-82.78241000000004,-186.12999999999982,88.21780000000001,1102.7632999999998,-13.238220000000004,-42.55458999999999,-1123.5653800000007,42.07200000000003,-79.77499999999985,8.555499999999999,158.89099999999974,230.65999999999988
E406D,-611.9077199999998,-0.9605200000000003,-2882.552560000002,90.41957999999997,189.75471000000005,445.65183000000025,-808.4845899999997,-171.204,-98.68858,84.16473000000002,117.11717999999999,421.8929199999998,2060.2705399999995,-61.17423000000002,-98.91700000000004,-82.55525,-186.12999999999982,88.86920999999995,1105.30972,-12.749559999999999,-41.394490000000005,-1125.8982199999994,42.07200000000003,-80.27700000000003,8.4883,158.29099999999968,226.77699999999953
E406N,-612.3282100000004,-0.7808100000000002,-2883.80456,90.89999999999996,189.77070000000015,447.21279000000015,-801.3381199999997,-171.23398000000006,-99.77059000000003,85.21820000000001,116.60598000000007,418.1470600000002,2058.396090000001,-60.70714000000001,-98.91700000000004,-83.61785,-186.12999999999982,88.48391999999998,1105.40762,-13.431649999999996,-43.13963999999998,-1126.11762,42.07200000000003,-80.3280000000002,8.510679999999997,158.16699999999983,228.09700000000032
E406Q,-606.8637799999999,-0.8948899999999997,-2888.18733,90.01423000000004,189.8273899999999,447.5501499999996,-802.7895800000002,-171.45027,-99.73267,86.01900999999994,116.49613999999995,422.60082999999975,2062.5683799999993,-60.99409999999998,-98.91700000000004,-83.94698999999999,-186.12999999999982,90.22023999999998,1106.7721699999995,-13.316969999999994,-43.03569,-1127.6873700000003,42.07200000000003,-79.70799999999984,8.468779999999997,159.02800000000016,228.29000000000053
E406V,-609.6188900000002,-0.91247,-2883.899819999999,90.28073000000002,189.82132000000004,444.29487000000006,-799.9431999999999,-171.24232999999995,-99.99340999999997,86.36112000000001,116.16257999999996,420.1610499999998,2051.83304,-60.83601999999997,-98.91700000000004,-83.19736999999998,-186.12999999999982,88.75453000000003,1104.3806899999997,-13.092649999999992,-42.138850000000026,-1124.60825,42.28000000000007,-78.70399999999991,8.547170000000003,159.9850000000002,231.13499999999968
E426S,-611.0539200000001,-1.1099999999999997,-2891.5063600000008,96.75719999999995,185.48034000000007,443.0677199999999,-803.8467000000012,-170.93131999999972,-99.04731999999989,86.17681999999992,116.45405999999994,419.0208200000004,2067.414359999998,-60.49681999999993,-98.91200000000012,-82.16061999999997,-186.09000000000012,89.17619999999984,1108.063799999998,-13.04448,-42.574380000000076,-1129.8853800000015,42.07200000000003,-79.58100000000009,7.5211600000000045,159.06899999999987,227.8590000000003
F248K,-601.6298400000001,-1.111000000000001,-2887.50947,91.60671,194.22158999999994,442.7638300000001,-811.29985,-170.73043,-98.95371999999998,85.40949,116.95049000000004,423.08624000000003,2080.84693,-64.38794000000003,-98.91700000000004,-85.18826000000003,-186.0020000000003,87.97184999999998,1113.21416,-13.220220000000001,-42.42355999999998,-1132.1524199999997,42.07200000000003,-79.71299999999992,9.039280000000002,158.884,223.91200000000018
F343S,-619.34708,-1.1118099999999986,-2885.8890199999996,87.65402999999998,188.93437000000006,439.94791000000004,-805.55768,-169.91488000000004,-100.61169,83.39864,116.06436000000002,424.66946999999993,2067.93967,-64.78755999999997,-98.91700000000004,-83.01876000000001,-186.09000000000012,88.94310999999999,1109.18797,-13.235710000000008,-43.06356000000001,-1129.0842800000003,42.07200000000003,-79.7730000000001,8.99707,159.63700000000026,224.26300000000003
F405A,-602.41193,-1.0088,-2873.1924800000015,90.90980999999998,188.27299000000005,443.43179000000003,-805.3691100000001,-170.64983000000007,-100.05011000000002,85.06167000000003,116.59936000000003,416.82860000000005,2066.8201300000005,-60.84355000000001,-98.88700000000003,-83.10462000000001,-186.07699999999988,87.80548999999999,1104.6075299999998,-13.159429999999995,-42.57255,-1125.7006299999996,42.07200000000003,-79.20600000000009,8.543580000000002,159.39199999999985,227.06399999999974
F415A,-587.2755100000006,-1.1096800000000009,-2876.5658400000025,96.21082000000003,185.7153299999999,443.4307999999999,-802.1027500000001,-170.16172999999978,-100.53888000000008,85.19053000000005,116.74758000000006,433.09903999999966,2065.4131899999998,-62.263380000000055,-98.91700000000004,-82.97652999999993,-186.09000000000012,88.44165000000007,1105.7942699999994,-13.29236000000001,-43.083750000000016,-1127.3561699999987,42.07200000000003,-79.32499999999987,8.146729999999998,159.18200000000027,227.06399999999974
F415D,-586.5826099999999,-1.11052,-2881.0043999999984,93.27645000000001,186.00144999999998,447.1177300000001,-805.1911799999999,-170.47184,-100.25785999999998,86.84255999999999,116.70791000000001,429.2706400000001,2078.5782199999985,-62.088519999999974,-98.91700000000004,-83.85186999999998,-186.09000000000012,88.36858000000001,1111.2554100000004,-13.32774,-43.36406000000001,-1131.1579600000002,42.07200000000003,-79.77700000000003,8.361199999999998,158.99400000000023,223.18100000000024
F415N,-592.6014199999995,-1.1091900000000006,-2881.7807700000003,99.22563999999986,185.88082999999997,447.6197500000002,-803.0060400000007,-170.6062900000001,-100.77421999999996,86.28288000000006,116.54500000000013,421.07473999999974,2073.323540000001,-62.27624999999995,-98.91700000000004,-83.99809000000005,-186.09000000000012,88.97164000000004,1109.1401599999988,-13.256270000000004,-43.10531000000001,-1129.9715700000004,42.07200000000003,-79.49399999999987,8.015600000000008,159.12999999999965,224.50100000000018
F72H,-609.9331600000002,-1.1116499999999994,-2889.842469999998,87.13896000000001,190.5783800000001,445.84352000000007,-807.3687700000003,-171.28105999999997,-99.40680000000002,85.94458999999999,117.15017999999996,418.4479600000001,2075.88269,-64.35374,-98.91899999999991,-83.43025000000002,-186.09000000000012,89.90492,1112.351680000001,-13.144820000000006,-42.514430000000004,-1131.7256600000003,42.07200000000003,-79.39099999999983,8.50266,159.18699999999993,225.64199999999985
G12N,-487.91763999999995,-1.111000000000001,-2906.0806800000005,109.10211000000002,190.63499999999993,449.22496000000024,-808.9738199999997,-171.86298999999997,-103.51733,103.28644999999999,117.57628000000003,528.6182399999997,2078.8281,-64.44693000000004,-98.94199999999987,-86.04959,-186.09000000000012,87.59360999999998,1111.2703500000005,-13.332849999999993,-43.56784999999999,-1135.7883099999997,42.10100000000008,-79.15300000000006,8.52391,159.21299999999982,225.02600000000035
G153A,-562.6361100000009,-1.1109200000000004,-2888.7728600000014,89.44372000000001,195.49895000000024,440.9611200000002,-798.9160099999995,-170.92555000000002,-98.92601000000008,85.80388000000002,116.26166000000003,461.8721900000005,2057.6767500000014,-62.23097000000005,-98.91700000000004,-76.95471000000009,-186.09000000000012,88.20789999999994,1104.5301500000012,-13.34678000000001,-42.83994999999998,-1127.403700000002,41.88500000000011,-76.56900000000017,8.202659999999993,162.43499999999983,227.58899999999997
G355A,-599.0111299999996,-1.1118399999999988,-2898.8214500000013,90.61677,188.92332999999996,449.4354800000004,-803.2124699999996,-170.4347999999999,-99.49349000000005,86.31265000000006,116.55676000000012,427.5755899999998,2068.05337,-63.30783000000001,-98.91700000000004,-83.29279000000002,-186.09000000000012,88.92620999999994,1113.7854899999993,-12.991449999999988,-42.6113,-1132.3350700000012,42.25599999999996,-76.8519999999999,8.61635,161.81500000000017,227.58899999999997
H101R,-615.8856000000001,-1.1117399999999988,-2887.9346200000005,87.49125000000002,190.87274999999994,442.15937000000037,-803.2705499999997,-170.8742699999999,-97.40019999999997,85.86241000000001,115.44805999999997,417.2290199999997,2066.370709999999,-62.502200000000066,-98.91700000000004,-78.90404999999994,-186.06400000000002,88.85569999999996,1105.8001900000008,-13.177609999999989,-43.01513999999998,-1128.477640000001,42.07200000000003,-79.74799999999982,8.662509999999996,158.90899999999976,225.77899999999988
H119A,-621.4007999999999,-1.1116199999999992,-2883.95118,89.71117999999996,187.91300000000012,439.65148999999997,-806.2416200000004,-170.28171000000003,-99.08519999999987,86.49482,115.74606999999993,419.80483,2057.732069999999,-64.01123999999997,-98.91700000000004,-81.87998999999985,-186.09000000000012,89.2467200000001,1105.3618700000009,-12.930350000000008,-41.869510000000055,-1126.0757799999997,42.07200000000003,-78.77400000000013,8.464400000000005,159.43900000000022,228.18300000000056
H119D,-619.6619699999993,-1.111000000000001,-2886.8235199999986,90.32589999999989,187.76548999999963,443.14205000000067,-809.54302,-170.57215,-97.53895999999999,86.66940000000017,116.65731000000018,417.6988800000001,2066.217839999996,-63.854620000000004,-98.91700000000004,-83.81008000000014,-186.09000000000012,90.02367,1108.6173200000026,-12.92326,-42.030379999999944,-1128.6069599999985,42.07200000000003,-79.11499999999984,8.390300000000014,159.39199999999985,224.30099999999973
H119E,-614.9266699999996,-1.1101699999999999,-2889.806079999996,93.60830999999993,187.7639999999996,444.83986999999945,-810.7278300000017,-170.66632000000013,-98.01882000000003,86.38851000000017,116.29287999999988,419.09973000000014,2069.2820300000026,-63.937659999999944,-98.91700000000004,-83.39105999999988,-186.09000000000012,89.77107999999991,1109.2248200000008,-12.944329999999987,-42.01111,-1129.5220900000008,42.07200000000003,-78.5259999999999,8.074769999999992,160.0380000000001,224.28600000000003
H119N,-617.981659999999,-1.109239999999999,-2887.8241099999955,94.65109000000012,187.91300000000012,443.3162900000005,-805.9217899999993,-170.62103000000022,-99.58179000000001,85.84665999999991,116.30243999999989,418.28568999999936,2063.171399999998,-63.82146999999989,-98.91700000000004,-83.59179000000016,-186.09000000000012,89.97019000000002,1107.8004200000003,-13.065379999999996,-42.4123000000001,-1127.9799299999984,42.07200000000003,-79.39199999999988,8.605889999999988,158.79199999999983,225.61999999999998
H119Q,-614.6062899999994,-1.111769999999999,-2891.9391899999964,87.7366600000001,187.7639999999996,444.0628599999997,-809.4842299999999,-170.64417000000014,-98.98848000000011,86.25038999999997,116.12241000000012,428.8770399999994,2067.756840000003,-63.63182999999987,-98.91700000000004,-83.10047999999995,-186.09000000000012,89.01856999999997,1108.8683199999987,-13.067419999999993,-42.41914000000003,-1129.2699999999995,42.07200000000003,-78.75699999999985,8.463010000000004,160.00799999999984,225.81399999999974
H119S,-618.8147300000005,-1.1119299999999985,-2883.986549999998,89.72294000000002,188.96199999999988,439.93529999999976,-805.7878400000008,-170.32590000000022,-99.96103000000018,86.70941000000002,115.74571000000007,418.78294,2060.292600000001,-63.78989999999995,-98.91700000000004,-82.79640999999987,-186.09000000000012,91.54454999999987,1106.027229999999,-12.924900000000015,-41.85649999999996,-1126.3574099999992,42.07200000000003,-78.63900000000008,8.424840000000014,160.1270000000003,225.38200000000018
H178A,-630.7010699999997,-1.0125100000000005,-2887.860629999999,92.93572999999994,187.71070999999995,437.56783999999976,-808.8783900000001,-170.53152000000003,-99.30830000000002,84.60400999999996,116.20423999999996,416.11866000000003,2064.7076,-64.58895999999999,-98.85099999999998,-83.94104999999999,-186.12999999999982,88.31983999999999,1108.05352,-13.260249999999992,-42.818860000000015,-1129.05374,42.07200000000003,-79.08600000000006,8.585780000000002,159.55600000000013,228.18300000000056
H178C,-630.2435800000002,-1.13481,-2890.7421400000017,93.01453000000001,187.95624000000004,437.19757000000004,-809.3016700000002,-170.52704999999986,-99.67443000000002,84.35912,116.22461999999992,417.1079300000001,2066.53933,-64.23848999999998,-98.85099999999998,-83.65176999999994,-186.12999999999982,88.18990999999998,1107.9912599999998,-13.250919999999997,-42.78272000000001,-1128.9714000000004,42.07200000000003,-79.54500000000006,8.54887,159.12000000000035,230.23600000000044
H178F,-628.3342400000002,-1.1604900000000011,-2896.9001099999996,91.54787,187.65111000000016,443.90172999999976,-809.9636800000002,-171.05150999999998,-98.02122999999997,86.93949000000003,116.39313999999993,422.2189500000001,2063.2534100000007,-64.28267000000004,-98.85099999999998,-84.62489000000001,-186.12999999999982,88.82736999999997,1109.9167799999998,-13.317889999999993,-42.97167999999998,-1129.4232400000003,42.07200000000003,-79.6779999999999,8.470849999999995,158.96700000000018,227.88200000000018
H178K,-621.5741499999997,-1.1578200000000003,-2896.9164100000016,92.68751,189.58263000000014,438.5423600000003,-804.8199399999999,-170.86838000000023,-98.47585999999995,84.47022000000011,116.3446100000001,420.14136999999954,2073.0677,-64.57161,-98.85099999999998,-83.72517999999992,-186.12999999999982,88.92753000000008,1112.0278600000006,-13.261240000000011,-42.70041999999996,-1131.21512,42.07200000000003,-79.32600000000001,8.516079999999995,159.03199999999967,225.03199999999958
H178N,-628.8429499999994,-1.07368,-2891.1946900000016,93.31890999999997,187.71667000000005,441.7714699999999,-808.3579100000002,-170.68098000000006,-98.98572000000007,84.99261999999993,116.36588999999987,414.3136099999999,2068.43128,-65.08273999999997,-98.85099999999998,-83.64631999999996,-186.12999999999982,89.12387999999996,1109.3865999999996,-13.278110000000002,-42.751419999999996,-1130.143940000001,42.07200000000003,-79.0050000000001,8.173580000000003,159.0499999999997,225.61999999999998
H178R,-619.2435399999999,-1.1650900000000008,-2895.460740000001,90.64111999999997,191.65556000000004,439.46531999999985,-809.1029899999997,-171.10661,-98.31657999999996,85.14083000000002,116.50945999999998,426.34511,2071.0141700000004,-63.83028999999998,-98.85099999999998,-84.46742999999996,-186.12999999999982,89.04494000000003,1111.133450000001,-13.476759999999999,-43.381910000000026,-1130.8256800000004,42.07200000000003,-79.52800000000006,8.544439999999996,159.05400000000006,225.77899999999988
H178W,-585.9582400000003,-1.1395400000000004,-2903.87561,93.78364999999992,187.67507000000015,441.62796000000014,-806.31567,-171.17306999999997,-99.57994000000001,83.46727000000001,116.36267000000002,466.53262999999987,2066.0618699999986,-63.10381000000001,-98.85099999999998,-82.22111999999998,-186.12999999999982,88.89044000000001,1110.1948599999998,-13.74717,-43.72590000000001,-1131.0456699999997,42.07200000000003,-79.44899999999983,8.537889999999997,159.56300000000007,229.62900000000047
H315A,-614.6839499999999,-1.1117599999999985,-2892.581029999999,96.11151,186.62281999999988,442.23107000000016,-806.7237900000005,-170.63715000000008,-100.9915200000001,84.42366,116.77336999999997,423.1790799999996,2067.21228,-63.670200000000015,-98.91700000000004,-82.21104000000001,-186.09000000000012,90.07103000000006,1108.5743899999989,-13.238090000000009,-43.71702000000002,-1129.4530100000006,42.07200000000003,-79.23099999999995,9.12841,159.30700000000027,228.18300000000056
H315D,-615.5057899999999,-1.1119099999999986,-2893.115940000002,96.46892999999996,186.7557699999999,445.86414,-806.07128,-170.81753999999992,-101.03010999999995,84.64923999999998,117.36732000000008,422.0309000000001,2069.1348000000003,-63.69872,-98.91700000000004,-82.40372000000004,-186.09000000000012,90.23512999999994,1109.1485700000005,-13.299699999999996,-43.91545000000001,-1130.1061100000002,42.07200000000003,-79.98999999999984,8.835469999999995,158.1980000000002,224.30099999999973
H315E,-614.9499700000006,-1.111849999999999,-2893.225179999998,95.90187,186.75281999999996,444.87530000000055,-806.6791699999999,-170.86533000000003,-101.01873000000002,84.46649999999998,117.22116999999993,423.5141600000002,2068.039710000002,-63.66106000000001,-98.91700000000004,-82.16094000000008,-186.09000000000012,90.06158000000003,1108.7020400000008,-13.22096,-43.684029999999986,-1129.611730000001,42.07200000000003,-79.07300000000014,9.210840000000003,159.2649999999998,224.28600000000003
H315N,-615.4863199999996,-1.1119399999999988,-2893.4020500000024,94.93630999999993,186.8089,445.6512299999998,-806.8761600000003,-170.83889000000022,-100.81727000000005,84.77572000000009,117.08594000000001,422.5637899999999,2068.2965200000017,-63.637009999999954,-98.91700000000004,-82.25832000000004,-186.09000000000012,90.49645999999996,1109.3843900000004,-13.261960000000006,-43.76431999999994,-1129.9154700000006,42.07200000000003,-79.83799999999992,9.257430000000003,158.2939999999999,225.61999999999998
H315R,-614.7042300000003,-1.111829999999999,-2893.34903,95.59722999999998,188.4541100000002,442.3722500000002,-806.6965099999996,-171.10554999999988,-100.46466999999998,84.73936000000002,117.03375000000005,423.05535999999984,2068.2299,-63.66326999999999,-98.91700000000004,-82.24213000000002,-186.09000000000012,90.23596000000005,1108.6927399999997,-13.212510000000007,-43.69254,-1129.69656,42.07200000000003,-79.2269999999999,9.215539999999997,159.28700000000018,225.77899999999988
H315Y,-614.5029800000001,-1.1118899999999987,-2895.23612,96.40305999999988,186.86796999999996,444.90634999999986,-806.8680500000006,-171.26408000000015,-100.66959000000004,84.50782000000005,117.13316000000012,422.8628300000003,2068.006989999998,-63.68651000000004,-98.91700000000004,-82.24231000000003,-186.09000000000012,90.16942,1109.2517900000007,-13.228569999999996,-43.679019999999994,-1130.113610000001,42.07200000000003,-79.25799999999987,8.87970000000001,159.14099999999974,227.65899999999974
H328N,-626.3166700000006,-1.1110600000000004,-2894.046849999999,89.35019999999999,188.41399999999993,444.7017099999998,-806.8127200000001,-170.7958,-102.78167000000003,84.14055,118.04466000000001,416.89085999999986,2068.8783599999992,-64.72417,-98.91700000000004,-80.93121000000004,-186.06999999999982,89.47102999999998,1111.4003400000008,-13.53393,-43.949810000000014,-1130.9019100000003,42.07200000000003,-79.46600000000014,9.390979999999999,159.35000000000025,225.61999999999998
H373R,-600.0769600000002,-1.1119599999999987,-2889.134179999998,90.52975000000004,188.26711999999992,445.76779000000033,-804.4246199999997,-169.9787099999998,-99.51573,85.59185000000012,115.89978000000005,432.86378000000013,2068.265699999999,-64.32806999999997,-98.91700000000004,-82.70601999999997,-186.08899999999997,88.58437999999995,1110.641129999999,-13.071269999999995,-43.07147,-1130.262050000001,42.07200000000003,-79.35499999999979,8.596920000000011,159.03000000000029,225.77899999999988
H379R,-608.2449099999998,-1.1111100000000007,-2900.677040000001,91.38690999999997,185.89485999999985,446.2261200000001,-805.7722000000003,-170.43224,-102.12873000000003,90.22670000000002,116.86219000000003,427.16413,2079.46708,-65.62442000000004,-98.91700000000004,-79.00471999999996,-186.0720000000001,87.48554999999996,1114.1768600000003,-13.666949999999995,-44.61188,-1134.8823899999998,42.07200000000003,-79.57499999999987,8.53993,158.95099999999957,225.77899999999988
H379T,-613.0635600000002,-1.1111500000000012,-2889.21791,92.24597000000001,186.10395999999986,443.88243,-806.3861799999999,-169.89294,-102.57361000000003,87.89341999999999,116.44678999999998,424.3475600000001,2067.57815,-64.60119999999999,-98.91700000000004,-78.95154999999998,-186.0720000000001,89.87382000000004,1108.8046300000003,-13.450639999999998,-44.19487999999997,-1130.3297099999995,42.07200000000003,-79.35499999999979,8.532980000000002,159.22099999999966,224.98800000000014
I20C,-596.1979800000001,-1.1104800000000004,-2879.9898399999965,91.38757000000001,188.22213999999985,449.6144600000004,-801.4151999999999,-171.1866699999999,-99.18744000000007,85.38756000000006,116.96871999999993,413.2738100000003,2065.8630900000003,-60.11220999999996,-98.62700000000022,-80.80330000000001,-186.08699999999988,90.15396000000004,1104.717549999999,-13.093089999999991,-42.659369999999996,-1126.4385900000007,42.08899999999995,-79.75100000000015,8.266659999999996,159.0439999999999,229.27600000000038
I244E,-605.4877599999996,-1.111110000000001,-2892.3774600000006,90.57392,184.9357199999999,446.86396000000036,-806.9446699999999,-170.49369999999996,-99.63887000000003,84.25043999999998,116.64080999999996,430.87298999999985,2076.19589,-64.40020000000003,-98.91700000000004,-82.66509999999998,-186.08099999999988,89.23117000000002,1110.8782700000006,-13.45977,-43.33298999999999,-1132.03842,42.02599999999993,-78.88900000000008,9.051409999999999,160.01599999999974,223.3259999999999
I244M,-609.16688,-1.1110699999999998,-2894.5552100000014,91.95880000000005,185.91826999999998,443.49541999999985,-806.8348899999996,-170.73476000000005,-98.91227,84.36963000000003,116.51278000000006,431.3145699999996,2071.0797700000003,-64.35048,-98.91700000000004,-81.61936999999998,-186.08099999999988,89.14704999999998,1108.38634,-13.446060000000012,-43.38953000000001,-1130.56488,42.02599999999993,-78.59799999999997,9.111970000000003,160.2029999999999,226.4249999999996
I244N,-608.4478600000002,-1.1114800000000002,-2893.684449999999,91.77374999999996,183.6993199999998,449.57157000000007,-812.3099599999997,-170.82801,-98.99877000000002,84.55148000000008,117.26494000000001,430.92608,2075.5572199999992,-65.44664000000006,-98.91700000000004,-84.90092999999997,-186.08099999999988,89.27696000000006,1112.9836799999994,-13.468299999999994,-43.23351000000002,-1132.4986499999998,42.02599999999993,-78.64099999999985,9.012160000000002,160.36900000000023,224.65999999999988
I244V,-613.16805,-1.1116799999999996,-2893.8554300000005,91.17895999999998,183.60838999999999,446.94213999999977,-811.1559199999999,-170.86013,-98.66349000000008,85.05634,116.74155999999998,429.8192100000002,2069.8543200000013,-64.25863999999999,-98.91700000000004,-84.21569,-186.08099999999988,89.80587000000006,1111.32031,-13.303669999999997,-42.66569,-1131.15299,42.07200000000003,-79.43999999999983,9.23071,159.18599999999978,227.69800000000023
I300N,-634.2997199999994,-1.1117799999999993,-2894.6394099999998,85.94490999999991,185.69152000000005,449.1200100000002,-813.6368800000005,-171.00509,-105.36328000000002,83.55011000000002,118.9499400000001,412.46071999999964,2079.379769999999,-63.35578000000001,-98.884,-86.64236999999994,-186.09000000000012,88.86436999999998,1115.7903700000015,-13.13922999999999,-42.960519999999995,-1133.577510000001,42.06300000000007,-78.35800000000012,8.540989999999994,159.4480000000002,224.65999999999988
I91E,-623.4505499999999,-1.1113800000000005,-2890.0639700000006,90.24518999999997,187.13347999999976,446.92364000000015,-803.2363500000001,-170.49978000000007,-99.74218,84.58902999999998,115.95367999999995,418.5622699999999,2063.9360200000006,-63.99159999999996,-98.91700000000004,-78.75848,-186.09000000000012,88.31160999999996,1105.12673,-13.592570000000006,-43.44748,-1128.1975899999995,42.11599999999999,-79.91399999999994,8.604990000000008,159.28600000000003,223.3259999999999
K341A,-617.4678,-1.1120599999999985,-2894.221180000001,93.76303000000001,181.74514999999997,443.48897000000005,-804.5503400000005,-170.34586000000002,-101.27248000000007,87.49151999999992,116.20192000000002,424.86489,2066.9663299999997,-65.12233,-98.91700000000004,-81.78185000000005,-186.09000000000012,88.80283999999997,1108.4814999999999,-13.107850000000003,-42.83780000000001,-1130.3738799999999,42.07200000000003,-79.37600000000015,8.51632,159.33300000000017,229.9130000000002
K413A,-606.5695599999998,-1.111799999999999,-2877.03712,89.97380000000001,188.66320999999994,446.6725,-802.2097299999998,-171.0409,-99.83813999999998,85.79486999999993,116.29338999999993,416.0589699999999,2059.0046100000004,-61.28781,-98.91700000000004,-83.09808000000001,-186.09000000000012,88.33748,1104.5996299999993,-13.262630000000001,-42.61917,-1126.2899700000003,42.07200000000003,-79.28700000000008,8.541080000000001,159.59599999999966,229.9130000000002
L108N,-626.5051899999999,-1.1105699999999994,-2892.7926200000015,90.27562000000003,187.93979999999993,445.1314499999994,-813.5789800000003,-171.22947999999985,-98.18914999999994,85.47901000000003,117.19458000000004,415.50574999999975,2073.0676199999994,-64.25316000000007,-98.91700000000004,-85.10852000000006,-186.08899999999997,90.11836000000008,1111.6503700000007,-13.143020000000002,-42.67866999999998,-1131.55265,42.07200000000003,-79.09699999999994,8.34308,159.31799999999973,225.13899999999956
L171A,-616.6855900000006,-1.1118799999999986,-2887.2173399999974,90.98125999999989,185.84455000000017,443.7406900000003,-807.61801,-170.2247899999998,-99.34264000000005,84.17707999999989,116.31032000000005,419.20175000000035,2068.4760199999973,-65.25817000000002,-98.9650000000001,-81.65099000000008,-186.09000000000012,89.02366999999992,1110.4118600000002,-13.168510000000017,-42.637929999999955,-1130.288379999999,42.07200000000003,-79.06099999999988,8.629189999999994,159.37900000000036,227.70200000000014
L171D,-617.6127699999996,-1.1119199999999987,-2890.7383700000005,90.77726999999999,185.8445500000002,445.50426999999974,-810.0059400000006,-170.30020999999994,-99.46587999999996,84.18190999999999,116.68566000000004,419.70316999999966,2076.8335800000004,-65.25651000000002,-98.9650000000001,-81.67172999999997,-186.09000000000012,88.96849000000002,1111.8270000000005,-13.179499999999994,-42.68958000000002,-1132.4310699999994,42.07200000000003,-79.60999999999986,8.644210000000006,159.04299999999978,223.81899999999976
L171E,-616.4310300000002,-1.111789999999999,-2893.1290800000006,91.46729000000003,185.8296500000001,446.8096199999998,-809.7624699999998,-170.56457999999998,-99.60609999999996,83.93933000000001,117.02595999999996,421.73397000000006,2077.20275,-64.65290000000002,-98.9650000000001,-82.45203000000004,-186.09000000000012,88.59016000000003,1111.63554,-13.163339999999996,-42.749089999999995,-1132.50743,42.07200000000003,-79.45600000000009,8.574129999999998,159.0939999999996,223.80400000000006
L171N,-619.2835899999992,-1.111789999999999,-2891.8173899999992,90.86328000000002,185.82965000000019,446.5676799999999,-807.9380599999993,-170.42599999999985,-99.38265999999997,84.22685000000003,116.69036000000001,418.7235899999998,2073.975440000001,-65.48078999999994,-98.9650000000001,-83.22134999999993,-186.09000000000012,89.22521000000005,1111.27972,-13.217949999999995,-42.95648999999997,-1131.952090000001,42.07200000000003,-79.26400000000008,8.620599999999996,159.3279999999999,225.13899999999956
L171R,-620.27021,-1.1115799999999991,-2895.0101400000003,92.79854000000002,188.09704000000005,441.69109,-810.2878999999997,-170.87693000000002,-99.23219999999996,83.79153999999998,116.81099,421.63277,2076.7506000000003,-64.69548999999999,-98.9650000000001,-81.73977000000001,-186.09000000000012,88.01153000000001,1111.4965900000004,-13.423989999999996,-43.13123999999999,-1132.4459600000002,42.07200000000003,-79.3519999999999,8.569119999999998,159.0730000000002,225.2969999999997
L219A,-611.77333,-1.1117199999999992,-2888.2106499999963,89.69640999999996,187.4060400000002,444.7407299999998,-807.291269999999,-170.12963999999994,-99.66110000000005,83.88082999999999,116.44312999999997,424.5640500000001,2069.6285000000025,-63.844150000000006,-98.96600000000016,-84.63440999999999,-186.09000000000012,88.46422999999996,1110.0379800000003,-13.30061999999999,-42.869219999999956,-1130.0293799999993,42.07200000000003,-79.009,9.0853,159.65400000000034,227.70200000000014
L272N,-620.9788400000001,-1.1109900000000006,-2889.3263699999993,95.30140999999999,189.1484500000002,444.9107400000003,-805.9533000000005,-170.02027999999996,-102.52713,84.53970000000001,117.22044000000001,415.05569999999994,2074.42132,-65.47854999999998,-98.91700000000004,-81.87816000000002,-186.0920000000002,87.67129999999999,1108.3234399999997,-13.663870000000001,-43.65458,-1131.2306200000007,42.07200000000003,-81.22500000000015,8.841279999999998,157.45499999999996,225.13899999999956
L362M,-611.0677499999997,-1.1117699999999993,-2892.457969999999,93.69743000000005,183.56920000000014,443.0503500000001,-804.2958099999995,-170.66435999999987,-100.47227999999996,85.04678,116.39385,428.17787,2069.563099999999,-61.86119999999997,-98.91700000000004,-81.61495999999995,-186.09000000000012,86.68316,1108.82305,-13.106050000000003,-42.716219999999986,-1130.2189100000005,42.07200000000003,-79.06199999999991,8.605699999999999,158.93599999999978,226.90299999999968
M10Q,-612.3928300000003,-1.1111500000000012,-2891.3701300000002,89.47826000000003,189.2240399999997,447.87158000000017,-808.3221100000003,-171.14256999999998,-99.99500000000008,86.00804000000002,117.01216000000014,419.5929599999997,2072.3684500000013,-64.39102000000003,-98.9099999999999,-82.97082999999999,-186.09000000000012,89.92171000000002,1112.5087300000012,-13.13437000000002,-42.39952000000001,-1131.8297800000007,42.07200000000003,-79.60900000000017,8.532499999999999,159.10200000000034,225.19099999999992
M221A,-614.6218599999999,-1.1113999999999995,-2887.3241399999997,88.37800000000004,183.13171999999983,445.5519400000002,-806.7321600000005,-170.20121999999995,-99.12990000000002,85.16630000000004,116.35284000000001,424.00573999999983,2067.0698700000007,-64.44174000000005,-98.8970000000001,-80.56166000000003,-186.09000000000012,89.04277,1109.5702499999998,-13.256810000000003,-43.131579999999985,-1130.2986300000005,42.07200000000003,-79.40200000000003,8.68816,159.366,227.56100000000026
M261E,-612.0412900000002,-1.1114899999999999,-2890.6807700000036,88.07374000000003,186.7093400000002,450.0733700000001,-806.6087500000004,-170.58250000000007,-100.12864000000002,84.50796999999997,118.0037199999999,420.6883700000002,2074.5913200000014,-64.28239000000002,-98.91700000000004,-82.64453000000002,-186.09100000000024,89.49531999999999,1111.0664799999993,-13.090080000000006,-42.39659999999998,-1132.0853799999995,42.07200000000003,-79.85400000000008,8.938670000000007,158.54900000000043,223.6630000000002
M323A,-622.7741700000005,-1.1121799999999986,-2886.0070000000014,88.69403,188.73184999999975,444.79408,-808.3534200000006,-170.42473999999982,-98.26519000000003,84.50582000000003,116.27201000000008,413.23263999999995,2065.16728,-64.17028000000003,-98.91700000000004,-83.04039000000004,-186.09000000000012,89.39048999999999,1109.2685800000008,-13.038770000000001,-42.30998999999995,-1129.6975200000008,42.07200000000003,-79.40899999999986,9.100350000000006,159.27299999999966,227.56100000000026
M323K,-618.4568100000006,-1.1114799999999987,-2895.1639600000008,91.5273,190.22702999999987,444.89597999999967,-808.42967,-170.87650999999994,-98.27667000000005,85.49716000000004,116.6122399999998,416.58378999999985,2073.4790500000004,-64.11169999999997,-98.91700000000004,-83.72955000000006,-186.09000000000012,89.58096000000002,1113.5323400000002,-13.118239999999998,-42.51512999999994,-1132.3301299999987,42.07200000000003,-79.78600000000004,8.440680000000008,159.143,224.40899999999976
M323T,-626.2982200000004,-1.111799999999999,-2889.0472400000026,89.6793700000001,188.67872,443.89999000000046,-809.7432600000002,-170.50492999999994,-99.31826999999993,84.35609000000002,116.41245999999994,414.1851999999997,2068.4129999999996,-63.925570000000015,-98.91700000000004,-83.17521999999995,-186.09000000000012,91.58289000000005,1110.4976599999995,-13.225010000000005,-42.903620000000004,-1130.5564100000001,42.07200000000003,-79.99600000000008,8.944190000000006,159.12999999999965,224.3650000000003
M358T,-616.9361900000008,-1.1117599999999992,-2892.23406,92.59402999999999,183.3866900000003,444.3237599999999,-807.3124400000004,-170.34499999999986,-100.67817000000005,85.53679999999999,116.26754,428.03289000000035,2068.7569199999994,-63.14429000000001,-98.91700000000004,-82.55650000000006,-186.09000000000012,91.01947999999997,1110.3458099999998,-13.25646000000001,-43.605850000000025,-1131.0495299999995,42.07200000000003,-80.3280000000002,9.24716999999999,157.74500000000035,224.3650000000003
N163A,-621.2669599999991,-1.1099999999999997,-2887.4912400000003,93.84484000000003,187.72412,442.1267599999999,-807.8484000000012,-170.50963999999982,-98.86156000000004,87.4401199999999,115.7541600000002,415.2459199999996,2058.8114800000053,-64.2536,-98.91799999999984,-83.10260000000011,-186.09000000000012,89.69751999999991,1107.641359999999,-12.9818,-41.43200000000006,-1127.0933199999977,42.07200000000003,-78.77800000000006,7.626160000000014,159.89199999999985,229.3250000000004
N163C,-618.3409499999991,-1.109409999999999,-2891.9940099999976,93.9354499999999,187.89099999999974,442.3695899999998,-809.0937700000005,-170.60077999999993,-98.15992999999993,87.60630000000006,115.91650999999987,417.5411700000002,2062.4186699999977,-64.25775999999998,-98.91799999999984,-82.49380999999995,-186.09000000000012,89.61684000000002,1108.4870799999997,-13.184630000000016,-41.91693999999998,-1127.543019999999,42.07200000000003,-79.33899999999996,7.691090000000014,159.43599999999978,231.37800000000036
N163D,-615.4715999999999,-1.109479999999999,-2892.1753999999964,94.17744000000002,187.63494000000026,444.44120999999984,-811.3016900000001,-170.6778399999998,-99.34162999999982,86.6992499999999,116.44869000000006,420.3707199999997,2070.9921099999997,-64.15059999999994,-98.91799999999984,-83.0656199999999,-186.09000000000012,89.55452999999993,1112.023470000001,-13.376470000000007,-42.087769999999956,-1130.6339400000008,42.07200000000003,-79.66499999999998,8.139849999999997,159.1229999999997,225.44199999999944
N163E,-614.9910100000011,-1.1100099999999995,-2895.5989700000064,93.56834999999987,187.5947100000004,447.40973999999966,-812.9278799999983,-171.04065999999975,-98.25583999999999,87.48406999999993,116.63091000000024,419.60992000000095,2074.544749999999,-64.22315999999996,-98.91799999999984,-83.58784999999989,-186.09000000000012,89.53198000000012,1111.98716,-13.24580999999998,-42.16279999999993,-1131.7467400000025,42.07200000000003,-79.05000000000013,7.694110000000007,159.40999999999988,225.4269999999998
N163K,-592.8159800000008,-1.1100399999999997,-2900.0597000000002,95.89645999999992,190.12098000000006,445.21545999999944,-807.2923000000006,-171.37694,-98.25000000000011,86.71561999999996,116.53377999999988,428.664179999999,2079.168280000004,-64.13683999999992,-98.91799999999984,-81.95324000000011,-186.09000000000012,89.85908,1115.6191799999992,-13.53514000000001,-41.964719999999964,-1132.937239999998,42.07200000000003,-79.00600000000013,8.424160000000004,159.35200000000034,226.1729999999999
N163S,-619.6826999999997,-1.11014,-2888.518850000005,93.41260000000005,187.90948999999978,442.0928299999993,-809.37257,-170.53974000000005,-98.46374999999996,87.61035000000011,115.87882999999998,416.91688999999985,2063.5318299999985,-64.23021999999989,-98.91799999999984,-83.05298,-186.09000000000012,90.52291999999987,1108.713140000002,-13.115679999999996,-42.03047999999997,-1127.9068100000022,42.07200000000003,-78.89199999999988,7.7163800000000125,159.6560000000004,226.5240000000002
N220A,-630.7086799999998,-1.1118999999999983,-2891.2562900000007,93.30891999999996,186.92931999999982,439.2767699999999,-807.83546,-170.25595000000004,-99.60195999999998,82.68053000000002,115.92899,417.99172000000004,2063.204370000001,-64.29742999999999,-98.91700000000004,-80.76061000000003,-186.09000000000012,88.47247999999998,1106.7292800000002,-13.497749999999995,-43.67946,-1128.5650700000003,42.07200000000003,-78.92399999999999,8.559680000000002,159.6059999999998,229.3250000000004
N220D,-625.2077900000003,-1.1119299999999988,-2893.61189,91.92678999999998,186.87890999999993,443.97083000000003,-805.8430200000003,-170.42995000000002,-99.62400000000001,83.16146000000002,116.37994000000008,416.52983,2070.6270400000008,-64.36048000000001,-98.91700000000004,-80.72915999999992,-186.09000000000012,89.42970000000003,1109.63966,-13.723069999999998,-44.25827999999996,-1130.66566,42.07200000000003,-79.634,8.627080000000007,159.1059999999998,225.44199999999944
N220E,-611.8818299999998,-1.1123399999999992,-2895.5675899999983,90.79702999999999,186.6990699999998,446.4839700000003,-805.1510200000002,-170.73177000000007,-97.84776999999997,83.35551000000005,116.43516999999996,420.2243900000002,2071.61899,-64.08274999999999,-98.91700000000004,-79.27189,-186.09000000000012,90.33425,1111.5526699999998,-13.410019999999998,-43.087500000000006,-1130.8578899999995,42.07200000000003,-79.23300000000012,9.271400000000002,159.20700000000022,225.4269999999998
N220G,-627.02919,-1.1115499999999998,-2890.4193,92.70355999999994,183.5477699999998,441.86683,-808.5791399999999,-170.04670000000002,-99.18780999999998,85.50927999999998,115.75089000000004,417.90514,2063.2259899999995,-64.25138999999999,-98.91700000000004,-80.78200000000001,-186.09000000000012,88.37127999999998,1106.0160599999995,-13.383440000000002,-43.34027000000001,-1128.4087899999997,42.09900000000007,-78.19999999999987,8.594289999999997,161.60200000000034,228.49799999999968
N220H,-633.7441900000001,-1.1117199999999998,-2898.2790599999994,92.64230000000002,186.81580999999983,443.13299999999975,-810.6612799999999,-170.81043999999991,-99.15847999999998,83.14044000000001,116.35121000000001,417.46695000000017,2070.315400000001,-64.38074000000003,-98.91700000000004,-81.63445999999996,-186.09000000000012,89.04260999999997,1108.9397000000008,-13.569279999999994,-43.860020000000006,-1131.3522299999995,42.07200000000003,-79.5119999999999,8.576979999999999,159.19399999999987,227.90299999999968
N220K,-627.5622099999999,-1.111859999999999,-2898.214580000001,92.40290999999996,189.55325999999997,440.79913000000045,-811.2274400000002,-171.05645999999993,-98.43604000000005,83.76030999999995,116.6703200000001,420.24135000000007,2072.27636,-64.32837999999998,-98.91700000000004,-82.12171000000002,-186.09000000000012,89.23219,1110.1446600000006,-13.469659999999994,-43.53322999999998,-1130.9425699999997,42.07200000000003,-79.25,8.602049999999997,159.20999999999958,226.1729999999999
N220Q,-628.1217300000001,-1.1116999999999992,-2897.3168999999994,93.26169,186.8290199999999,445.3667500000002,-810.8551699999999,-171.13301000000004,-98.68733,83.35171999999997,116.69518999999998,418.30445999999995,2070.538560000001,-64.40038999999997,-98.91700000000004,-82.70365000000001,-186.09000000000012,89.13122999999997,1109.8622599999999,-13.464050000000002,-43.410839999999986,-1130.9602299999997,42.07200000000003,-79.27900000000021,8.656719999999998,159.1839999999997,226.95500000000044
N220R,-628.0679600000001,-1.1108699999999994,-2899.8348699999997,94.4358,189.34432000000004,441.3913100000001,-811.9312999999993,-171.05625999999995,-98.36921000000001,83.48327,116.44531000000008,419.36813,2073.524020000001,-64.26386000000004,-98.91700000000004,-81.44677000000004,-186.09000000000012,89.41526999999998,1109.9750000000008,-13.714589999999996,-43.82176000000004,-1131.86216,42.07200000000003,-79.3800000000001,8.136329999999997,159.21999999999971,226.9209999999997
N220S,-632.7943700000003,-1.111759999999999,-2891.7025500000004,93.55094999999997,187.29014000000015,439.09751000000006,-808.3389699999997,-170.26416999999998,-100.0218,82.60168,115.98057999999999,417.50247000000013,2065.838430000001,-64.32488999999998,-98.91700000000004,-80.78819,-186.09000000000012,89.03419999999998,1106.8283299999996,-13.606819999999992,-44.002430000000004,-1128.93742,42.07200000000003,-79.01400000000008,8.559419999999998,159.44599999999994,226.5240000000002
N220Y,-626.2802299999997,-1.1125099999999997,-2899.2431399999978,91.29243000000001,186.80917999999986,445.27101000000016,-808.1071100000008,-171.04090999999985,-98.40371999999996,84.05837000000007,115.94387999999995,417.7865399999999,2066.539709999999,-64.01303999999999,-98.91700000000004,-80.53301999999996,-186.09000000000012,90.43724000000003,1110.4524999999992,-13.463970000000012,-43.52908000000003,-1130.4329799999998,42.07200000000003,-79.43099999999981,9.542570000000008,159.03199999999967,228.80099999999973
N293A,-638.0100200000002,-1.1113100000000005,-2890.2181599999985,90.84779000000002,182.34111999999993,444.54281999999984,-809.3412399999996,-170.27956999999992,-99.68170000000002,85.77643000000003,116.14594999999996,412.84737999999993,2059.5358000000006,-64.69686000000003,-98.95700000000016,-83.52694000000002,-186.09000000000012,88.55813999999998,1108.0881999999995,-12.868170000000003,-41.54066999999999,-1127.7683599999998,42.07200000000003,-79.84199999999986,8.627590000000001,159.2039999999998,229.3250000000004
N293C,-635.2453000000002,-1.1116599999999994,-2894.208689999999,91.09179000000003,182.50282999999996,445.2735000000001,-808.8411000000004,-170.25993,-99.33492000000005,86.09082999999998,116.06827999999994,412.5587100000003,2062.6796300000005,-64.46815,-98.95700000000016,-83.36685999999996,-186.09000000000012,88.99256999999997,1107.9081499999995,-12.88062999999999,-41.76078,-1127.8843299999994,42.07200000000003,-80.01000000000016,8.67656,158.6360000000003,231.37800000000036
N293D,-631.94868,-1.1113400000000007,-2895.0232200000005,91.13357000000003,182.43060999999994,446.73723000000007,-811.3321400000001,-170.38462999999996,-98.21185999999997,85.71594999999998,116.49321999999997,412.7879200000002,2073.0148200000003,-64.68963,-98.95700000000016,-84.14461000000001,-186.09000000000012,88.82119,1111.2729600000005,-13.09648,-41.99118000000001,-1131.57863,42.07200000000003,-79.22599999999987,8.632559999999994,159.33499999999958,225.44199999999944
N293K,-610.0537600000002,-1.1111500000000005,-2903.1487999999995,97.08158999999999,184.28145000000006,442.96532999999965,-810.0692099999998,-170.67755999999997,-99.37351000000004,85.50263,116.48376000000002,430.7333299999999,2080.3821800000005,-64.50677999999998,-98.95700000000016,-84.29670999999999,-186.09000000000012,88.2809,1114.6144799999997,-12.830490000000005,-41.29467000000002,-1133.6413499999996,42.07200000000003,-79.97599999999987,8.571909999999997,158.77599999999987,226.1729999999999
N293Q,-635.4202700000003,-1.1109000000000007,-2900.568630000001,94.57342000000004,182.43125999999987,447.42650000000026,-815.0789500000002,-170.5727399999999,-99.71647999999993,86.47249,116.37934000000001,418.22698999999994,2073.6638400000006,-64.64115,-98.95700000000016,-85.12985,-186.09000000000012,87.93605999999998,1110.1925300000007,-13.07661,-42.13926000000001,-1132.0604300000005,42.07200000000003,-79.96299999999992,8.567129999999999,158.78900000000024,226.95500000000044
N293S,-635.2860500000002,-1.1115899999999999,-2891.016249999999,90.31076999999999,182.76601999999994,445.0408999999999,-809.3968500000001,-170.29829999999998,-99.07080000000002,86.07739,116.15702000000005,412.8663299999999,2064.49167,-64.60434999999998,-98.95700000000016,-83.58193999999997,-186.09000000000012,89.34621000000001,1108.8553500000007,-12.908289999999997,-41.924159999999986,-1128.52108,42.07200000000003,-79.9449999999999,8.62508,159.00599999999977,226.5240000000002
N293T,-626.3465899999995,-1.1105299999999985,-2893.409990000002,95.39375,183.47941999999992,445.51651000000027,-806.3314000000007,-170.36778999999996,-99.44588999999998,86.81637000000005,115.94164999999997,415.0044900000004,2063.5415500000004,-64.54205000000003,-98.95700000000016,-83.47548000000005,-186.09000000000012,92.01220999999998,1108.4535699999997,-12.987860000000005,-42.141659999999966,-1128.7546099999993,42.07200000000003,-80.20600000000009,8.114649999999997,158.99699999999976,226.13000000000002
N293Y,-519.0237999999999,-1.1107800000000008,-2908.4331399999996,93.60816000000001,183.84449000000012,448.54672999999985,-808.7704500000001,-170.80982000000006,-99.07294000000006,87.25728000000001,116.50822000000005,526.96204,2071.335710000001,-64.89435,-98.95700000000016,-79.56048999999997,-186.09000000000012,88.64251,1112.0479899999998,-13.143940000000004,-41.538590000000006,-1132.9621700000002,42.07200000000003,-80.38299999999987,8.513639999999999,158.56300000000007,228.80099999999973
N354A,-610.7075000000001,-1.11124,-2890.201959999999,93.01689999999999,184.5304599999998,445.57037999999966,-808.08663,-170.10739999999998,-100.05205000000004,87.81813999999999,115.90383999999995,426.31573999999995,2066.5272999999997,-63.40020000000002,-98.92199999999991,-82.46774,-186.09000000000012,87.74451999999998,1108.6979,-13.267639999999998,-43.31403,-1129.9418099999998,42.07200000000003,-79.04100000000011,8.632730000000004,159.14199999999985,229.3250000000004
N404A,-605.95572,-0.9643699999999995,-2878.3637099999987,89.97677,188.34665999999993,445.65578999999997,-801.3107700000005,-171.23010000000002,-99.86301999999998,85.03813999999997,116.56435000000006,415.9496399999999,2058.134109999999,-58.46558,-98.91700000000004,-81.89686999999999,-186.09000000000012,88.31983000000004,1102.2059600000002,-12.86816,-41.924,-1124.9552299999993,42.07200000000003,-79.49799999999982,8.543239999999999,160.2610000000003,229.3250000000004
N404C,-604.5883800000003,-0.9484299999999999,-2882.18511,89.40449999999997,188.51478000000017,445.3585200000001,-802.54335,-171.32811000000004,-99.63387000000003,84.98239000000001,116.61361,418.0430799999999,2061.0138800000004,-58.62854000000002,-98.91700000000004,-81.69699999999999,-186.09000000000012,89.73765999999996,1102.2476299999998,-12.86143,-42.149589999999996,-1125.0323600000004,42.07200000000003,-79.83899999999996,8.534969999999996,159.3649999999998,231.37800000000036
N404Q,-598.2798999999999,-0.8920400000000002,-2887.2228599999985,92.71322000000002,188.44750999999997,446.06003000000004,-804.2013800000002,-171.6526,-99.81581999999999,84.81129000000001,116.90733,424.57791000000014,2067.12918,-59.46029000000001,-98.91700000000004,-81.36309999999999,-186.09000000000012,89.62777999999999,1104.82909,-12.882579999999995,-42.24061999999999,-1127.8806499999996,42.07200000000003,-78.9650000000001,8.547050000000002,160.6270000000003,226.95500000000044
P329N,-614.4053900000002,-1.111719999999999,-2895.142530000001,88.50237999999995,183.2723600000001,452.9661399999999,-804.2769099999994,-170.37584999999999,-102.68383999999998,86.63483000000002,117.56017000000001,415.12399,2070.8625300000003,-64.33054000000001,-98.91700000000004,-78.52675999999995,-186.079,88.81780000000005,1111.5532500000006,-13.590180000000005,-43.63539000000001,-1132.6938100000004,42.11299999999995,-78.98300000000012,8.948149999999998,158.4470000000001,231.13999999999967
P41L,-628.8609200000005,-0.9131800000000005,-2893.772130000001,91.86830999999998,188.57553000000019,441.2043300000003,-810.2307200000001,-171.45293,-98.86503000000002,85.29823999999991,116.54379000000009,415.4328900000003,2070.7147500000005,-64.04437999999999,-98.91700000000004,-85.09521000000008,-186.09000000000012,88.28871,1108.8161899999989,-13.30523,-43.026730000000036,-1131.0556699999995,42.02700000000004,-79.00699999999983,8.53543999999999,156.84699999999984,232.763
Q19A,-611.3259500000001,-1.0039500000000001,-2877.48059,90.51873000000002,187.52548000000024,441.7106099999998,-804.2843900000003,-171.03869999999998,-99.89775999999992,83.97953000000001,116.85969999999999,423.0642699999999,2057.35028,-60.53549000000001,-98.93099999999993,-81.74794999999999,-186.09000000000012,87.95076000000003,1101.9684000000002,-12.970770000000002,-42.22579,-1125.17875,42.07200000000003,-79.41799999999988,8.54019,158.80600000000013,229.13200000000018
Q19C,-608.5013,-0.9860999999999999,-2881.53664,90.51988,187.77208000000036,441.68103999999977,-805.2800800000005,-171.08321999999993,-99.86239000000003,83.99352999999998,116.87029000000004,424.5351400000001,2060.12077,-60.72780000000001,-98.93099999999993,-81.62593999999996,-186.09000000000012,87.87940000000005,1102.34488,-12.982760000000006,-42.31050000000001,-1125.2272699999996,42.07200000000003,-78.95600000000009,8.545069999999999,159.57999999999996,231.1840000000001
Q19N,-607.41359,-0.9941099999999998,-2883.5468599999995,89.81223999999996,187.52759000000026,443.40677000000005,-804.0724000000004,-171.20626000000004,-99.57344000000005,84.15698,117.11233,424.20842000000005,2065.1557000000003,-60.49110999999999,-98.93099999999993,-81.83759000000003,-186.09000000000012,87.96901999999999,1105.63879,-13.051399999999992,-42.24234000000002,-1127.8463499999998,42.07200000000003,-79.08700000000022,8.540170000000003,159.38700000000026,226.56899999999976
Q19P,-593.00297,-0.9618200000000001,-2883.348430000002,91.08632999999998,188.66888999999995,443.16466999999983,-803.5940100000001,-171.03268000000003,-99.65056999999997,84.44492,116.83424000000001,432.95059999999995,2061.4975099999997,-59.98003000000001,-98.93099999999993,-81.92930999999999,-186.09000000000012,88.18658,1102.3780000000004,-12.84999,-41.577070000000006,-1125.2586500000002,42.11599999999999,-77.875,13.535270000000002,163.02100000000027,222.19099999999992
Q19S,-607.4148200000002,-0.9935500000000002,-2878.2804799999994,89.44622000000001,188.3027000000001,442.60548000000034,-804.9139800000003,-171.05767000000003,-99.73363000000003,84.13244999999995,116.86582,422.88901999999985,2062.06712,-60.607939999999964,-98.93099999999993,-81.72981000000003,-186.09000000000012,90.07207999999999,1103.1388200000004,-13.03678,-42.706730000000015,-1125.8299,42.07200000000003,-79.0529999999999,8.541129999999992,159.0869999999999,226.33099999999962
Q284R,-613.5538600000001,-1.1111199999999992,-2892.121760000003,89.11653,192.21807000000004,445.2530300000002,-808.6480999999991,-171.06915000000026,-99.39541000000004,85.56874000000005,117.91153000000017,419.26513999999975,2073.5731599999995,-63.26877000000006,-98.91700000000004,-85.45457000000002,-186.08799999999985,88.61972,1111.9372800000006,-13.432809999999993,-43.24240000000006,-1131.5316100000002,42.07200000000003,-79.50799999999987,8.805990000000001,159.16599999999968,226.72699999999998
Q313E,-618.9919900000002,-1.111689999999999,-2895.93864,91.96884,187.22147999999993,443.9806200000002,-809.6024299999997,-170.91248000000007,-99.0729900000001,84.61369999999995,116.58688000000008,429.43268999999987,2068.35799,-65.70825000000004,-98.91700000000004,-82.84486999999999,-186.09000000000012,88.48593999999997,1111.3935700000004,-13.03932,-42.68040000000002,-1130.642070000002,42.07200000000003,-79.52199999999995,8.609229999999986,159.13299999999984,225.23400000000026
Q313R,-620.69218,-1.11147,-2897.25932,93.63571000000006,188.5155299999999,440.95257,-809.6064199999996,-171.03522999999998,-98.59224999999995,84.92974000000005,116.35815999999996,426.1135099999997,2069.221550000001,-63.86043999999996,-98.91700000000004,-84.4123,-186.09000000000012,89.14766999999998,1111.5875500000004,-13.155409999999996,-42.96434999999996,-1130.9790300000006,42.07200000000003,-79.6139999999998,8.534040000000006,159.11100000000033,226.72699999999998
R240A,-616.2003600000008,-1.1108300000000007,-2890.661779999999,94.08858000000004,182.82641999999976,441.77451000000013,-807.0705600000005,-169.60020000000014,-99.71757999999994,83.73957999999993,115.48390999999988,429.37067999999977,2063.650929999998,-63.45945,-98.91700000000004,-82.25035999999989,-186.08599999999967,87.91837000000001,1109.3138999999999,-12.990840000000002,-42.12929,-1129.7294899999993,42.07200000000003,-79.57999999999994,8.651699999999996,159.0470000000001,229.16600000000008
R240D,-616.7469400000007,-1.1110700000000007,-2893.4181599999997,92.50152,182.87558999999965,444.0765600000002,-809.1745,-169.7527100000001,-100.02636000000001,83.52985000000007,116.16391999999996,431.06368000000015,2070.4037799999983,-63.70239000000005,-98.91700000000004,-82.62584000000003,-186.08599999999967,87.49159000000007,1110.4867400000003,-13.02808000000001,-42.37986999999998,-1131.31374,42.07200000000003,-79.16899999999991,8.605060000000003,159.40400000000034,225.28399999999976
R240E,-613.3812999999998,-1.1108200000000001,-2894.3800699999997,93.07290000000005,182.82757999999976,445.8957400000001,-807.8457899999997,-170.19007000000008,-99.92567999999996,84.14317999999994,116.53400999999994,430.35647999999986,2069.21121,-63.389519999999976,-98.91700000000004,-82.19605000000006,-186.08599999999967,88.19886999999993,1110.9405099999997,-12.929139999999988,-41.99131000000004,-1130.9234899999997,42.07200000000003,-79.53600000000004,8.691529999999998,158.82699999999974,225.268
R240K,-614.2384999999996,-1.1108000000000005,-2895.400989999999,93.76370000000004,185.42114000000015,442.3614100000001,-806.3886300000004,-170.26089999999996,-99.22507000000003,84.19605000000001,115.90799000000001,429.85610999999966,2068.1284200000014,-63.44627999999996,-98.91700000000004,-82.22588999999998,-186.08599999999967,88.54332999999997,1109.9309900000005,-12.977999999999998,-42.18068000000003,-1130.42874,42.07200000000003,-79.40400000000021,8.667939999999996,158.95099999999957,226.01499999999967
R76A,-620.9850200000004,-1.1119999999999985,-2885.8727000000026,88.56221999999997,188.88834000000017,444.1000300000004,-806.6605700000006,-170.56565999999992,-99.17596999999999,86.81325000000004,116.28573999999986,418.4717699999994,2055.955299999997,-64.39325999999991,-98.9129999999999,-82.53751000000007,-186.09000000000012,90.08852000000012,1106.861699999998,-13.013739999999979,-41.892130000000044,-1126.947680000001,42.07200000000003,-79.18099999999981,8.613949999999992,159.491,229.16600000000008
R76Q,-621.8327900000007,-1.1117899999999987,-2893.1359700000035,89.64498999999992,188.8734400000002,447.16216999999955,-807.6943599999997,-170.89732000000012,-98.88785999999995,86.74738999999994,116.47448000000006,417.8270599999997,2063.8872099999994,-64.42610000000002,-98.9129999999999,-83.29844000000001,-186.09000000000012,89.75321000000011,1109.5333600000006,-13.127550000000006,-42.11376000000003,-1129.1950100000001,42.07200000000003,-79.384,8.6495,159.0220000000004,226.7969999999997
S14A,-620.6709900000004,-1.1116799999999996,-2894.1547400000004,89.95121,187.22491000000002,443.3792799999999,-806.5129800000002,-170.93784000000002,-99.36215,85.49338000000002,116.54882999999994,425.21231000000006,2063.5299999999993,-63.23375999999998,-98.95900000000003,-83.30512999999999,-186.09000000000012,88.60963999999998,1108.43889,-13.176950000000007,-42.54858999999998,-1129.8170000000002,42.07200000000003,-79.4449999999999,8.53963,159.4220000000001,229.56299999999956
S16A,-616.2208800000006,-1.1112000000000006,-2893.768770000002,88.82639999999994,187.10499999999968,442.2452900000003,-805.5626600000002,-170.92950000000005,-98.92604999999996,86.29137999999995,116.54316999999993,426.77039999999994,2064.47674,-62.39647000000005,-98.91700000000004,-81.75726999999996,-186.0720000000001,88.93251000000001,1107.0359299999996,-12.954189999999988,-42.29574999999996,-1129.455369999999,42.07200000000003,-79.55199999999986,8.455990000000005,159.15899999999976,229.56299999999956
S16N,-610.7820300000004,-1.1114699999999995,-2901.0048500000003,89.61992000000004,187.10499999999968,446.1308299999999,-808.3387199999991,-171.12062000000003,-99.07526999999989,85.76965000000004,116.95092999999984,431.7924700000003,2074.887279999998,-63.359279999999984,-98.91700000000004,-83.3621900000001,-186.0720000000001,88.85087000000016,1111.2661799999996,-13.209319999999984,-42.68929999999997,-1133.2754500000012,42.07200000000003,-78.87700000000018,8.462740000000002,159.72099999999966,227.0
S16Q,-608.3842899999993,-1.111000000000001,-2904.799160000005,87.81787999999987,187.12178999999966,448.54367999999937,-808.6433300000006,-171.73277,-98.46454999999987,87.58777999999984,117.30648000000024,432.05982000000006,2077.3706500000026,-64.91502999999993,-98.91700000000004,-82.34546000000009,-186.0720000000001,89.56683000000017,1112.4486000000006,-12.914100000000012,-42.257650000000034,-1134.0922900000014,42.07200000000003,-79.24300000000017,8.230390000000005,159.8050000000002,227.19299999999964
S16T,-611.759050000001,-1.1119199999999985,-2898.0539000000017,89.06193999999996,188.8539999999997,442.3386599999996,-804.6722199999989,-171.00090000000026,-98.95739000000016,86.34608000000011,116.49529999999983,427.86816000000044,2069.9069899999977,-62.48050000000006,-98.91700000000004,-81.72215999999993,-186.0720000000001,91.44421000000003,1108.5828100000017,-13.145850000000014,-42.72673000000003,-1131.2572900000014,42.07200000000003,-78.99799999999982,8.481000000000002,159.53600000000003,226.36799999999982
S17A,-604.0317999999996,-1.1111100000000005,-2893.067589999998,93.03425000000003,186.21360999999965,446.03524999999973,-800.4422000000008,-170.97086999999976,-98.23433999999993,87.6199099999999,116.39508000000005,422.83553000000023,2062.838899999999,-62.51298999999998,-98.91700000000004,-79.61244000000005,-186.08499999999952,89.31117999999995,1107.6267700000003,-12.87377000000001,-41.72658999999996,-1129.3351599999987,42.07200000000003,-79.71799999999989,8.352370000000002,158.6769999999998,229.56299999999956
S17E,-578.79718,-1.111030000000001,-2904.6575800000005,113.20927999999999,186.16890999999978,448.31981999999994,-811.3632299999995,-171.9167600000001,-100.66480000000001,87.06575000000002,118.68949999999995,444.3974499999999,2081.662450000002,-63.96033000000001,-98.91700000000004,-84.06596999999996,-186.08499999999952,86.85731000000004,1112.4415300000003,-13.034039999999996,-41.97438999999999,-1135.5663099999997,42.07200000000003,-79.5720000000001,8.554590000000001,158.98799999999974,225.66500000000053
S298E,-616.9560899999994,-1.1112000000000006,-2897.3828599999983,91.68957000000002,185.25078999999997,447.39706000000007,-807.2898,-171.12467,-100.02213999999996,85.26434000000005,117.58211000000001,424.75199999999995,2073.4595199999994,-65.32088000000002,-98.90200000000003,-83.27184000000005,-186.09000000000012,88.36529999999999,1112.9765899999998,-13.494650000000002,-43.30397000000001,-1132.1722199999992,42.07200000000003,-79.57399999999983,8.58207,159.0470000000001,225.66500000000053
S32L,-591.9889900000002,-1.1137400000000008,-2903.69345,116.43179,191.55153000000027,439.7479799999999,-804.0846800000003,-171.57245999999984,-99.56985000000003,87.03166000000002,116.73727000000002,437.68985,2065.700550000001,-61.60241999999998,-98.91700000000004,-83.54081999999991,-186.09399999999977,85.55809999999988,1105.1989699999997,-13.308090000000016,-42.83253000000001,-1130.9392899999998,42.07200000000003,-79.27700000000003,8.620789999999998,159.59300000000033,228.62299999999968
S331A,-620.92231,-1.1104500000000004,-2893.022550000001,92.90246000000003,185.2066599999998,447.80951999999985,-804.2444699999998,-170.25556000000012,-103.52919000000006,87.84703000000002,117.14243000000012,414.38400999999993,2066.4153699999993,-64.74219000000001,-98.91700000000004,-78.46455999999999,-186.07699999999988,88.01807000000002,1108.6823200000003,-13.680350000000008,-44.008779999999994,-1130.6794499999994,42.07200000000003,-79.51500000000014,8.29043,158.99200000000016,229.56299999999956
S400A,-601.9469900000004,-1.1128399999999994,-2885.1272199999976,86.34956000000004,189.3487300000001,450.99934999999977,-801.6503299999998,-171.31403999999984,-99.31053999999993,87.36724999999991,116.80304000000007,417.13598000000087,2058.4081399999986,-60.91608999999997,-98.89000000000001,-80.22582000000006,-186.09000000000012,89.8658599999999,1107.1704900000013,-12.755199999999991,-41.712549999999986,-1127.2133,42.07200000000003,-79.30599999999981,8.79885999999999,159.79500000000004,229.56299999999956
T15A,-599.6809700000006,-1.1108300000000009,-2888.6441500000033,93.68254000000003,188.4449999999998,444.0668499999998,-804.6135699999996,-171.27863999999988,-97.11585,87.39645999999995,116.68154999999987,421.8308500000005,2065.085929999997,-60.59679999999996,-98.85200000000006,-80.28713000000008,-186.09000000000012,87.06574000000015,1105.8862699999997,-12.830770000000012,-41.65506999999997,-1128.5894899999994,42.07200000000003,-78.38500000000016,7.753129999999996,160.4449999999998,229.95699999999977
T175H,-621.51495,-1.1113699999999995,-2895.4078200000013,94.99520999999999,186.4159400000002,445.32769000000013,-807.0910099999995,-171.00588000000008,-98.35205999999997,84.41932999999999,116.81675,418.99403999999964,2069.73402,-64.49919999999999,-98.91500000000013,-81.82780000000004,-186.09000000000012,85.91145999999993,1107.91869,-13.15811,-42.506020000000014,-1130.9934399999997,42.07200000000003,-79.38900000000008,8.539150000000003,159.15099999999987,228.53600000000003
T175R,-623.10268,-1.1117799999999989,-2894.7123300000003,92.25628999999992,189.08604999999997,441.9517899999999,-806.9901399999997,-171.6145200000001,-97.84247,84.87310000000001,117.08528000000003,419.1079900000002,2070.490090000001,-64.29073999999996,-98.91500000000013,-81.99180000000003,-186.09000000000012,86.04675000000005,1107.7782399999999,-13.128559999999993,-42.450919999999975,-1130.6265200000003,42.07200000000003,-79.33700000000022,8.580079999999999,159.11800000000028,227.5529999999999
T218A,-619.8367600000003,-1.1117299999999999,-2890.1328800000006,89.57520999999998,189.68251000000012,444.2925799999997,-807.5212000000002,-170.72374999999997,-98.87732000000007,85.07281,116.54471999999996,419.18697000000043,2062.9022899999986,-63.93200000000006,-98.92400000000015,-81.67022,-186.09000000000012,86.23646000000008,1107.8567300000007,-13.116389999999994,-42.19821999999995,-1128.5252799999994,42.07200000000003,-78.82700000000017,8.793400000000002,159.6399999999998,229.95699999999977
T296A,-612.6483400000001,-1.11057,-2889.1485399999983,91.42951000000002,191.49883000000005,445.1085199999998,-803.5881600000002,-170.57055,-101.36165000000007,85.40287000000002,117.22141000000009,416.82936999999976,2063.5886100000002,-64.9434000000001,-98.91700000000004,-80.61403000000001,-186.09000000000012,87.19108000000001,1111.3639600000001,-13.407739999999995,-43.049929999999975,-1128.9949499999993,42.07200000000003,-80.08100000000009,8.767040000000009,158.79900000000043,229.95699999999977
T296E,-600.34741,-1.1108300000000007,-2895.5577500000018,91.29620999999999,190.85233000000005,450.96919,-800.8431300000001,-171.60307000000003,-104.55403,85.74223999999998,119.99392000000006,420.25850000000014,2076.36325,-64.63864,-98.91700000000004,-80.4897399999999,-186.09000000000012,86.43535,1114.08997,-13.609140000000002,-43.56717,-1132.7040800000002,42.07200000000003,-79.64099999999983,9.56802,159.27900000000034,226.05900000000008
T352A,-615.9261699999997,-1.1103199999999998,-2890.203700000002,93.92214999999986,189.69572999999974,444.67986000000076,-805.7461100000007,-170.86763000000013,-98.16366999999997,85.96650000000007,116.43578999999987,414.2532200000003,2063.763660000003,-64.50037999999991,-98.91799999999984,-82.29023000000008,-186.09000000000012,88.263,1108.269500000001,-12.965680000000013,-41.79423,-1128.9860100000014,42.07200000000003,-79.08500000000002,8.187670000000002,159.3279999999999,229.95699999999977
T352V,-612.7990100000009,-1.111799999999999,-2897.405460000001,92.96497999999995,190.06138999999993,444.06868000000026,-807.7832299999998,-171.09435999999994,-98.40077000000002,86.40410999999996,116.57949000000002,425.9171900000001,2065.2827599999987,-64.48142999999996,-98.91799999999984,-81.96933000000001,-186.09000000000012,87.27106000000003,1108.9133800000004,-12.895809999999994,-41.52762000000001,-1130.4000400000007,41.94700000000003,-78.90700000000011,8.749219999999996,159.5939999999996,230.43200000000036
V147S,-606.7595199999998,-1.1107399999999996,-2884.0738599999986,91.69694000000001,187.28600000000006,443.87002,-796.8238199999997,-170.46795000000006,-99.32188999999998,86.22941,115.65649999999998,420.59127999999976,2059.554400000001,-62.213870000000036,-98.91700000000004,-76.52927999999999,-186.08000000000015,88.87699,1102.7065100000002,-13.191640000000001,-42.55199999999999,-1126.21212,42.14300000000002,-78.94999999999987,8.179229999999997,159.40899999999976,223.48600000000044
V311A,-635.3587300000006,-1.1117299999999988,-2889.7713799999988,85.0749899999999,185.39877000000027,441.88228999999984,-808.6567900000003,-170.0937300000001,-99.85282,83.12024,116.05122,415.1548799999998,2069.328710000001,-62.8644,-98.91700000000004,-84.45710000000004,-186.09000000000012,88.34030999999997,1109.25324,-13.021610000000003,-42.636900000000004,-1129.79049,42.101999999999954,-78.42399999999999,8.498169999999998,159.83899999999997,226.28700000000018
V311D,-629.3023699999991,-1.111879999999999,-2895.3258999999975,84.3061499999999,185.4050600000003,444.94616000000036,-810.6995100000003,-170.16513000000015,-99.31802999999992,83.14387999999994,116.36170999999992,416.8934400000001,2082.2519500000008,-62.66069999999998,-98.91700000000004,-84.99854999999992,-186.09000000000012,88.38880000000009,1113.2552600000008,-13.155010000000015,-42.94396999999999,-1134.0298700000005,42.101999999999954,-77.81599999999986,8.541000000000004,159.93100000000013,222.40399999999988
V320Q,-629.6429699999997,-1.111729999999999,-2899.515180000002,89.58310000000004,190.97037000000014,444.6809199999999,-808.0937600000003,-170.68457000000012,-104.24282999999994,83.68776999999999,118.65719999999997,415.47486999999995,2075.7104099999983,-64.56336000000005,-98.91700000000004,-81.67947000000004,-186.09000000000012,89.42386999999997,1112.7729100000004,-13.912450000000002,-44.43194000000003,-1133.4481600000001,42.03499999999995,-78.85099999999987,9.304609999999997,159.68100000000013,223.9170000000002
V52G,-610.9685200000002,-1.0045700000000006,-2884.0895099999993,90.58714000000008,187.67324000000008,445.92992999999996,-804.0544299999998,-170.83691000000002,-100.26368000000002,84.77291999999997,116.80693999999998,417.70776999999987,2068.424940000001,-58.70659999999999,-98.91700000000004,-82.79652999999999,-186.08099999999988,87.78569000000002,1105.2818,-12.915970000000002,-42.14423000000001,-1128.12922,42.06100000000005,-80.4740000000001,8.550289999999997,158.40500000000029,225.45999999999947
W120A,-602.0897799999993,-1.1501400000000006,-2877.1865099999995,89.65913,187.91300000000012,446.6741400000007,-804.5710600000003,-169.75193000000002,-99.00078000000006,83.83566000000006,115.80603000000015,420.14598000000007,2064.2128799999996,-63.053060000000016,-98.91700000000004,-81.96137000000007,-186.09000000000012,89.40680000000002,1106.372399999999,-12.84955999999999,-41.43761000000005,-1126.8646300000014,42.07200000000003,-78.76100000000018,8.291600000000008,159.79900000000043,225.31599999999992
W120F,-594.2836599999999,-1.1378699999999988,-2890.431610000002,91.54959999999996,187.7639999999996,447.33793,-805.3538000000004,-170.68871999999996,-98.54499999999996,84.85768000000007,116.39881000000008,440.34968000000015,2065.978789999998,-63.31173000000003,-98.91700000000004,-81.91082999999999,-186.09000000000012,88.67790000000001,1108.6094099999987,-13.193780000000006,-42.33641999999993,-1129.3764199999991,42.07200000000003,-79.49799999999982,8.682999999999996,159.21399999999997,225.01399999999956
W120H,-605.13543,-1.151830000000001,-2887.058510000001,90.80761999999996,187.89363000000006,448.85848000000004,-805.4060699999995,-170.47300000000004,-98.62679000000004,84.81099000000002,116.40200000000003,420.3786800000001,2071.066519999999,-63.326669999999986,-98.91700000000004,-81.62709,-186.09000000000012,89.36075,1109.119969999999,-13.007369999999995,-41.87142000000003,-1130.1722000000002,42.07200000000003,-79.4949999999999,8.195059999999996,159.2260000000002,223.89500000000032
W120N,-602.1637000000004,-1.1344400000000017,-2881.398380000003,89.98392,187.91300000000012,449.85073999999935,-804.2962900000009,-169.95895999999996,-99.05483999999998,84.35987999999999,116.17771000000006,420.45535999999987,2068.614280000001,-63.00257000000002,-98.91700000000004,-82.07119000000006,-186.09000000000012,89.73665999999999,1107.7462699999992,-12.909310000000012,-41.737910000000014,-1128.671360000001,42.07200000000003,-79.78099999999996,8.15527,159.04299999999978,222.75300000000033
W325A,-615.3974600000003,-1.1110299999999989,-2885.26779,90.66252999999998,190.83874000000014,444.11629999999985,-806.2060000000002,-170.4456,-102.83389,84.08648,118.35077000000008,414.9365599999994,2066.5999399999987,-66.18884999999995,-98.91700000000004,-80.54735,-186.09000000000012,90.35439999999993,1113.5499599999994,-13.58135000000002,-43.55986999999999,-1130.2952800000012,42.07200000000003,-79.02099999999992,8.511190000000004,159.2720000000004,225.31599999999992
W325C,-614.1648400000006,-1.111329999999999,-2887.2364900000034,89.25230999999994,191.71777999999986,443.6930799999998,-805.6933200000002,-170.4642700000001,-102.73549000000008,84.46194999999993,118.35940000000001,415.1664200000003,2068.67398,-66.19325999999997,-98.91700000000004,-80.63744999999997,-186.09000000000012,90.27451000000002,1113.43106,-13.599069999999992,-43.674519999999966,-1130.3345400000005,42.07200000000003,-79.44999999999987,8.830600000000006,158.67000000000004,227.36899999999983
W325E,-622.6098999999997,-1.111489999999999,-2889.0493400000005,90.45048999999999,190.8578199999999,445.40147000000036,-808.15498,-170.50557,-103.36553999999995,83.99558999999994,118.6438400000001,414.3889100000001,2072.9313000000006,-66.29087999999997,-98.91700000000004,-82.06221000000001,-186.09000000000012,89.63818999999995,1114.2065999999995,-13.64956,-44.0726,-1131.7664100000006,42.07200000000003,-79.35099999999987,8.852439999999996,158.92000000000004,221.41800000000023
W325G,-611.368350000001,-1.1113599999999988,-2883.3656600000036,89.55885000000009,190.82970000000012,444.9752199999994,-806.2289999999999,-170.40384000000003,-102.89511000000007,83.94019999999995,118.34098000000009,414.96819000000045,2067.140239999999,-66.14627999999999,-98.91700000000004,-80.66389999999998,-186.09000000000012,90.33167000000003,1113.4491000000019,-13.64779,-43.71604999999997,-1129.8631700000012,42.09900000000007,-78.33100000000009,8.677160000000006,161.21299999999982,224.48900000000015
W325H,-617.2809399999992,-1.1116299999999992,-2890.3698199999985,89.78139000000002,190.6243699999999,446.5055400000004,-807.1405699999995,-170.78488000000002,-103.48802999999991,84.30248999999999,118.77038999999996,417.3311100000003,2071.8402300000025,-66.15280000000004,-98.91700000000004,-80.28720999999994,-186.09000000000012,89.94281999999997,1113.0024500000009,-13.50354000000001,-43.62979,-1131.8792100000003,42.07200000000003,-79.48400000000017,8.614570000000004,158.87600000000018,223.89500000000032
W325K,-625.4902400000001,-1.1112700000000002,-2891.39861,89.71201000000005,193.1154600000001,441.6159700000002,-813.7289800000003,-170.6723899999999,-102.85108999999999,83.71957,118.55171999999993,418.54891,2074.635669999999,-66.34607,-98.91700000000004,-80.03263,-186.09000000000012,89.05548999999998,1114.4706100000003,-14.000520000000005,-44.51914000000001,-1132.1747200000007,42.07200000000003,-79.375,9.160690000000004,158.90500000000029,222.16500000000053
W325L,-618.4660800000003,-1.111349999999999,-2889.8902699999994,89.46465999999998,192.0159299999998,443.2524700000002,-806.1482400000007,-170.89734,-102.34527000000001,84.51229,118.46143999999993,417.42332999999996,2068.685899999997,-66.17175999999998,-98.91700000000004,-80.41683000000003,-186.09000000000012,90.01827999999995,1113.4860399999989,-13.559019999999993,-43.728520000000024,-1130.8570200000001,42.07200000000003,-79.89500000000021,8.962369999999998,158.82999999999996,224.3770000000003
W325R,-634.9706100000002,-1.1110800000000012,-2893.7636700000016,91.76099999999998,193.12556000000015,439.62217,-814.85502,-170.97729999999999,-103.22150000000005,83.79820999999997,118.75235,416.69224999999983,2074.927710000001,-66.48508999999999,-98.91700000000004,-83.51957999999999,-186.09000000000012,88.39631000000003,1114.6213800000003,-13.787260000000005,-44.664770000000004,-1132.90881,42.07200000000003,-79.48400000000017,9.220319999999996,158.91400000000024,222.91200000000018
W325Y,-614.5725800000006,-1.1111499999999994,-2891.379890000003,91.19465999999991,190.76041999999998,449.59690000000023,-805.4599999999997,-170.96711000000008,-102.90729999999998,86.07428999999998,118.45030000000001,413.8029599999998,2068.3088400000015,-65.90685999999995,-98.91700000000004,-80.54305000000008,-186.09000000000012,90.74794000000007,1113.14616,-13.375680000000012,-43.08916999999996,-1131.104040000001,42.07200000000003,-79.51000000000016,8.141380000000005,158.7000000000003,224.79200000000023
W34A,-613.9574599999995,-1.0134299999999996,-2878.9017399999984,89.39415000000001,187.69879,440.5175699999998,-807.5377400000001,-169.94518000000005,-99.21233999999993,85.68231999999998,116.13921000000002,419.84565000000015,2067.5473499999994,-63.477819999999944,-98.91700000000004,-82.93895,-186.1039999999997,88.94137999999994,1106.30527,-12.986550000000006,-42.52935999999999,-1127.79254,42.07200000000003,-79.56900000000019,8.493130000000003,159.0149999999998,225.31599999999992
W399A,-618.3368699999999,-1.112559999999999,-2876.4066000000003,85.77759999999995,189.66259999999994,445.9901399999998,-805.7434300000008,-169.26550999999992,-97.75884000000002,86.86376,116.22708000000006,411.49599,2055.756779999999,-62.95900000000004,-98.91700000000004,-84.67140999999997,-186.09000000000012,91.25811,1106.5489599999999,-12.861200000000007,-42.34911999999999,-1126.0780099999988,42.07200000000003,-79.11499999999984,8.628850000000005,159.3940000000002,225.31599999999992
W399C,-613.9941300000007,-1.1118699999999992,-2880.1736100000007,87.64387,190.02719999999988,445.30915000000016,-806.6631700000005,-169.31970000000015,-98.24566000000004,86.58366,116.31556999999988,414.7149700000001,2059.710389999999,-63.05038,-98.91700000000004,-84.35720000000005,-186.09000000000012,90.94644000000004,1106.9810100000007,-12.943159999999999,-42.6073,-1126.3515700000005,42.07200000000003,-79.46000000000002,8.671759999999997,158.95099999999957,227.36899999999983
W399G,-608.1723199999991,-1.1097800000000004,-2872.1248499999974,91.88197000000005,189.06028000000006,443.68152000000043,-806.5432900000004,-169.46892000000003,-98.20542000000005,86.75298000000006,116.08994000000003,414.11724000000027,2054.9141500000005,-62.90377999999996,-98.91700000000004,-82.32370999999999,-186.09000000000012,90.91038000000002,1103.5816200000008,-12.800739999999994,-41.975540000000045,-1124.0340099999985,41.88799999999995,-78.27999999999993,8.402619999999995,160.83599999999976,224.48900000000015
W399H,-609.6500699999998,-1.1119799999999984,-2886.8228800000015,87.25354999999999,189.69467999999986,449.29140000000007,-806.3349600000005,-169.94635999999983,-98.30732999999998,86.48559000000004,116.95351999999995,417.90119,2069.038010000001,-63.17135000000003,-98.91700000000004,-85.52131999999997,-186.09000000000012,90.85311000000006,1110.6484400000002,-13.008520000000008,-42.76195999999996,-1130.4040999999995,42.07200000000003,-79.5,8.762920000000001,159.3989999999998,223.89500000000032
W399R,-594.6954500000006,-1.1119699999999986,-2890.571779999999,88.85270000000003,193.69302000000005,445.80162000000047,-804.5316499999993,-170.76757000000032,-97.55151999999997,88.4578700000001,117.42668000000015,426.06260000000015,2076.001760000001,-64.24764999999996,-98.91700000000004,-85.06146000000008,-186.09000000000012,90.04691000000001,1113.8967899999989,-13.51612999999999,-43.669350000000016,-1132.2992300000014,42.07200000000003,-79.45499999999994,8.612009999999996,159.259,222.91200000000018
W399S,-618.87899,-1.1120299999999985,-2877.2193199999997,86.11445000000002,190.11470000000006,445.7678899999996,-806.1279499999996,-169.25999000000007,-98.41236000000002,86.76701999999995,116.26278999999994,411.22285000000016,2059.9708100000007,-63.03682999999995,-98.91700000000004,-85.51127999999996,-186.09000000000012,91.81192000000006,1107.111989999999,-12.890860000000005,-42.55829,-1126.6009600000004,42.07200000000003,-79.1509999999999,8.696070000000004,159.5810000000001,222.51499999999967
W407A,-604.9654200000001,-1.0185800000000005,-2869.272459999999,90.54080999999996,188.41400000000033,445.31222999999983,-805.8998400000002,-170.67505,-102.26973999999994,83.72198000000002,117.22363000000009,415.98649,2064.49703,-60.838579999999986,-98.91700000000004,-83.01426999999998,-186.1020000000002,89.34225999999995,1102.99948,-13.12962000000001,-42.51764000000003,-1125.4522499999998,42.07200000000003,-79.317,8.81111,159.22199999999984,225.31599999999992
W407G,-605.8449000000002,-1.0007599999999999,-2867.145849999999,91.02004999999996,188.4152400000003,444.82321000000013,-806.06602,-170.60986999999997,-102.31777,83.51947000000001,117.23482,415.4361600000001,2066.40481,-59.352389999999986,-98.91700000000004,-83.36473999999998,-186.1020000000002,88.84356,1102.3344900000004,-13.13308,-42.79120999999999,-1125.27215,42.06500000000003,-80.97599999999987,8.544849999999999,158.07400000000015,224.48900000000015
W407K,-600.1399899999999,-1.0105899999999999,-2880.080699999999,91.8242,191.48839000000015,443.0015000000001,-805.8420099999998,-171.35039,-100.79409,84.19119000000005,117.38726000000001,421.3026800000001,2075.79905,-60.55063,-98.91700000000004,-83.21749000000005,-186.1020000000002,88.25918,1107.2180700000006,-13.345960000000005,-42.784349999999996,-1129.03537,42.07200000000003,-79.37299999999982,8.571669999999997,158.98400000000026,222.16500000000053
W407Q,-604.3841699999998,-0.9576500000000001,-2877.3366100000007,91.05176999999999,188.41102000000032,448.7305399999999,-807.6497500000002,-171.32448000000005,-102.09467999999998,84.19926999999998,118.13965999999996,416.7033300000002,2072.8146499999993,-61.01217999999999,-98.91700000000004,-84.068,-186.1020000000002,89.22321000000002,1106.3994200000004,-13.242030000000002,-42.764320000000005,-1128.2359999999999,42.07200000000003,-79.34500000000007,8.653260000000005,159.32099999999994,222.9470000000001
W407R,-609.8207599999995,-1.0100800000000003,-2883.2081400000006,92.35188000000002,190.26514000000006,443.57662000000005,-807.3393300000006,-171.08766999999992,-99.78569999999995,85.15847000000004,116.69914999999999,413.6042300000001,2077.4692200000018,-61.12338000000002,-98.91700000000004,-84.37843000000001,-186.1020000000002,88.39741999999995,1108.1930899999998,-13.35493,-42.80387000000002,-1130.2061000000003,42.07200000000003,-79.14099999999983,8.653170000000006,159.28499999999988,222.91200000000018
W407Y,-606.0703799999999,-1.00354,-2883.904159999998,92.63913999999997,188.26648999999972,446.20639000000034,-808.89759,-170.94216999999998,-100.14841,88.17091999999998,116.62096999999994,421.0808600000002,2070.1719000000007,-61.251069999999956,-98.91700000000004,-84.15615000000007,-186.1020000000002,87.72994999999996,1107.04092,-13.406660000000004,-42.99581999999997,-1128.6993699999996,42.07200000000003,-78.41700000000014,8.546620000000003,159.43300000000042,224.79200000000023
W409A,-613.3819,-0.8021099999999995,-2879.9460600000007,92.73773000000001,187.6061700000004,443.2238899999998,-807.4621600000002,-170.26303000000004,-100.08335000000007,85.29134,116.12414999999999,416.0957400000003,2068.4638899999995,-59.70444999999999,-98.91700000000004,-85.96585999999998,-186.07800000000003,87.90997999999998,1106.39575,-13.236800000000008,-42.66786000000001,-1128.3409500000007,42.07200000000003,-78.95700000000012,8.560879999999997,159.24500000000035,225.31599999999992
W409E,-611.9493500000002,-0.9603200000000004,-2882.4676499999982,92.57947000000004,188.28138999999982,445.82486000000006,-810.34747,-170.85842999999994,-99.66453,85.67994,117.03093000000004,418.03878999999984,2074.6278400000006,-59.665240000000004,-98.91700000000004,-85.96719999999999,-186.07800000000003,87.81969000000002,1107.0640099999996,-13.35602,-42.90039999999999,-1129.4718200000002,42.07200000000003,-79.38799999999993,8.551799999999998,159.1029999999996,221.41800000000023
W409Y,-614.1881299999997,-0.7584400000000003,-2883.3215800000016,91.97937999999998,188.32571999999996,445.57071000000025,-807.1976800000006,-171.0279299999999,-99.67789000000002,85.80419999999998,116.45599000000004,415.72508000000016,2070.0475500000002,-59.70366999999998,-98.91700000000004,-85.91260999999999,-186.07800000000003,88.19308999999996,1106.4298,-13.246500000000001,-42.77080000000003,-1128.5510900000002,42.07200000000003,-79.75600000000013,8.568490000000004,158.76699999999985,224.79200000000023
Y118F,-617.7092399999999,-1.1104399999999999,-2892.3953,92.08662000000004,187.84267,446.85919000000024,-807.6885800000009,-171.03644999999995,-98.69515999999996,86.76744999999997,116.44694999999987,418.9246499999999,2066.1867799999995,-63.24818999999994,-98.89000000000001,-81.43401000000006,-186.09000000000012,89.36983000000009,1106.7682899999995,-13.13645,-42.55005,-1129.3663400000007,42.07200000000003,-79.55900000000014,8.245049999999994,158.93800000000007,226.98400000000026
Y166E,-610.0746099999998,-1.1117499999999991,-2891.67819,88.38892000000004,188.97688999999994,450.99406000000016,-811.5036299999999,-171.11685000000006,-98.58691,85.23485000000002,118.18317000000003,421.1724999999999,2076.6722499999996,-63.49324999999997,-98.91700000000004,-84.63667999999996,-186.1119999999998,88.62537999999994,1112.3792599999997,-13.39419999999999,-42.89723999999999,-1132.0306999999996,42.07200000000003,-78.94599999999993,9.11436,159.1470000000004,223.38800000000003
Y166F,-615.4256999999998,-1.1118999999999992,-2893.1418799999997,87.64077000000002,188.73676999999995,446.2539200000002,-805.9530899999996,-170.85737000000006,-98.30390999999997,84.40777999999999,116.63164999999995,425.0543600000001,2066.3377900000014,-63.47634000000002,-98.91700000000004,-82.91531999999995,-186.1119999999998,88.79340999999997,1109.3652100000004,-13.158029999999988,-42.43213,-1129.818209999999,42.07200000000003,-79.59500000000007,9.199490000000008,158.88700000000026,226.98400000000026
Y166K,-611.0604799999998,-1.1116999999999984,-2890.9692400000004,88.61371999999997,192.61643000000004,443.74078999999983,-808.8309600000002,-170.86496999999991,-97.89304999999999,85.47688000000004,116.95834000000005,422.44997999999987,2074.132739999999,-63.473889999999955,-98.91700000000004,-84.40353,-186.1119999999998,88.54169,1110.47064,-13.277800000000006,-42.698299999999996,-1131.0407699999998,42.07200000000003,-78.91899999999991,9.062980000000001,159.1800000000002,224.1349999999997
Y166P,-589.9083599999991,-1.111119999999999,-2890.1046199999964,88.91333000000006,189.18111000000002,450.0114000000001,-807.1340499999994,-170.46484999999996,-96.97225000000005,86.16636999999999,116.70613999999995,431.9719399999999,2068.4065500000015,-63.56627999999998,-98.91700000000004,-82.96710000000012,-186.1119999999998,89.69042999999986,1110.0532100000016,-13.08807000000001,-41.8002,-1128.4448599999987,42.09799999999996,-77.92500000000013,10.841610000000012,164.3140000000002,220.34500000000008
Y18A,-595.1332700000004,-0.9943200000000003,-2876.6103399999993,89.96603999999996,187.73603999999995,447.5311399999999,-801.4967799999998,-170.44180999999998,-100.6334700000001,86.94620999999992,116.39720999999997,419.2253500000001,2064.661570000001,-59.20679000000003,-98.91700000000004,-82.6752600000001,-186.09000000000012,89.7065599999999,1104.4986500000016,-13.062429999999992,-42.226580000000006,-1126.2529100000013,42.07200000000003,-80.0529999999999,8.786420000000007,158.71399999999997,227.28600000000003
Y294A,-625.64215,-1.111139999999999,-2884.19424,91.96976000000004,182.70619000000005,443.4217800000001,-808.29856,-169.46819,-100.54276,83.65234999999997,116.63580999999998,413.5557700000003,2068.0624,-63.978399999999986,-98.84399999999988,-80.66378999999998,-186.09000000000012,88.87410000000004,1108.3512099999998,-13.564649999999999,-43.98956999999999,-1129.25758,42.07200000000003,-79.52499999999985,8.587990000000001,158.71099999999976,227.28600000000003
Y294F,-632.0887299999999,-1.1114699999999997,-2893.96358,91.62254999999999,182.62622,446.59499000000005,-808.4931799999999,-170.48473999999996,-101.49759000000006,85.80086000000003,117.18584999999997,414.2559599999999,2067.1088900000004,-64.15106999999999,-98.84399999999988,-80.14885999999997,-186.09000000000012,88.77786999999998,1108.9428699999996,-13.535450000000003,-44.058269999999986,-1130.04926,42.07200000000003,-79.35099999999987,8.584710000000003,159.13299999999984,226.98400000000026
Y294H,-629.7969499999999,-1.1114600000000001,-2891.452129999999,91.68103999999995,183.99864999999994,444.56348,-809.0240299999999,-170.32076,-101.25039999999996,85.1618,117.23317000000003,414.1039700000001,2073.2254599999997,-65.97134,-98.84399999999988,-80.23092999999999,-186.09000000000012,88.75302999999998,1109.3594699999999,-13.5583,-44.21337,-1131.3080699999998,42.07200000000003,-79.76500000000014,8.587519999999998,158.7389999999997,225.86500000000032
Y294L,-626.2760200000002,-1.11144,-2889.2996200000007,92.64215000000002,182.26744999999994,444.46956,-808.2557999999997,-170.33241,-100.67147000000001,85.35288000000003,117.20040000000006,417.53875999999997,2064.9348199999995,-64.11531,-98.84399999999988,-80.30373999999998,-186.09000000000012,88.62228000000003,1108.0868800000003,-13.520080000000002,-44.01973000000001,-1128.44155,42.07200000000003,-79.10300000000005,8.61613,159.68200000000027,226.34600000000012
