description,ddG:,total,fa_atr,fa_rep,fa_sol,fa_intra_rep,fa_elec,pro_close,hbond_sr_bb,hbond_lr_bb,hbond_bb_sc,hbond_sc,dslf_fa13,rama,omega,fa_dun,p_aa_pp,yhh_planarity,ref
A192S,ddG:,2.181,4.197,-0.852,-2.763,-0.008,2.19,0.026000000000000002,-0.078,0.055999999999999994,-0.069,1.095,-0.004,0.247,-0.081,-1.618,0.41600000000000004,0.035,-0.608
A227W,ddG:,-1.8259999999999998,-10.131,0.542,6.354,0.051,-1.8530000000000002,-0.027000000000000003,0.11,-0.11599999999999999,0.133,-1.2329999999999999,0.002,0.25,0.259,3.283,0.125,-0.036000000000000004,0.46
A236E,ddG:,11.616,-6.757999999999999,2.8360000000000003,11.277999999999999,0.018000000000000002,-1.82,-0.008,0.5870000000000001,0.12300000000000001,1.173,-1.444,0.003,0.142,-0.040999999999999995,7.946000000000001,0.293,0.02,-2.735
A249E,ddG:,4.065,-1.598,0.9420000000000001,3.049,-0.016,-0.166,-0.022000000000000002,-0.389,0.135,1.464,0.273,-0.002,0.066,0.042,3.125,-0.106,0.004,-2.735
A306N,ddG:,-0.63,-4.539,1.069,5.102,0.022000000000000002,-1.726,0.002,0.057,-0.099,1.294,-2.322,0.003,-0.057,-0.618,3.513,-0.36700000000000005,0.0,-1.965
A356A,ddG:,1.4040000000000001,-4.033,-0.941,5.369,0.008,-0.19699999999999998,0.011000000000000001,0.12,-0.07400000000000001,-0.03,-0.21100000000000002,-0.003,-0.044000000000000004,-1.038,2.234,0.22399999999999998,0.009000000000000001,0.0
A357A,ddG:,1.026,-2.867,0.043,4.4430000000000005,0.004,-0.626,-0.018000000000000002,-0.127,-0.069,-0.05,0.239,0.003,0.094,0.1,-0.157,0.062,-0.048,0.0
A408A,ddG:,0.8540000000000001,-0.452,0.231,0.5529999999999999,0.008,0.8220000000000001,0.002,0.059000000000000004,0.019,0.237,-0.079,-0.006,-0.191,0.040999999999999995,-0.433,0.046,-0.005,0.0
C167A,ddG:,0.171,0.22399999999999998,0.10800000000000001,-0.758,0.013999999999999999,-0.02,0.013000000000000001,-0.02,-0.098,-0.035,-1.31,-0.005,0.018000000000000002,0.273,1.944,-0.478,-0.027999999999999997,0.33
C167F,ddG:,1.765,-5.849,3.9610000000000003,-2.835,0.036000000000000004,0.685,0.005,-0.414,0.1,0.075,1.2590000000000001,-0.021,0.063,-0.099,4.551,0.059000000000000004,0.013999999999999999,0.17600000000000002
C167Q,ddG:,-0.563,-6.159,-0.376,5.006,0.009000000000000001,-1.855,0.05,0.7020000000000001,0.263,-1.396,0.354,-0.01,-0.447,0.775,4.897,-0.467,0.053,-1.9609999999999999
C167S,ddG:,-1.554,2.521,-0.905,0.079,-0.017,-2.238,0.005,-0.273,-0.025,-0.040999999999999995,0.294,-0.001,-0.154,-0.368,-0.295,0.098,0.044000000000000004,-0.278
D121F,ddG:,0.848,-2.3369999999999997,0.9690000000000001,-10.835,0.011000000000000001,5.481,-0.023,-0.203,0.02,0.02,3.0,-0.003,0.349,1.983,0.765,-0.627,0.028999999999999998,2.249
D322A,ddG:,-1.905,-1.808,-0.34299999999999997,0.9390000000000001,-0.013000000000000001,0.762,0.006999999999999999,-0.055999999999999994,-0.052000000000000005,-0.215,-0.9990000000000001,0.003,0.16,-1.012,-1.818,0.11900000000000001,0.019,2.404
D403A,ddG:,1.1440000000000001,4.098,-0.904,-7.629,-0.011000000000000001,3.7710000000000004,0.02,-0.038,-0.091,-0.735,3.1010000000000004,0.015,-0.265,0.267,-2.7039999999999997,-0.17300000000000001,0.018000000000000002,2.404
E154D,ddG:,-0.9329999999999999,-4.511,-0.45,7.018,0.002,-2.483,0.002,0.1,0.045,-1.469,1.048,0.002,-0.016,-0.001,-0.727,0.159,0.018000000000000002,0.331
E164A,ddG:,-1.126,8.334,-0.052000000000000005,-11.307,-0.004,1.66,-0.019,-0.375,-0.305,1.28,1.105,0.011000000000000001,0.18,0.015,-4.29,-0.092,0.0,2.735
E164D,ddG:,-0.9640000000000001,8.572000000000001,-0.8420000000000001,-11.218,0.008,1.9980000000000002,0.006999999999999999,-0.161,0.114,1.3119999999999998,2.135,0.002,-0.39,-1.0090000000000001,-1.218,-0.6659999999999999,0.059000000000000004,0.331
E164G,ddG:,0.313,9.652000000000001,-1.715,-9.961,0.016,2.0269999999999997,0.0,-0.003,-0.35200000000000004,1.3530000000000002,1.03,0.004,-0.081,-0.111,-3.1689999999999996,-0.508,-0.003,2.134
E164R,ddG:,3.2110000000000003,-8.1,1.358,7.039,0.018000000000000002,1.829,0.038,0.013999999999999999,0.024,-1.248,0.574,-0.006999999999999999,-0.32899999999999996,-0.32,1.28,-0.602,0.005,1.6369999999999998
E177A,ddG:,-1.5830000000000002,2.516,-1.3219999999999998,-3.69,-0.004,-0.272,0.018000000000000002,0.14,0.065,0.042,0.1,0.003,-0.001,-0.141,-2.0780000000000003,0.305,0.002,2.735
E177D,ddG:,-1.761,5.433,-0.307,-5.558,-0.021,0.86,-0.009000000000000001,-0.098,-0.038,0.035,0.695,-0.022000000000000002,0.076,-0.149,-2.9739999999999998,-0.006,-0.011000000000000001,0.331
E177K,ddG:,-0.335,-1.86,-0.449,0.43,0.003,-0.162,-0.004,-0.032,-0.18600000000000003,0.07,0.122,-0.002,0.01,-0.879,0.73,0.319,-0.047,1.6019999999999999
E177L,ddG:,-3.2460000000000004,0.033,-1.226,-3.585,-0.018000000000000002,0.07200000000000001,0.015,0.275,0.299,-1.3230000000000002,1.138,-0.004,-0.19,0.015,-1.64,0.14400000000000002,0.026000000000000002,2.722
E177N,ddG:,-1.5859999999999999,-5.472,-0.875,8.012,-0.019,-2.224,-0.013999999999999999,0.125,-0.076,0.026000000000000002,-1.136,0.0,0.08199999999999999,-0.22699999999999998,-0.905,0.344,0.004,0.77
E177S,ddG:,-2.021,5.556,0.419,-7.506,0.006999999999999999,-0.044000000000000004,-0.013999999999999999,-0.09699999999999999,0.053,-0.016,0.249,0.021,0.16899999999999998,1.153,-4.034,-0.043,-0.021,2.126
E222A,ddG:,3.802,8.577,-0.795,-11.640999999999998,-0.005,5.6,0.016,0.066,0.012,0.218,2.997,-0.006,0.265,0.005,-4.226,0.016,-0.032,2.735
E222H,ddG:,-0.311,3.532,-1.889,-11.147,0.01,3.886,0.017,0.287,0.083,-0.247,3.917,0.013999999999999999,-0.312,0.584,-1.284,-0.122,0.011000000000000001,2.349
E222K,ddG:,5.346,0.012,-0.428,-0.604,-0.013000000000000001,3.763,-0.019,-0.019,-0.045,0.365,2.108,0.021,-0.16,-1.176,0.141,-0.207,0.005,1.6019999999999999
E222Q,ddG:,-0.136,2.6519999999999997,-0.945,-5.9270000000000005,-0.016,3.138,-0.012,-0.035,-0.024,-1.159,2.384,0.022000000000000002,0.075,0.3,-0.643,-0.35100000000000003,-0.04,0.444
E222R,ddG:,2.792,-2.802,1.197,0.746,0.027999999999999997,2.943,0.033,-0.087,0.052000000000000005,0.696,2.0069999999999997,-0.003,-0.138,0.08199999999999999,-3.128,-0.48,0.009000000000000001,1.6369999999999998
E222Y,ddG:,4.128,-4.881,-0.805,-1.801,0.0,6.021,0.002,-0.055999999999999994,0.015,-1.514,5.102,0.021,-0.375,0.6709999999999999,-0.209,-0.2,0.015,2.123
E353A,ddG:,0.312,9.252,-1.48,-11.901,-0.016,2.506,-0.002,-0.027999999999999997,0.02,-1.368,3.9539999999999997,0.004,0.185,0.034,-3.32,-0.20800000000000002,-0.055,2.735
E353F,ddG:,7.257999999999999,-6.502000000000001,3.716,-7.391,0.077,4.902,0.046,0.193,0.135,0.33799999999999997,6.027,-0.027000000000000003,-0.064,-0.10300000000000001,2.907,0.496,-0.07400000000000001,2.58
E388C,ddG:,0.09,6.643,1.199,-8.78,0.005,2.508,0.02,-0.301,0.055,-1.39,2.463,0.012,-0.065,0.466,-4.715,-0.40299999999999997,-0.032,2.405
E406A,ddG:,-2.184,8.101,-0.917,-8.331,-0.013999999999999999,0.205,0.02,0.28800000000000003,0.023,-0.05,0.455,0.0,-0.307,-0.498,-3.7089999999999996,-0.203,0.019,2.735
E406D,ddG:,0.615,14.529000000000002,-2.189,-15.135,-0.027999999999999997,3.897,0.013999999999999999,-0.027000000000000003,0.151,-0.033,5.007,0.003,-0.368,0.485,-5.604,-0.451,0.031,0.331
E406N,ddG:,-0.024,2.081,1.589,-5.135,0.001,2.544,-0.006999999999999999,-0.228,-0.168,-1.459,3.3089999999999997,-0.013999999999999999,-0.081,-0.39399999999999996,-2.345,-0.484,-0.003,0.77
E406Q,ddG:,-3.697,-2.001,-0.628,-1.159,0.005,-0.19,0.011000000000000001,0.268,-0.08199999999999999,-1.304,0.239,-0.025,-0.079,-0.7070000000000001,1.906,-0.40399999999999997,0.009000000000000001,0.444
E406V,ddG:,-3.2030000000000003,5.35,0.27699999999999997,-10.911,0.048,2.5860000000000003,0.013999999999999999,0.29600000000000004,-0.078,-1.205,0.9570000000000001,0.001,0.467,0.183,-4.163,0.063,-0.028999999999999998,2.9410000000000003
E426S,ddG:,-1.604,0.106,0.434,-0.831,0.006999999999999999,-2.065,0.015,0.214,-0.109,0.215,-1.067,-0.001,-0.037000000000000005,-0.78,0.035,0.134,0.0,2.126
F248K,ddG:,15.165,9.254,-0.444,3.395,-0.033,2.517,-0.031,-0.344,0.042,-0.304,1.207,0.002,0.032,0.975,-0.135,0.011000000000000001,-0.003,-0.978
F343S,ddG:,7.816,11.89,-1.605,-1.25,-0.034,2.0380000000000003,0.019,-0.094,-0.019,-1.341,1.208,0.004,-0.456,0.175,-2.479,0.21600000000000003,0.0,-0.45399999999999996
F405A,ddG:,9.847999999999999,18.617,-0.132,-5.57,-0.038,0.71,-0.015,-0.545,-0.006999999999999999,1.314,0.053,-0.002,0.155,0.491,-5.308,-0.039,0.009000000000000001,0.154
F415A,ddG:,5.702999999999999,13.524000000000001,-0.8440000000000001,-3.883,-0.045,-0.134,-0.004,-0.126,-0.095,-0.068,-0.081,-0.023,0.152,-0.535,-2.865,0.5710000000000001,0.006999999999999999,0.154
F415D,ddG:,8.782,9.685,-0.498,4.379,-0.024,0.309,0.001,-0.353,-0.03,-0.228,1.2570000000000001,0.003,-0.006999999999999999,0.32799999999999996,-3.5410000000000004,-0.266,0.017,-2.249
F415N,ddG:,3.815,6.376,-1.256,2.8960000000000004,-0.027999999999999997,-1.845,0.013000000000000001,0.04,-0.037000000000000005,1.305,-1.7080000000000002,-0.003,-0.135,-1.232,1.083,0.141,0.016,-1.811
F72H,ddG:,5.74,4.624,-1.5490000000000002,0.655,-0.017,0.983,-0.024,-0.174,-0.073,0.025,1.162,0.021,0.155,0.049,0.2,0.005,-0.07200000000000001,-0.231
G12N,ddG:,19.918,-15.077,10.76,12.884,0.353,-1.156,0.015,0.105,0.316,0.066,-0.055,0.002,1.45,1.636,9.661,0.307,0.017,-1.365
G153A,ddG:,7.46,-6.362,5.926,6.018,0.009000000000000001,-2.439,0.002,-1.0490000000000002,-0.027999999999999997,-0.075,-1.085,0.001,1.169,0.191,2.1919999999999997,2.378,0.012,0.6
G355A,ddG:,1.274,-4.813,1.6580000000000001,1.666,0.006999999999999999,0.447,0.021,0.011000000000000001,0.055999999999999994,-1.271,1.089,0.016,0.391,0.099,-0.19399999999999998,1.47,0.02,0.6
H101R,ddG:,0.804,5.447,-0.114,-4.418,-0.001,1.805,0.003,-0.049,0.067,-0.207,0.243,0.002,-0.087,-0.406,-0.519,-0.231,-0.017,-0.713
H119A,ddG:,0.802,15.549000000000001,-1.325,-10.677999999999999,-0.015,-0.633,-0.006999999999999999,0.015,-0.046,1.3159999999999998,0.247,0.02,0.146,-0.41,-4.091,0.35,-0.02,0.385
H119D,ddG:,2.5580000000000003,8.515,0.42200000000000004,0.495,0.0,-1.273,-0.009000000000000001,-0.149,0.105,-0.032,0.022000000000000002,0.021,0.155,0.601,-4.196000000000001,-0.075,-0.026000000000000002,-2.0180000000000002
H119E,ddG:,6.166,3.475,-0.8440000000000001,6.136,0.0,-1.994,-0.006,0.27699999999999997,0.066,1.04,-0.695,0.0,0.172,-0.295,0.371,0.773,0.039,-2.349
H119N,ddG:,3.2969999999999997,1.8969999999999998,-2.574,4.627,-0.003,0.51,0.027000000000000003,0.29100000000000004,0.046,0.07400000000000001,-0.863,0.001,-0.214,-0.726,1.361,0.39299999999999996,0.031,-1.579
H119Q,ddG:,4.251,2.569,0.665,1.679,0.006999999999999999,-0.8590000000000001,-0.02,-0.078,0.024,0.133,0.391,0.0,-0.009000000000000001,-1.079,1.946,0.7809999999999999,0.006999999999999999,-1.905
H119S,ddG:,0.937,12.007,-1.67,-5.402,0.01,-2.487,0.016,0.218,0.039,0.044000000000000004,0.048,0.02,0.203,-0.09699999999999999,-2.454,0.644,0.02,-0.223
H178A,ddG:,3.1289999999999996,5.952999999999999,-0.9159999999999999,1.306,0.017,-0.653,-0.003,0.126,0.036000000000000004,-0.013000000000000001,-1.148,-0.002,0.285,-0.205,-2.3930000000000002,0.364,-0.009000000000000001,0.385
H178C,ddG:,1.71,10.585999999999999,0.034,-3.884,0.004,-1.011,0.03,0.305,0.069,1.5230000000000001,-1.167,-0.003,-0.33899999999999997,-0.606,-3.98,0.073,0.023,0.055
H178F,ddG:,-2.313,-0.231,1.426,-4.17,0.027999999999999997,0.505,-0.038,-0.43,-0.01,-0.094,1.125,0.005,0.239,0.348,-1.063,-0.171,-0.011000000000000001,0.231
H178K,ddG:,4.4030000000000005,2.273,0.04,3.1489999999999996,0.01,1.005,-0.009000000000000001,-0.017,-0.10300000000000001,-1.4140000000000001,1.05,0.002,0.049,-0.033,-0.852,0.022000000000000002,-0.023,-0.747
H178N,ddG:,2.563,8.307,-0.779,-2.426,-0.038,3.3939999999999997,-0.013999999999999999,0.136,-0.057,-2.207,1.2919999999999998,0.001,0.034,0.092,-3.634,0.066,-0.025,-1.579
H178R,ddG:,2.6189999999999998,2.9019999999999997,-1.0290000000000001,3.2769999999999997,0.017,-0.6890000000000001,0.035,0.76,0.14800000000000002,1.115,-1.209,-0.013000000000000001,-0.44799999999999995,-0.29,-1.7930000000000001,0.517,0.03,-0.713
H178W,ddG:,1.9980000000000002,-8.193999999999999,2.374,1.9869999999999999,-0.001,1.544,0.01,0.152,-0.035,-0.47,2.64,0.0,0.122,0.547,0.24100000000000002,0.243,-0.006999999999999999,0.846
H315A,ddG:,-1.449,3.948,-0.32799999999999996,-3.085,-0.013000000000000001,0.873,0.002,0.049,0.031,-0.036000000000000004,-0.07,0.002,0.215,1.042,-4.177,-0.266,-0.021,0.385
H315D,ddG:,-1.382,2.2359999999999998,0.226,0.19699999999999998,-0.009000000000000001,-0.449,-0.022000000000000002,-0.183,-0.042,-1.31,1.163,-0.003,-0.28,0.295,-0.9670000000000001,-0.205,-0.009000000000000001,-2.0180000000000002
H315E,ddG:,0.046,5.961,0.444,-6.228,0.002,1.395,0.013000000000000001,-0.022000000000000002,0.065,-0.040999999999999995,1.262,0.001,0.077,0.794,-1.807,0.478,0.0,-2.349
H315N,ddG:,-2.421,-1.9669999999999999,-0.39299999999999996,4.351,-0.006999999999999999,-1.247,0.013999999999999999,0.35,0.08,-0.018000000000000002,-1.278,-0.006,-0.26899999999999996,-0.179,-0.349,0.065,0.011000000000000001,-1.579
H315R,ddG:,0.575,-3.449,1.225,5.231,0.018000000000000002,-2.16,-0.008,0.04,0.003,1.3869999999999998,-2.4419999999999997,0.001,0.166,-0.18100000000000002,1.0759999999999998,0.396,-0.013000000000000001,-0.713
H315Y,ddG:,0.66,-4.553999999999999,-0.35100000000000003,3.677,0.042,-0.484,-0.008,-0.281,-0.05,-1.3719999999999999,1.251,0.02,0.217,-0.8440000000000001,2.67,0.934,0.019,-0.226
H328N,ddG:,-1.5619999999999998,2.198,-0.746,2.568,0.033,-1.757,0.005,0.087,0.016,1.256,-1.112,-0.001,0.10099999999999999,-0.325,-2.431,0.091,0.037000000000000005,-1.579
H373R,ddG:,0.259,1.374,0.397,3.3280000000000003,-0.039,-1.361,-0.012,-0.198,-0.012,0.053,-0.41100000000000003,0.0,-0.044000000000000004,-0.158,-1.7,-0.24100000000000002,-0.004,-0.713
H379R,ddG:,6.841,-4.466,0.068,13.773,0.008,0.28800000000000003,-0.008,0.09,0.13699999999999998,0.5870000000000001,-2.875,0.018000000000000002,-0.045,0.09300000000000001,0.139,-0.325,0.071,-0.713
H379T,ddG:,4.103,8.88,-0.36,-1.429,0.003,-1.1840000000000002,-0.034,-0.31,0.08199999999999999,-0.04,0.324,-0.013000000000000001,0.138,0.659,-2.445,-0.012,0.032,-0.187
I20C,ddG:,2.116,5.4670000000000005,-0.981,-0.505,-0.018000000000000002,-0.07,-0.015,-0.337,-0.021,0.047,-0.057999999999999996,0.017,-0.255,-0.19699999999999998,0.109,-0.408,-0.022000000000000002,-0.637
I244E,ddG:,5.736000000000001,-4.435,-0.581,11.857000000000001,-0.025,-0.534,-0.01,-0.20600000000000002,0.061,-0.135,0.27,0.006999999999999999,0.006,-0.136,2.435,0.187,0.015,-3.042
I244M,ddG:,0.44799999999999995,0.18899999999999997,0.185,0.902,-0.015,-1.406,0.02,0.06,0.01,0.044000000000000004,-0.153,-0.005,0.0,0.301,0.78,0.373,-0.006,-0.831
I244N,ddG:,3.725,-1.607,-0.306,5.805,-0.016,0.772,-0.013999999999999999,-0.203,-0.013999999999999999,-1.479,0.382,-0.02,0.289,-0.14300000000000002,2.479,0.078,-0.005,-2.272
I244V,ddG:,-0.153,-1.063,-1.055,3.753,-0.002,-0.78,-0.008,-0.182,-0.026000000000000002,0.013999999999999999,-0.11599999999999999,-0.013999999999999999,0.024,-0.12,-0.6609999999999999,0.209,-0.026000000000000002,-0.10099999999999999
I300N,ddG:,7.327999999999999,-1.305,-0.879,9.452,-0.031,-0.431,-0.037000000000000005,-0.193,-0.084,-0.011000000000000001,-0.27399999999999997,0.005,0.38,0.011000000000000001,2.12,0.873,0.003,-2.272
I91E,ddG:,2.31,0.55,-0.39299999999999996,3.313,-0.013999999999999999,-0.575,0.01,0.142,0.105,-0.102,-0.059000000000000004,-0.022000000000000002,-0.087,-0.044000000000000004,2.75,-0.221,-0.002,-3.042
K341A,ddG:,-0.08800000000000001,2.451,-0.49200000000000005,-4.4510000000000005,0.009000000000000001,0.8370000000000001,0.003,0.067,0.063,0.083,-0.035,-0.004,0.215,-0.061,0.16699999999999998,-0.042,-0.031,1.1320000000000001
K413A,ddG:,3.1519999999999997,6.159,0.159,-5.561,-0.011000000000000001,2.428,0.002,0.27699999999999997,-0.002,0.39,-1.129,0.0,0.059000000000000004,-1.482,0.36200000000000004,0.364,0.006999999999999999,1.1320000000000001
L108N,ddG:,0.017,1.68,0.382,-0.754,-0.003,-0.493,0.001,-0.055999999999999994,0.07,0.035,-0.254,0.02,-0.038,-0.486,1.4869999999999999,0.317,0.061,-1.952
L171A,ddG:,2.7910000000000004,15.927999999999999,-1.3119999999999998,-14.444,-0.043,3.673,-0.013000000000000001,-0.24600000000000002,-0.003,-0.021,2.4090000000000003,-0.004,-0.138,-0.37,-2.71,0.044000000000000004,0.026000000000000002,0.013000000000000001
L171D,ddG:,3.1460000000000004,1.7,0.8079999999999999,5.4910000000000005,-0.003,-1.518,0.012,-0.311,-0.069,-0.185,0.127,0.013000000000000001,-0.033,1.078,-1.198,-0.366,-0.006,-2.391
L171E,ddG:,2.218,3.194,0.019,1.037,-0.01,-0.823,-0.003,-0.11699999999999999,-0.07200000000000001,-0.046,0.68,0.0,-0.033,0.8440000000000001,0.48,-0.209,-0.001,-2.722
L171N,ddG:,2.326,4.2989999999999995,-0.319,-1.739,-0.004,2.588,0.01,-0.043,-0.096,-1.4069999999999998,1.205,-0.001,0.028999999999999998,1.143,-1.261,-0.095,-0.031,-1.952
L171R,ddG:,3.016,-0.7240000000000001,-2.122,4.63,-0.001,0.504,-0.008,-0.012,-0.035,-1.3730000000000002,1.0190000000000001,0.011000000000000001,-0.266,0.08900000000000001,2.376,0.052000000000000005,-0.039,-1.085
L219A,ddG:,4.835,5.962999999999999,0.32799999999999996,0.586,-0.009000000000000001,-2.15,-0.027999999999999997,-0.32299999999999995,-0.138,-0.303,-0.004,0.032,0.33,-0.225,0.43200000000000005,0.297,0.035,0.013000000000000001
L272N,ddG:,2.591,-5.382999999999999,-0.226,11.875,0.01,-2.529,0.005,-0.011000000000000001,-0.038,-1.258,-0.1,0.005,-0.649,0.11900000000000001,3.6439999999999997,-0.956,0.036000000000000004,-1.952
L362M,ddG:,0.091,2.048,-0.294,-0.478,-0.011000000000000001,-0.5710000000000001,-0.004,0.052000000000000005,0.09,1.218,-1.17,0.001,-0.040999999999999995,0.131,-0.561,0.163,0.032,-0.512
M10Q,ddG:,-0.09,-6.132999999999999,0.667,10.052,-0.012,-3.236,-0.015,-0.073,0.05,1.239,-2.207,-0.017,0.254,-0.106,1.13,0.057,0.027999999999999997,-1.767
M221A,ddG:,4.373,1.395,0.6779999999999999,4.619,-0.011000000000000001,-0.617,-0.009000000000000001,-0.057999999999999996,-0.132,1.278,-2.0869999999999997,-0.016,0.489,-0.034,-1.936,0.336,-0.05,0.524
M261E,ddG:,6.034,-1.09,-0.7929999999999999,10.341,-0.006999999999999999,-1.6119999999999999,-0.011000000000000001,0.185,-0.037000000000000005,1.205,-2.195,0.001,-0.081,-1.102,3.385,0.07400000000000001,-0.019,-2.21
M323A,ddG:,4.71,0.5539999999999999,-0.381,4.828,-0.008,0.52,-0.003,-0.094,-0.127,-0.935,0.24,0.011000000000000001,-0.09,-1.4580000000000002,0.723,0.381,0.024,0.524
M323K,ddG:,4.345,1.385,0.48,1.921,0.018000000000000002,0.11,0.013000000000000001,0.16699999999999998,0.071,0.303,0.97,-0.006,-0.205,-0.547,0.205,0.07200000000000001,-0.002,-0.608
M323T,ddG:,0.66,4.448,0.529,-2.6630000000000003,0.013999999999999999,-0.166,-0.013999999999999999,0.053,0.08800000000000001,0.09,0.5489999999999999,-0.002,-0.315,-0.81,-1.058,-0.040999999999999995,0.008,-0.048
M358T,ddG:,3.035,10.937999999999999,-0.249,-10.193,0.02,3.136,-0.009000000000000001,-0.42200000000000004,0.019,-1.3330000000000002,3.275,-0.016,0.213,0.914,-2.969,-0.21899999999999997,-0.02,-0.048
N163A,ddG:,1.1340000000000001,4.107,-0.512,-3.6069999999999998,0.013999999999999999,-1.8159999999999998,0.004,0.146,0.07,1.31,-0.725,-0.004,0.062,-0.927,0.379,0.643,0.025,1.965
N163C,ddG:,0.7190000000000001,6.653,-0.21,-8.53,0.006999999999999999,0.18100000000000002,0.028999999999999998,-0.139,0.138,-1.402,3.906,0.013999999999999999,-0.268,0.28800000000000003,-1.639,0.06,-0.004,1.635
N163D,ddG:,4.05,-0.42200000000000004,-1.4240000000000002,6.635,0.006,-1.12,0.004,0.051,0.024,1.197,-0.192,-0.004,-0.043,-0.41100000000000003,0.073,0.07200000000000001,0.042,-0.439
N163E,ddG:,4.735,-1.6680000000000001,0.36,4.312,0.016,-1.6280000000000001,0.003,0.19,0.032,1.5090000000000001,-2.386,0.015,-0.301,-0.01,4.934,0.154,-0.027000000000000003,-0.77
N163K,ddG:,8.936,-3.343,-0.081,7.117000000000001,-0.006999999999999999,-0.057,0.025,-0.107,0.086,1.423,1.072,-0.001,-0.249,-0.021,1.692,0.552,0.001,0.833
N163S,ddG:,4.685,8.43,0.461,-7.315,0.008,1.32,-0.01,-0.18100000000000002,0.136,1.588,0.455,-0.001,0.34299999999999997,0.151,-2.4130000000000003,0.36,-0.003,1.357
N220A,ddG:,-0.511,8.802,0.623,-10.434000000000001,0.002,-0.451,0.015,-0.102,0.121,0.08199999999999999,1.7180000000000002,0.021,0.32899999999999996,1.069,-4.606,0.31,0.025,1.965
N220D,ddG:,6.707999999999999,0.16899999999999998,-0.165,3.075,0.009000000000000001,3.658,0.008,0.10099999999999999,0.064,0.11800000000000001,0.642,-0.001,-0.147,-0.064,-0.239,-0.084,0.003,-0.439
N220E,ddG:,3.772,-2.536,1.716,3.577,0.013000000000000001,-0.249,-0.002,-0.231,-0.039,1.33,-0.526,0.006,0.29600000000000004,-0.126,0.894,0.389,0.028999999999999998,-0.77
N220G,ddG:,3.1210000000000004,6.671,0.221,-4.758,-0.003,-0.218,-0.022000000000000002,-0.177,-0.121,0.027000000000000003,0.636,0.006,0.9440000000000001,-0.192,-2.263,1.005,0.0,1.365
N220H,ddG:,0.305,3.4739999999999998,0.602,-8.009,-0.044000000000000004,2.369,-0.046,-0.185,-0.006,1.446,-0.486,0.021,0.191,0.019,-0.634,0.08,-0.066,1.579
N220K,ddG:,3.1910000000000003,0.74,0.603,-0.9790000000000001,-0.008,1.222,-0.031,-0.495,-0.01,0.109,1.685,-0.001,0.174,-0.34700000000000003,-0.8109999999999999,0.5329999999999999,-0.025,0.833
N220Q,ddG:,1.913,-7.595,-1.54,7.954,0.008,0.37,0.02,0.381,-0.06,-1.867,0.5710000000000001,-0.002,-0.141,0.024,3.7110000000000003,0.364,0.042,-0.326
N220R,ddG:,0.92,0.21899999999999997,0.42,0.036000000000000004,0.006999999999999999,-0.345,0.004,0.08,0.057,0.064,-0.818,-0.004,0.048,-0.018000000000000002,0.166,0.153,-0.015,0.867
N220S,ddG:,3.145,-1.295,-0.44,1.883,0.035,-1.732,0.012,-0.039,0.06,-0.001,0.555,0.005,0.317,0.08199999999999999,1.526,0.8190000000000001,0.001,1.357
N220Y,ddG:,-1.103,-5.566,0.515,0.242,0.02,1.436,-0.008,-0.282,-0.026000000000000002,0.083,0.8240000000000001,0.001,0.17,0.008,-0.21100000000000002,0.354,-0.013999999999999999,1.354
N293A,ddG:,-0.086,4.997,-1.329,-7.322,-0.013999999999999999,2.254,0.002,-0.018000000000000002,-0.078,-1.2009999999999998,2.7489999999999997,-0.001,0.35200000000000004,-0.517,-1.966,0.039,0.0,1.965
N293C,ddG:,0.988,2.7239999999999998,-0.524,-3.451,0.012,0.157,0.006,0.027000000000000003,-0.153,-1.413,2.498,0.001,-0.249,-0.23399999999999999,0.245,-0.27699999999999997,-0.016,1.635
N293D,ddG:,6.73,1.2570000000000001,-0.171,2.8369999999999997,-0.021,1.5130000000000001,-0.03,-0.384,-0.084,1.175,1.3419999999999999,0.005,0.128,-0.536,-0.182,0.249,0.071,-0.439
N293K,ddG:,7.528,0.34700000000000003,3.4930000000000003,0.342,0.005,-0.7929999999999999,0.033,0.163,0.071,0.163,2.3930000000000002,-0.004,-0.086,0.805,0.048,-0.22699999999999998,-0.055999999999999994,0.833
N293Q,ddG:,6.181,-5.382000000000001,2.366,5.058,0.005,0.7440000000000001,-0.004,0.095,0.195,0.133,1.8940000000000001,0.012,-0.03,-0.9329999999999999,2.318,0.033,0.004,-0.326
N293S,ddG:,-0.7859999999999999,1.665,-2.161,1.5590000000000002,0.004,-1.891,0.019,0.20199999999999999,-0.027999999999999997,-0.012,1.669,-0.002,-0.10099999999999999,-0.809,-2.605,0.335,0.012,1.357
N293T,ddG:,1.432,5.747000000000001,-1.237,-5.9670000000000005,-0.005,1.705,0.003,-0.17300000000000001,-0.145,-0.156,4.802,0.001,0.066,0.732,-4.898,-0.467,0.032,1.393
N293Y,ddG:,8.532,8.368,1.195,-17.41,0.08800000000000001,6.263,0.023,0.092,0.141,0.9590000000000001,6.207999999999999,-0.002,0.125,0.619,0.29100000000000004,0.275,-0.057999999999999996,1.354
N354A,ddG:,3.553,4.757,0.096,-4.404,0.018000000000000002,-0.016,-0.017,-0.187,-0.08,2.092,0.163,0.003,-0.105,-0.008,-0.74,0.075,-0.057999999999999996,1.965
N404A,ddG:,3.3560000000000003,11.01,0.09,-12.827,0.004,2.823,-0.013000000000000001,-0.114,-0.016,0.898,2.141,-0.022000000000000002,0.275,-0.408,-2.6180000000000003,0.19699999999999998,-0.025,1.965
N404C,ddG:,-1.114,7.2010000000000005,-0.41200000000000003,-6.827000000000001,-0.005,-0.7829999999999999,0.003,0.036000000000000004,0.042,0.7509999999999999,1.187,0.0,-0.077,0.536,-4.289,-0.098,-0.013000000000000001,1.635
N404Q,ddG:,2.0140000000000002,3.154,0.937,-7.837000000000001,-0.001,3.378,0.011000000000000001,-0.083,0.016,0.308,1.569,0.017,0.253,-0.506,0.525,0.613,-0.015,-0.326
P329N,ddG:,4.552,0.125,-1.136,3.272,0.004,0.693,-0.057,0.081,0.133,-0.08900000000000001,0.976,0.002,0.11,0.7879999999999999,-0.016,0.594,0.013000000000000001,-0.941
P41L,ddG:,1.5630000000000002,-1.459,0.905,2.251,0.006,-0.36,-0.04,-0.077,-0.11800000000000001,-0.486,-0.171,0.0,-0.051,0.289,-0.7240000000000001,0.61,-0.024,1.012
Q19A,ddG:,2.655,11.259,-0.773,-9.756,-0.027000000000000003,3.7430000000000003,-0.023,-0.34,-0.14800000000000002,0.129,0.308,0.026000000000000002,0.163,-0.889,-3.326,0.032,-0.012,2.291
Q19C,ddG:,2.115,12.547,-1.127,-12.142999999999999,-0.015,3.312,-0.016,0.004,0.024,1.379,-1.225,-0.002,0.223,-0.17300000000000001,-2.806,0.19399999999999998,-0.02,1.9609999999999999
Q19N,ddG:,2.088,8.549,-2.056,-7.977,-0.015,4.66,-0.009000000000000001,0.096,0.040999999999999995,0.045,1.446,0.005,0.115,-0.264,-3.1839999999999997,0.342,-0.032,0.326
Q19P,ddG:,-1.1520000000000001,5.226,3.24,-6.477,0.015,-2.5839999999999996,0.239,-0.125,0.218,0.212,-1.167,-0.027000000000000003,0.22699999999999998,0.42700000000000005,-0.9670000000000001,-0.853,-0.023,1.2670000000000001
Q19S,ddG:,-0.475,10.845,-0.9129999999999999,-7.816,0.009000000000000001,-0.297,-0.021,-0.285,-0.054000000000000006,-1.005,0.16,0.004,0.239,-0.032,-2.925,-0.067,0.001,1.683
Q284R,ddG:,1.819,-1.09,0.441,1.6680000000000001,0.027999999999999997,0.395,0.025,0.132,-0.114,-0.03,0.172,-0.004,-0.057,0.128,-1.089,0.039,-0.017,1.193
Q313E,ddG:,-0.847,-1.222,-0.502,2.805,-0.006999999999999999,-1.946,-0.001,0.10099999999999999,0.040999999999999995,0.022000000000000002,-0.8320000000000001,-0.005,-0.012,0.087,1.125,-0.032,-0.023,-0.444
Q313R,ddG:,1.9509999999999998,-5.234,0.27699999999999997,6.86,0.02,-0.46299999999999997,0.022000000000000002,0.057,0.077,-0.154,-0.14300000000000002,-0.012,0.017,0.023,-0.648,0.026000000000000002,0.033,1.193
R240A,ddG:,1.486,9.049,-0.8320000000000001,-10.131,-0.015,3.0010000000000003,-0.012,-0.073,0.086,0.22,2.465,-0.018000000000000002,0.032,-0.059000000000000004,-3.1039999999999996,-0.228,0.008,1.0979999999999999
R240D,ddG:,7.3020000000000005,7.678,0.282,-6.044,-0.027000000000000003,4.552,-0.040999999999999995,-0.25,0.018000000000000002,0.10400000000000001,2.197,0.001,0.389,-0.124,0.005,-0.10800000000000001,-0.027000000000000003,-1.306
R240E,ddG:,3.977,1.527,-1.6880000000000002,-1.13,0.003,2.64,0.021,0.40399999999999997,0.151,0.155,2.313,-0.004,-0.067,0.11900000000000001,1.21,-0.068,0.027999999999999997,-1.6369999999999998
R240K,ddG:,2.7769999999999997,0.21100000000000002,-0.33399999999999996,0.136,0.0,1.361,-0.019,-0.21100000000000002,-0.08,0.122,2.38,-0.01,0.168,-0.28800000000000003,-0.715,0.099,-0.009000000000000001,-0.034
R76A,ddG:,0.024,17.199,-2.404,-21.963,-0.036000000000000004,5.282,0.01,0.27399999999999997,0.040999999999999995,1.579,3.446,-0.008,0.22399999999999998,0.006,-5.043,0.325,-0.006999999999999999,1.0979999999999999
R76Q,ddG:,-3.5989999999999998,0.387,-2.261,-3.2089999999999996,-0.017,-0.772,0.015,0.301,-0.08900000000000001,-0.997,2.55,-0.002,-0.19699999999999998,-1.0,2.5669999999999997,0.3,0.018000000000000002,-1.193
S14A,ddG:,-0.604,-7.815,0.2,8.135,0.028999999999999998,-4.745,0.008,0.031,-0.182,1.051,-1.297,0.0,0.107,-0.61,3.6289999999999996,0.19899999999999998,0.048,0.608
S16A,ddG:,2.0,3.301,0.405,-7.087999999999999,-0.006999999999999999,3.687,0.004,0.158,0.105,0.076,1.3880000000000001,0.0,0.021,-0.114,-0.47700000000000004,-0.063,-0.003,0.608
S16N,ddG:,3.303,-0.386,2.531,-4.697,0.016,3.056,0.017,-0.084,0.17800000000000002,1.192,-0.025,-0.001,0.316,-0.42100000000000004,2.892,0.06,0.015,-1.357
S16Q,ddG:,-0.397,-10.280999999999999,2.191,5.711,0.157,-0.618,0.032,-0.021,0.013999999999999999,-0.509,0.705,-0.004,0.057999999999999996,0.172,3.5380000000000003,0.16699999999999998,-0.025,-1.683
S16T,ddG:,-0.261,-3.2230000000000003,2.699,1.952,-0.013999999999999999,-1.083,-0.012,-0.311,0.084,-0.043,0.48100000000000004,0.0,-0.066,-0.21600000000000003,-0.508,-0.057999999999999996,0.021,0.036000000000000004
S17A,ddG:,-2.302,4.132,-0.46,-7.942,-0.017,-0.198,0.004,0.059000000000000004,-0.034,-0.018000000000000002,2.448,0.022000000000000002,-0.14,-0.005,-0.395,-0.261,-0.10300000000000001,0.608
S17E,ddG:,15.696,-5.395,3.389,9.919,-0.022000000000000002,1.745,0.013000000000000001,0.43,0.038,0.212,3.77,-0.008,-0.578,0.493,4.124,-0.248,-0.06,-2.126
S298E,ddG:,4.382,-3.451,0.423,1.835,0.017,3.39,0.019,0.132,0.153,0.09,0.6890000000000001,0.0,-0.08199999999999999,-0.371,3.755,-0.12,0.028999999999999998,-2.126
S32L,ddG:,17.391,-10.257,6.175,2.208,0.031,6.638,0.006,0.023,-0.009000000000000001,0.629,4.556,0.001,0.004,1.4169999999999998,5.031000000000001,0.307,0.037000000000000005,0.596
S331A,ddG:,-1.595,0.857,-1.064,-3.694,0.01,0.738,-0.002,0.569,-0.045,1.465,-2.287,-0.016,-0.16399999999999998,-1.109,2.301,0.287,-0.05,0.608
S400A,ddG:,-2.416,-1.867,-0.18600000000000003,0.389,-0.017,-0.723,-0.021,-0.204,0.08,-0.575,0.691,0.002,0.115,-0.111,-0.436,-0.19399999999999998,0.033,0.608
T15A,ddG:,2.371,-2.572,-0.479,3.259,0.012,-1.643,0.017,0.085,-0.14800000000000002,-0.13,1.5230000000000001,0.005,0.556,-0.35100000000000003,0.7340000000000001,0.888,0.042,0.5720000000000001
T175H,ddG:,-0.9420000000000001,-10.529000000000002,0.873,7.0920000000000005,0.012,-0.758,0.026000000000000002,-0.003,-0.19,-1.3630000000000002,1.165,-0.015,0.165,0.369,1.9180000000000001,0.10800000000000001,0.0,0.187
T175R,ddG:,-2.327,-1.143,-0.366,-0.271,0.040999999999999995,-3.872,0.021,0.081,0.07200000000000001,1.5,-1.794,-0.004,-0.002,-0.377,4.277,0.040999999999999995,-0.004,-0.526
T218A,ddG:,-0.997,11.93,-0.867,-17.203,-0.032,4.157,0.013000000000000001,0.087,0.11599999999999999,0.027000000000000003,2.37,-0.027000000000000003,0.251,-0.342,-2.305,0.267,-0.01,0.5720000000000001
T296A,ddG:,2.568,0.606,1.063,-1.415,-0.001,0.33799999999999997,-0.016,-0.315,-0.025,1.439,-1.286,0.019,0.021,0.022000000000000002,2.0780000000000003,-0.5,-0.032,0.5720000000000001
T296E,ddG:,8.107999999999999,-0.068,-0.975,1.264,0.02,1.9409999999999998,-0.013999999999999999,0.01,0.092,0.728,1.06,0.005,0.182,-0.309,6.416,-0.085,0.003,-2.162
T352A,ddG:,-0.579,3.344,0.344,-4.848,0.006999999999999999,-0.15,-0.015,-0.188,0.065,0.091,0.423,0.002,0.256,-0.551,-0.331,0.429,-0.028999999999999998,0.5720000000000001
T352V,ddG:,3.668,-5.013999999999999,1.051,2.001,0.027000000000000003,0.893,0.015,0.22,0.051,-1.357,1.556,0.0,0.165,1.861,0.9279999999999999,0.486,0.008,0.778
V147S,ddG:,1.771,-2.7880000000000003,-0.9520000000000001,8.013,-0.005,-1.709,0.027999999999999997,0.502,0.022000000000000002,0.018000000000000002,-1.921,-0.006,-0.235,0.237,1.2890000000000001,0.095,-0.005,-0.8140000000000001
V311A,ddG:,1.528,9.67,-1.671,-8.649,-0.005,1.304,0.017,-0.052000000000000005,-0.006,-1.2770000000000001,2.1319999999999997,-0.004,0.13699999999999998,-0.078,0.062,0.155,-0.003,-0.20600000000000002
V311D,ddG:,6.401,-3.109,0.261,12.187000000000001,-0.026000000000000002,-2.167,-0.023,-0.251,-0.034,0.504,-1.234,0.008,0.433,-0.361,2.218,0.594,0.01,-2.61
V320Q,ddG:,1.6840000000000002,-2.698,0.21,1.462,-0.012,1.972,-0.035,-0.17,0.068,0.201,0.015,-0.016,0.29100000000000004,-0.337,3.2489999999999997,0.002,-0.02,-2.497
V52G,ddG:,-2.571,4.994,-1.681,-5.542999999999999,-0.009000000000000001,1.8230000000000002,-0.009000000000000001,-0.171,-0.07200000000000001,0.11800000000000001,-0.038,0.004,-0.479,-0.138,0.024,-0.591,0.002,-0.8059999999999999
W120A,ddG:,8.408999999999999,19.125,-3.475,-6.079,-0.040999999999999995,1.089,-0.013999999999999999,-0.166,-0.26899999999999996,2.035,-1.6380000000000001,0.003,0.38799999999999996,-1.054,-1.092,0.07200000000000001,-0.016,-0.46
W120F,ddG:,0.135,6.55,-1.271,-5.055,0.012,-0.193,0.006,-0.433,-0.06,0.611,0.6829999999999999,0.004,-0.069,0.317,0.273,-0.629,0.005,-0.615
W120H,ddG:,5.704,6.756,-4.154,-0.662,0.001,1.273,0.026000000000000002,0.519,-0.12300000000000001,0.6659999999999999,0.302,-0.006,-0.063,0.473,1.229,0.36,-0.048,-0.846
W120N,ddG:,5.4879999999999995,11.573,-5.672000000000001,1.7830000000000001,-0.044000000000000004,0.109,0.032,-0.223,-0.065,0.632,0.8190000000000001,0.005,-0.149,-0.21899999999999997,-0.75,0.062,0.02,-2.425
W325A,ddG:,8.539,10.259,-2.5669999999999997,1.383,-0.032,1.423,-0.03,0.159,-0.045,0.154,-0.149,-0.002,0.057999999999999996,0.044000000000000004,-2.294,0.7170000000000001,-0.078,-0.46
W325C,ddG:,5.444,12.007,0.23600000000000002,-2.642,-0.023,0.066,-0.011000000000000001,-0.086,0.036000000000000004,0.096,-1.081,0.003,-0.06,0.312,-2.557,-0.066,0.005,-0.79
W325E,ddG:,7.444,12.686,-1.9880000000000002,-2.935,-0.052000000000000005,2.827,0.008,0.165,0.071,0.027999999999999997,1.133,-0.024,-0.037000000000000005,-0.128,-1.489,0.363,0.013000000000000001,-3.195
W325G,ddG:,7.399,19.192,1.146,-8.757,-0.046,-0.156,0.001,0.011000000000000001,0.052000000000000005,1.676,-1.2690000000000001,-0.004,0.715,-0.706,-4.371,1.002,-0.027000000000000003,-1.061
W325H,ddG:,6.526,4.821000000000001,-0.423,2.228,0.003,0.475,0.02,0.24100000000000002,0.07,0.27,-0.03,-0.003,-0.138,-0.384,-0.034,0.28,-0.023,-0.846
W325K,ddG:,6.024,6.972,-0.7509999999999999,5.3839999999999995,-0.034,-0.982,-0.099,0.12,0.091,0.313,-0.7879999999999999,0.003,-0.21600000000000003,-0.9490000000000001,-1.8980000000000001,0.474,-0.024,-1.5930000000000002
W325L,ddG:,3.385,11.247,0.647,-4.833,-0.045,0.657,-0.015,-0.319,-0.07,1.4069999999999998,-1.263,0.025,0.18,-0.35200000000000004,-3.323,-0.024,-0.061,-0.473
W325R,ddG:,8.044,1.797,-1.339,9.436,-0.01,-0.604,-0.006,-0.006,-0.09,0.155,-0.9359999999999999,0.002,-0.009000000000000001,-0.807,1.6569999999999998,0.384,-0.02,-1.558
W325Y,ddG:,2.685,6.787999999999999,0.528,-4.525,-0.01,2.46,-0.009000000000000001,-0.134,-0.073,-0.466,1.3019999999999998,0.001,0.013999999999999999,-0.215,-2.0269999999999997,0.147,-0.025,-1.072
W34A,ddG:,11.982000000000001,25.274,-4.311,-7.126,0.0,-0.415,0.034,0.389,0.139,-0.10400000000000001,0.934,-0.001,-0.261,-0.099,-2.0340000000000003,-0.04,0.065,-0.46
W399A,ddG:,4.596,23.964000000000002,-0.626,-16.989,-0.036000000000000004,1.5730000000000002,0.022000000000000002,0.192,0.122,0.09699999999999999,1.28,0.002,-0.244,-0.395,-3.736,-0.17300000000000001,0.004,-0.46
W399C,ddG:,5.1080000000000005,13.415,-2.9210000000000003,-1.043,0.006,-3.3289999999999997,0.005,0.19,0.034,-1.429,1.255,0.024,-0.18899999999999997,-0.096,-0.183,0.125,0.034,-0.79
W399G,ddG:,8.499,30.605,-1.66,-21.184,-0.027000000000000003,2.76,-0.017,-0.094,-0.01,0.187,1.416,0.003,0.555,-0.429,-2.9330000000000003,0.449,-0.06,-1.061
W399H,ddG:,3.846,17.524,-1.781,-14.08,0.003,1.9080000000000001,0.01,0.212,0.096,1.33,0.451,0.003,-0.106,-0.2,-0.608,-0.09699999999999999,0.027999999999999997,-0.846
W399R,ddG:,9.4,12.3,-0.946,0.35,0.005,-0.467,0.016,0.013000000000000001,0.015,0.426,-0.96,-0.024,-0.003,-0.131,0.39399999999999996,-0.062,0.033,-1.558
W399S,ddG:,5.349,26.73,-1.213,-19.785,-0.009000000000000001,2.969,0.094,-0.059000000000000004,0.045,-1.232,2.313,0.002,0.156,1.206,-4.571000000000001,-0.17600000000000002,-0.053,-1.069
W407A,ddG:,6.7,26.901,-3.734,-13.238,-0.039,3.261,0.003,-0.244,-0.037000000000000005,0.076,1.115,0.004,0.017,0.379,-6.045,-1.247,-0.011000000000000001,-0.46
W407G,ddG:,4.7410000000000005,28.930999999999997,-2.036,-12.322000000000001,-0.038,-1.16,-0.02,-0.331,-0.028999999999999998,0.191,0.005,-0.016,-0.361,-0.821,-4.81,-1.391,0.009000000000000001,-1.061
W407K,ddG:,13.238,17.589000000000002,-0.29600000000000004,-2.87,-0.019,2.207,-0.008,-0.228,0.115,-0.039,1.1520000000000001,0.002,0.136,0.831,-3.002,-0.74,-0.001,-1.5930000000000002
W407Q,ddG:,7.524,8.607000000000001,-1.9580000000000002,5.121,-0.001,-0.978,0.0,-0.23399999999999999,-0.11,0.095,-1.236,0.001,0.391,-0.191,1.876,-1.061,-0.045,-2.7510000000000003
W407R,ddG:,9.386000000000001,9.597999999999999,-0.8909999999999999,3.824,-0.016,0.9390000000000001,-0.011000000000000001,-0.067,-0.099,0.33399999999999996,0.11,-0.001,0.508,-0.635,-1.567,-1.058,-0.022000000000000002,-1.558
W407Y,ddG:,4.275,6.442,-0.726,1.7819999999999998,-0.018000000000000002,-0.721,0.0,0.315,0.06,1.392,-2.083,-0.004,0.632,-0.327,-0.354,-1.035,-0.006,-1.072
W409A,ddG:,3.156,12.677,0.252,-6.939,-0.02,1.0659999999999998,-0.011000000000000001,0.22,0.106,0.113,0.095,0.0,-0.175,-1.024,-2.478,-0.23800000000000002,-0.028999999999999998,-0.46
W409E,ddG:,2.915,5.042,-0.601,3.18,-0.025,-1.351,0.008,0.413,0.124,-0.040999999999999995,-0.071,-0.002,-0.33,-0.667,0.595,-0.18600000000000003,0.024,-3.195
W409Y,ddG:,2.4130000000000003,8.047,0.036000000000000004,-8.686,0.0,3.7030000000000003,-0.022000000000000002,-0.059000000000000004,0.004,-0.934,2.276,-0.012,-0.127,-0.529,-0.139,-0.045,-0.028999999999999998,-1.072
Y118F,ddG:,-0.733,-0.8740000000000001,-0.612,1.048,0.003,-1.956,0.017,0.028999999999999998,-0.07,-0.177,1.369,0.001,-0.14,0.183,0.025,-0.049,0.012,0.457
Y166E,ddG:,6.309,3.593,-1.611,6.526,-0.023,-0.973,0.005,-0.077,0.28300000000000003,0.461,-1.23,0.001,0.33,-0.028999999999999998,1.3159999999999998,-0.156,0.017,-2.123
Y166F,ddG:,0.586,9.144,0.9209999999999999,-13.319,-0.015,4.626,-0.017,-0.205,0.013999999999999999,0.21,1.21,0.004,0.132,-0.121,-2.274,-0.163,-0.019,0.457
Y166K,ddG:,9.023,6.272,-0.546,3.37,-0.019,-0.45399999999999996,-0.009000000000000001,-0.242,0.022000000000000002,0.016,0.033,-0.022000000000000002,-0.08,-0.313,1.436,0.059000000000000004,0.021,-0.521
Y166P,ddG:,5.644,5.65,3.7739999999999996,-1.092,-0.037000000000000005,0.127,0.626,0.225,0.049,0.10300000000000001,-1.339,-0.006,0.685,-0.152,-2.642,0.091,-0.004,-0.413
Y18A,ddG:,7.183,12.83,-0.609,-6.093,-0.03,1.125,0.001,0.048,-0.075,-0.324,0.622,0.02,-0.386,-0.8109999999999999,0.586,-0.304,-0.027000000000000003,0.611
Y294A,ddG:,6.43,17.689,0.11,-5.885,-0.035,-1.489,-0.025,-0.292,-0.040999999999999995,1.263,-1.023,0.003,0.441,0.915,-5.712000000000001,-0.055,-0.044000000000000004,0.611
Y294F,ddG:,-0.777,3.594,-1.202,-5.329,-0.006,0.9540000000000001,0.021,0.106,0.081,1.358,-1.071,-0.005,0.094,0.009000000000000001,-0.024,0.218,-0.032,0.457
Y294H,ddG:,2.352,5.148,-0.26,-1.851,-0.031,0.115,0.09,-0.027000000000000003,-0.046,-1.072,0.248,0.006,-0.08900000000000001,0.222,-0.184,-0.109,-0.033,0.226
Y294L,ddG:,9.068,10.267999999999999,2.119,-5.779,-0.013999999999999999,0.292,0.008,-0.098,0.161,0.17,-0.003,-0.001,0.28,0.838,-0.081,0.298,0.009000000000000001,0.599
Y295A,ddG:,8.777999999999999,17.935,0.05,-12.062999999999999,-0.033,3.1010000000000004,-0.026000000000000002,-0.09300000000000001,0.033,1.767,-0.78,0.02,0.46299999999999997,0.155,-2.575,0.354,-0.139,0.611
Y295W,ddG:,2.7489999999999997,-4.113,-0.856,3.097,0.013999999999999999,1.015,0.025,0.377,0.05,-1.148,1.797,-0.012,0.21899999999999997,-0.32899999999999996,1.52,0.10099999999999999,-0.08,1.072
