SCORE:,score,fa_atr,fa_rep,fa_sol,fa_intra_rep,fa_elec,pro_close,hbond_sr_bb,hbond_lr_bb,hbond_bb_sc,hbond_sc,dslf_fa13,rama,omega,fa_dun,p_aa_pp,yhh_planarity,ref,description
A192S,-1472.682,-3503.422,265.283,1855.55,5.105,-242.50400000000002,1.6980000000000002,-130.483,-72.232,-49.33,-86.58,-1.193,-30.608,32.223,574.09,-77.054,1.121,-14.347000000000001,repacked_wt_round_1
A227W,-1472.634,-3503.42,265.289,1855.536,5.105,-242.44,1.703,-130.483,-72.232,-49.306999999999995,-86.551,-1.193,-30.608,32.223,574.031,-77.054,1.113,-14.347000000000001,repacked_wt_round_1
A236E,-1472.629,-3503.388,265.253,1855.516,5.105,-242.44099999999997,1.7009999999999998,-130.483,-72.232,-49.303999999999995,-86.542,-1.193,-30.608,32.223,574.057,-77.054,1.109,-14.347000000000001,repacked_wt_round_1
A249E,-1472.638,-3503.413,265.316,1855.517,5.105,-242.451,1.706,-130.483,-72.232,-49.305,-86.545,-1.193,-30.608,32.223,574.011,-77.054,1.113,-14.347000000000001,repacked_wt_round_1
A306N,-1472.635,-3503.386,265.272,1855.509,5.105,-242.453,1.7009999999999998,-130.483,-72.232,-49.303000000000004,-86.544,-1.193,-30.608,32.223,574.044,-77.054,1.112,-14.347000000000001,repacked_wt_round_1
A356A,-1472.675,-3503.366,265.246,1855.486,5.1080000000000005,-242.47,1.703,-130.483,-72.232,-49.303000000000004,-86.552,-1.193,-30.608,32.223,574.078,-77.054,1.089,-14.347000000000001,repacked_wt_round_1
A357A,-1472.624,-3503.365,265.311,1855.464,5.105,-242.46599999999998,1.704,-130.483,-72.232,-49.298,-86.553,-1.193,-30.608,32.223,574.075,-77.054,1.093,-14.347000000000001,repacked_wt_round_1
A408A,-1471.882,-3504.0009999999997,265.194,1855.335,5.107,-241.942,1.7009999999999998,-130.483,-72.232,-49.341,-86.542,-1.193,-30.608,32.223,575.187,-77.054,1.112,-14.347000000000001,repacked_wt_round_1
C167A,-1472.6779999999999,-3503.427,265.302,1855.5510000000002,5.105,-242.523,1.699,-130.483,-72.232,-49.327,-86.571,-1.193,-30.608,32.223,574.0930000000001,-77.054,1.114,-14.347000000000001,repacked_wt_round_1
C167F,-1472.6779999999999,-3503.427,265.302,1855.5510000000002,5.105,-242.523,1.699,-130.483,-72.232,-49.327,-86.571,-1.193,-30.608,32.223,574.0930000000001,-77.054,1.114,-14.347000000000001,repacked_wt_round_1
C167Q,-1472.6779999999999,-3503.427,265.302,1855.5510000000002,5.105,-242.523,1.699,-130.483,-72.232,-49.327,-86.571,-1.193,-30.608,32.223,574.0930000000001,-77.054,1.114,-14.347000000000001,repacked_wt_round_1
C167S,-1472.6779999999999,-3503.427,265.302,1855.5510000000002,5.105,-242.523,1.699,-130.483,-72.232,-49.327,-86.571,-1.193,-30.608,32.223,574.0930000000001,-77.054,1.114,-14.347000000000001,repacked_wt_round_1
D121F,-1472.6370000000002,-3503.386,265.286,1855.511,5.105,-242.46099999999998,1.702,-130.483,-72.232,-49.305,-86.545,-1.193,-30.608,32.223,574.036,-77.054,1.113,-14.347000000000001,repacked_wt_round_1
D322A,-1471.28,-3501.5959999999995,265.21299999999997,1853.5,5.102,-240.38,1.699,-130.483,-72.232,-49.303000000000004,-86.304,-1.193,-30.608,32.223,573.38,-77.054,1.102,-14.347000000000001,repacked_wt_round_1
D403A,-1472.513,-3503.3740000000003,265.21,1855.5120000000002,5.104,-242.32,1.703,-130.483,-72.232,-49.333,-86.555,-1.192,-30.608,32.223,574.1,-77.054,1.133,-14.347000000000001,repacked_wt_round_1
E154D,-1472.61,-3503.377,265.276,1855.4979999999998,5.104,-242.43200000000002,1.702,-130.483,-72.232,-49.302,-86.541,-1.193,-30.608,32.223,574.0419999999999,-77.054,1.113,-14.347000000000001,repacked_wt_round_1
E164A,-1472.6229999999998,-3503.4309999999996,265.254,1855.555,5.105,-242.424,1.702,-130.483,-72.232,-49.31399999999999,-86.529,-1.192,-30.608,32.223,574.011,-77.054,1.14,-14.347000000000001,repacked_wt_round_1
E164D,-1472.622,-3503.4120000000003,265.237,1855.529,5.105,-242.40599999999998,1.702,-130.483,-72.232,-49.31100000000001,-86.52600000000001,-1.193,-30.608,32.223,574.016,-77.054,1.137,-14.347000000000001,repacked_wt_round_1
E164G,-1472.6229999999998,-3503.4309999999996,265.254,1855.555,5.105,-242.424,1.702,-130.483,-72.232,-49.31399999999999,-86.529,-1.192,-30.608,32.223,574.011,-77.054,1.14,-14.347000000000001,repacked_wt_round_1
E164R,-1472.6229999999998,-3503.4309999999996,265.254,1855.555,5.105,-242.424,1.702,-130.483,-72.232,-49.31399999999999,-86.529,-1.192,-30.608,32.223,574.011,-77.054,1.14,-14.347000000000001,repacked_wt_round_1
E177A,-1471.489,-3502.888,265.392,1855.154,5.11,-241.78799999999998,1.7009999999999998,-130.483,-72.232,-49.305,-86.541,-1.193,-30.608,32.223,574.255,-77.054,1.113,-14.347000000000001,repacked_wt_round_1
E177D,-1471.489,-3502.888,265.392,1855.154,5.11,-241.78799999999998,1.7009999999999998,-130.483,-72.232,-49.305,-86.541,-1.193,-30.608,32.223,574.255,-77.054,1.113,-14.347000000000001,repacked_wt_round_1
E177K,-1471.489,-3502.888,265.392,1855.154,5.11,-241.78799999999998,1.7009999999999998,-130.483,-72.232,-49.305,-86.541,-1.193,-30.608,32.223,574.255,-77.054,1.113,-14.347000000000001,repacked_wt_round_1
E177L,-1471.489,-3502.888,265.392,1855.154,5.11,-241.78799999999998,1.7009999999999998,-130.483,-72.232,-49.305,-86.541,-1.193,-30.608,32.223,574.255,-77.054,1.113,-14.347000000000001,repacked_wt_round_1
E177N,-1471.489,-3502.888,265.392,1855.154,5.11,-241.78799999999998,1.7009999999999998,-130.483,-72.232,-49.305,-86.541,-1.193,-30.608,32.223,574.255,-77.054,1.113,-14.347000000000001,repacked_wt_round_1
E177S,-1471.489,-3502.888,265.392,1855.154,5.11,-241.78799999999998,1.7009999999999998,-130.483,-72.232,-49.305,-86.541,-1.193,-30.608,32.223,574.255,-77.054,1.113,-14.347000000000001,repacked_wt_round_1
E222A,-1472.642,-3503.403,265.277,1855.4879999999998,5.105,-242.46599999999998,1.703,-130.483,-72.232,-49.306999999999995,-86.536,-1.192,-30.608,32.223,574.073,-77.054,1.115,-14.347000000000001,repacked_wt_round_1
E222H,-1472.642,-3503.403,265.277,1855.4879999999998,5.105,-242.46599999999998,1.703,-130.483,-72.232,-49.306999999999995,-86.536,-1.192,-30.608,32.223,574.073,-77.054,1.115,-14.347000000000001,repacked_wt_round_1
E222K,-1472.642,-3503.403,265.277,1855.4879999999998,5.105,-242.46599999999998,1.703,-130.483,-72.232,-49.306999999999995,-86.536,-1.192,-30.608,32.223,574.073,-77.054,1.115,-14.347000000000001,repacked_wt_round_1
E222Q,-1472.642,-3503.403,265.277,1855.4879999999998,5.105,-242.46599999999998,1.703,-130.483,-72.232,-49.306999999999995,-86.536,-1.192,-30.608,32.223,574.073,-77.054,1.115,-14.347000000000001,repacked_wt_round_1
E222R,-1472.642,-3503.403,265.277,1855.4879999999998,5.105,-242.46599999999998,1.703,-130.483,-72.232,-49.306999999999995,-86.536,-1.192,-30.608,32.223,574.073,-77.054,1.115,-14.347000000000001,repacked_wt_round_1
E222Y,-1472.642,-3503.403,265.277,1855.4879999999998,5.105,-242.46599999999998,1.703,-130.483,-72.232,-49.306999999999995,-86.536,-1.192,-30.608,32.223,574.073,-77.054,1.115,-14.347000000000001,repacked_wt_round_1
E353A,-1472.639,-3503.408,265.263,1855.491,5.105,-242.453,1.702,-130.483,-72.232,-49.31,-86.546,-1.193,-30.608,32.223,574.089,-77.054,1.123,-14.347000000000001,repacked_wt_round_1
E353F,-1472.639,-3503.408,265.263,1855.491,5.105,-242.453,1.702,-130.483,-72.232,-49.31,-86.546,-1.193,-30.608,32.223,574.089,-77.054,1.123,-14.347000000000001,repacked_wt_round_1
E388C,-1471.44,-3505.3109999999997,265.519,1857.9979999999998,5.104,-242.09799999999998,1.706,-130.483,-72.232,-49.301,-86.545,-1.193,-30.608,32.223,574.0740000000001,-77.054,1.1059999999999999,-14.347000000000001,repacked_wt_round_1
E406A,-1471.365,-3504.554,265.22,1855.8029999999999,5.105,-241.05200000000002,1.705,-130.483,-72.232,-49.347,-86.53299999999999,-1.194,-30.608,32.223,574.863,-77.054,1.12,-14.347000000000001,repacked_wt_round_1
E406D,-1471.724,-3504.531,265.187,1855.7879999999998,5.105,-241.424,1.705,-130.483,-72.232,-49.358000000000004,-86.524,-1.192,-30.608,32.223,574.876,-77.054,1.1440000000000001,-14.347000000000001,repacked_wt_round_1
E406N,-1471.365,-3504.554,265.22,1855.8029999999999,5.105,-241.05200000000002,1.705,-130.483,-72.232,-49.347,-86.53299999999999,-1.194,-30.608,32.223,574.863,-77.054,1.12,-14.347000000000001,repacked_wt_round_1
E406Q,-1471.365,-3504.554,265.22,1855.8029999999999,5.105,-241.05200000000002,1.705,-130.483,-72.232,-49.347,-86.53299999999999,-1.194,-30.608,32.223,574.863,-77.054,1.12,-14.347000000000001,repacked_wt_round_1
E406V,-1471.589,-3504.534,265.19599999999997,1855.787,5.105,-241.28599999999997,1.705,-130.483,-72.232,-49.352,-86.52799999999999,-1.192,-30.608,32.223,574.874,-77.054,1.136,-14.347000000000001,repacked_wt_round_1
E426S,-1472.496,-3503.4159999999997,265.303,1855.533,5.105,-242.33,1.7069999999999999,-130.483,-72.232,-49.317,-86.53200000000001,-1.193,-30.608,32.223,574.02,-77.054,1.123,-14.347000000000001,repacked_wt_round_1
F248K,-1472.641,-3503.406,265.293,1855.519,5.105,-242.454,1.7080000000000002,-130.483,-72.232,-49.308,-86.544,-1.193,-30.608,32.223,574.0219999999999,-77.054,1.1179999999999999,-14.347000000000001,repacked_wt_round_1
F343S,-1472.602,-3503.434,265.29200000000003,1855.5629999999999,5.105,-242.44400000000002,1.7069999999999999,-130.483,-72.232,-49.315,-86.52799999999999,-1.193,-30.608,32.223,574.023,-77.054,1.122,-14.347000000000001,repacked_wt_round_1
F405A,-1472.6329999999998,-3503.3759999999997,265.277,1855.513,5.105,-242.459,1.7009999999999998,-130.483,-72.232,-49.305,-86.545,-1.193,-30.608,32.223,574.039,-77.054,1.111,-14.347000000000001,repacked_wt_round_1
F415A,-1472.634,-3503.385,265.283,1855.5020000000002,5.104,-242.447,1.7,-130.483,-72.232,-49.31,-86.53399999999999,-1.193,-30.608,32.223,574.036,-77.054,1.11,-14.347000000000001,repacked_wt_round_1
F415D,-1472.634,-3503.385,265.283,1855.5020000000002,5.104,-242.447,1.7,-130.483,-72.232,-49.31,-86.53399999999999,-1.193,-30.608,32.223,574.036,-77.054,1.11,-14.347000000000001,repacked_wt_round_1
F415N,-1472.634,-3503.385,265.283,1855.5020000000002,5.104,-242.447,1.7,-130.483,-72.232,-49.31,-86.53399999999999,-1.193,-30.608,32.223,574.036,-77.054,1.11,-14.347000000000001,repacked_wt_round_1
F72H,-1472.036,-3503.297,265.302,1855.32,5.103,-241.69400000000002,1.6980000000000002,-130.483,-72.232,-48.518,-86.56200000000001,-1.193,-30.608,32.223,573.194,-77.054,1.112,-14.347000000000001,repacked_wt_round_1
G12N,-1472.682,-3503.472,265.269,1855.614,5.105,-242.581,1.704,-130.483,-72.232,-49.305,-86.538,-1.193,-30.608,32.223,574.102,-77.054,1.113,-14.347000000000001,repacked_wt_round_1
G153A,-1470.759,-3499.724,264.803,1851.7910000000002,5.104,-241.08700000000002,1.7069999999999999,-130.483,-72.232,-49.312,-85.415,-1.193,-30.608,32.223,573.945,-77.054,1.122,-14.347000000000001,repacked_wt_round_1
G355A,-1472.645,-3503.414,265.297,1855.5220000000002,5.103,-242.453,1.71,-130.483,-72.232,-49.318000000000005,-86.525,-1.193,-30.608,32.223,574.011,-77.054,1.117,-14.347000000000001,repacked_wt_round_1
H101R,-1472.6470000000002,-3503.441,265.29900000000004,1855.558,5.105,-242.484,1.705,-130.483,-72.232,-49.317,-86.53299999999999,-1.193,-30.608,32.223,574.036,-77.054,1.1179999999999999,-14.347000000000001,repacked_wt_round_1
H119A,-1472.635,-3503.381,265.29,1855.504,5.105,-242.46099999999998,1.703,-130.483,-72.232,-49.308,-86.53299999999999,-1.193,-30.608,32.223,574.0269999999999,-77.054,1.111,-14.347000000000001,repacked_wt_round_1
H119D,-1471.7179999999998,-3503.4429999999998,265.486,1855.184,5.106,-241.55599999999998,1.704,-130.483,-72.232,-49.303999999999995,-86.46700000000001,-1.193,-30.608,32.223,574.158,-77.054,1.1079999999999999,-14.347000000000001,repacked_wt_round_1
H119E,-1471.7179999999998,-3503.4429999999998,265.486,1855.184,5.106,-241.55599999999998,1.704,-130.483,-72.232,-49.303999999999995,-86.46700000000001,-1.193,-30.608,32.223,574.158,-77.054,1.1079999999999999,-14.347000000000001,repacked_wt_round_1
H119N,-1472.635,-3503.381,265.29,1855.504,5.105,-242.46099999999998,1.703,-130.483,-72.232,-49.308,-86.53299999999999,-1.193,-30.608,32.223,574.0269999999999,-77.054,1.111,-14.347000000000001,repacked_wt_round_1
H119Q,-1471.749,-3503.4559999999997,265.51099999999997,1855.17,5.105,-241.55900000000003,1.704,-130.483,-72.232,-49.309,-86.444,-1.193,-30.608,32.223,574.1080000000001,-77.054,1.114,-14.347000000000001,repacked_wt_round_1
H119S,-1471.7179999999998,-3503.4429999999998,265.486,1855.184,5.106,-241.55599999999998,1.704,-130.483,-72.232,-49.303999999999995,-86.46700000000001,-1.193,-30.608,32.223,574.158,-77.054,1.1079999999999999,-14.347000000000001,repacked_wt_round_1
H178A,-1471.869,-3502.882,265.262,1855.124,5.105,-242.09799999999998,1.703,-130.483,-72.232,-49.324,-86.54799999999999,-1.193,-30.608,32.223,574.349,-77.054,1.133,-14.347000000000001,repacked_wt_round_1
H178C,-1471.869,-3502.882,265.262,1855.124,5.105,-242.09799999999998,1.703,-130.483,-72.232,-49.324,-86.54799999999999,-1.193,-30.608,32.223,574.349,-77.054,1.133,-14.347000000000001,repacked_wt_round_1
H178F,-1471.869,-3502.882,265.262,1855.124,5.105,-242.09799999999998,1.703,-130.483,-72.232,-49.324,-86.54799999999999,-1.193,-30.608,32.223,574.349,-77.054,1.133,-14.347000000000001,repacked_wt_round_1
H178K,-1471.869,-3502.882,265.262,1855.124,5.105,-242.09799999999998,1.703,-130.483,-72.232,-49.324,-86.54799999999999,-1.193,-30.608,32.223,574.349,-77.054,1.133,-14.347000000000001,repacked_wt_round_1
H178N,-1471.869,-3502.882,265.262,1855.124,5.105,-242.09799999999998,1.703,-130.483,-72.232,-49.324,-86.54799999999999,-1.193,-30.608,32.223,574.349,-77.054,1.133,-14.347000000000001,repacked_wt_round_1
H178R,-1471.869,-3502.882,265.262,1855.124,5.105,-242.09799999999998,1.703,-130.483,-72.232,-49.324,-86.54799999999999,-1.193,-30.608,32.223,574.349,-77.054,1.133,-14.347000000000001,repacked_wt_round_1
H178W,-1471.869,-3502.882,265.262,1855.124,5.105,-242.09799999999998,1.703,-130.483,-72.232,-49.324,-86.54799999999999,-1.193,-30.608,32.223,574.349,-77.054,1.133,-14.347000000000001,repacked_wt_round_1
H315A,-1472.641,-3503.4320000000002,265.301,1855.5510000000002,5.105,-242.47099999999998,1.7080000000000002,-130.483,-72.232,-49.317,-86.53,-1.193,-30.608,32.223,574.015,-77.054,1.122,-14.347000000000001,repacked_wt_round_1
H315D,-1472.641,-3503.4320000000002,265.301,1855.5510000000002,5.105,-242.47099999999998,1.7080000000000002,-130.483,-72.232,-49.317,-86.53,-1.193,-30.608,32.223,574.015,-77.054,1.122,-14.347000000000001,repacked_wt_round_1
H315E,-1472.641,-3503.4320000000002,265.301,1855.5510000000002,5.105,-242.47099999999998,1.7080000000000002,-130.483,-72.232,-49.317,-86.53,-1.193,-30.608,32.223,574.015,-77.054,1.122,-14.347000000000001,repacked_wt_round_1
H315N,-1472.641,-3503.4320000000002,265.301,1855.5510000000002,5.105,-242.47099999999998,1.7080000000000002,-130.483,-72.232,-49.317,-86.53,-1.193,-30.608,32.223,574.015,-77.054,1.122,-14.347000000000001,repacked_wt_round_1
H315R,-1472.641,-3503.4320000000002,265.301,1855.5510000000002,5.105,-242.47099999999998,1.7080000000000002,-130.483,-72.232,-49.317,-86.53,-1.193,-30.608,32.223,574.015,-77.054,1.122,-14.347000000000001,repacked_wt_round_1
H315Y,-1472.641,-3503.4320000000002,265.301,1855.5510000000002,5.105,-242.47099999999998,1.7080000000000002,-130.483,-72.232,-49.317,-86.53,-1.193,-30.608,32.223,574.015,-77.054,1.122,-14.347000000000001,repacked_wt_round_1
H328N,-1469.7160000000001,-3504.75,265.12,1857.854,5.102,-240.675,1.7069999999999999,-130.483,-72.232,-49.31100000000001,-86.566,-1.192,-30.608,32.223,574.395,-77.054,1.102,-14.347000000000001,repacked_wt_round_1
H373R,-1472.5610000000001,-3503.361,265.257,1855.4879999999998,5.104,-242.38,1.704,-130.483,-72.232,-49.302,-86.54299999999999,-1.193,-30.608,32.223,574.056,-77.054,1.1079999999999999,-14.347000000000001,repacked_wt_round_1
H379R,-1472.644,-3503.415,265.315,1855.5179999999998,5.105,-242.46900000000002,1.709,-130.483,-72.232,-49.31,-86.531,-1.193,-30.608,32.223,574.009,-77.054,1.119,-14.347000000000001,repacked_wt_round_1
H379T,-1472.644,-3503.415,265.315,1855.5179999999998,5.105,-242.46900000000002,1.709,-130.483,-72.232,-49.31,-86.531,-1.193,-30.608,32.223,574.009,-77.054,1.119,-14.347000000000001,repacked_wt_round_1
I20C,-1472.4620000000002,-3503.4120000000003,265.306,1855.537,5.105,-242.27599999999998,1.7009999999999998,-130.483,-72.232,-49.31100000000001,-86.557,-1.193,-30.608,32.223,574.013,-77.054,1.125,-14.347000000000001,repacked_wt_round_1
I244E,-1472.64,-3503.3990000000003,265.32099999999997,1855.5220000000002,5.105,-242.452,1.702,-130.483,-72.232,-49.31,-86.545,-1.194,-30.608,32.223,573.997,-77.054,1.114,-14.347000000000001,repacked_wt_round_1
I244M,-1472.64,-3503.3990000000003,265.32099999999997,1855.5220000000002,5.105,-242.452,1.702,-130.483,-72.232,-49.31,-86.545,-1.194,-30.608,32.223,573.997,-77.054,1.114,-14.347000000000001,repacked_wt_round_1
I244N,-1472.635,-3503.4040000000005,265.31,1855.5339999999999,5.105,-242.457,1.7,-130.483,-72.232,-49.31100000000001,-86.542,-1.194,-30.608,32.223,574.012,-77.054,1.113,-14.347000000000001,repacked_wt_round_1
I244V,-1472.635,-3503.4040000000005,265.31,1855.5339999999999,5.105,-242.457,1.7,-130.483,-72.232,-49.31100000000001,-86.542,-1.194,-30.608,32.223,574.012,-77.054,1.113,-14.347000000000001,repacked_wt_round_1
I300N,-1472.636,-3503.445,265.29400000000004,1855.5710000000001,5.105,-242.455,1.7069999999999999,-130.483,-72.232,-49.313,-86.542,-1.193,-30.608,32.223,574.018,-77.054,1.1179999999999999,-14.347000000000001,repacked_wt_round_1
I91E,-1472.63,-3503.377,265.306,1855.506,5.105,-242.47,1.706,-130.483,-72.232,-49.305,-86.54899999999999,-1.193,-30.608,32.223,574.036,-77.054,1.1059999999999999,-14.347000000000001,repacked_wt_round_1
K341A,-1472.672,-3503.518,265.35200000000003,1855.601,5.106,-242.547,1.702,-130.483,-72.232,-49.303000000000004,-86.554,-1.193,-30.608,32.223,574.075,-77.054,1.109,-14.347000000000001,repacked_wt_round_1
K413A,-1471.3629999999998,-3504.551,265.226,1855.7939999999999,5.106,-241.102,1.709,-130.483,-72.232,-49.338,-86.541,-1.193,-30.608,32.223,574.924,-77.054,1.105,-14.347000000000001,repacked_wt_round_1
L108N,-1472.639,-3503.417,265.29400000000004,1855.5410000000002,5.105,-242.468,1.705,-130.483,-72.232,-49.312,-86.557,-1.194,-30.608,32.223,574.049,-77.054,1.114,-14.347000000000001,repacked_wt_round_1
L171A,-1471.569,-3502.975,265.403,1855.219,5.1080000000000005,-241.87400000000002,1.704,-130.483,-72.232,-49.312,-86.55799999999999,-1.193,-30.608,32.223,574.298,-77.054,1.112,-14.347000000000001,repacked_wt_round_1
L171D,-1471.569,-3502.975,265.403,1855.219,5.1080000000000005,-241.87400000000002,1.704,-130.483,-72.232,-49.312,-86.55799999999999,-1.193,-30.608,32.223,574.298,-77.054,1.112,-14.347000000000001,repacked_wt_round_1
L171E,-1471.569,-3502.975,265.403,1855.219,5.1080000000000005,-241.87400000000002,1.704,-130.483,-72.232,-49.312,-86.55799999999999,-1.193,-30.608,32.223,574.298,-77.054,1.112,-14.347000000000001,repacked_wt_round_1
L171N,-1471.569,-3502.975,265.403,1855.219,5.1080000000000005,-241.87400000000002,1.704,-130.483,-72.232,-49.312,-86.55799999999999,-1.193,-30.608,32.223,574.298,-77.054,1.112,-14.347000000000001,repacked_wt_round_1
L171R,-1471.569,-3502.975,265.403,1855.219,5.1080000000000005,-241.87400000000002,1.704,-130.483,-72.232,-49.312,-86.55799999999999,-1.193,-30.608,32.223,574.298,-77.054,1.112,-14.347000000000001,repacked_wt_round_1
L219A,-1472.639,-3503.413,265.322,1855.523,5.105,-242.46200000000002,1.7080000000000002,-130.483,-72.232,-49.306000000000004,-86.55,-1.193,-30.608,32.223,574.013,-77.054,1.113,-14.347000000000001,repacked_wt_round_1
L272N,-1472.72,-3503.4159999999997,265.215,1855.4389999999999,5.1080000000000005,-242.40599999999998,1.702,-130.483,-72.232,-49.301,-86.505,-1.193,-30.608,32.223,574.021,-77.054,1.1179999999999999,-14.347000000000001,repacked_wt_round_1
L362M,-1472.495,-3503.4359999999997,265.278,1855.5479999999998,5.106,-242.332,1.702,-130.483,-72.232,-49.302,-86.54,-1.193,-30.608,32.223,574.065,-77.054,1.109,-14.347000000000001,repacked_wt_round_1
M10Q,-1472.646,-3503.4120000000003,265.285,1855.549,5.105,-242.479,1.7080000000000002,-130.483,-72.232,-49.316,-86.53200000000001,-1.193,-30.608,32.223,574.0169999999999,-77.054,1.122,-14.347000000000001,repacked_wt_round_1
M221A,-1472.641,-3503.414,265.275,1855.501,5.105,-242.468,1.703,-130.483,-72.232,-49.308,-86.544,-1.192,-30.608,32.223,574.092,-77.054,1.111,-14.347000000000001,repacked_wt_round_1
M261E,-1472.411,-3504.397,265.30400000000003,1856.531,5.102,-241.99400000000003,1.709,-130.483,-72.232,-49.309,-86.5,-1.193,-30.608,32.223,573.72,-77.054,1.117,-14.347000000000001,repacked_wt_round_1
M323A,-1472.652,-3504.513,265.17400000000004,1855.761,5.107,-242.345,1.702,-130.483,-72.232,-49.335,-86.545,-1.193,-30.608,32.223,574.937,-77.054,1.0979999999999999,-14.347000000000001,repacked_wt_round_1
M323K,-1472.652,-3504.513,265.17400000000004,1855.761,5.107,-242.345,1.702,-130.483,-72.232,-49.335,-86.545,-1.193,-30.608,32.223,574.937,-77.054,1.0979999999999999,-14.347000000000001,repacked_wt_round_1
M323T,-1472.652,-3504.513,265.17400000000004,1855.761,5.107,-242.345,1.702,-130.483,-72.232,-49.335,-86.545,-1.193,-30.608,32.223,574.937,-77.054,1.0979999999999999,-14.347000000000001,repacked_wt_round_1
M358T,-1471.273,-3501.587,265.245,1853.483,5.102,-240.387,1.704,-130.483,-72.232,-49.303000000000004,-86.31200000000001,-1.193,-30.608,32.223,573.379,-77.054,1.095,-14.347000000000001,repacked_wt_round_1
N163A,-1471.682,-3503.485,265.48900000000003,1855.2060000000001,5.105,-241.521,1.706,-130.483,-72.232,-49.318999999999996,-86.465,-1.193,-30.608,32.223,574.164,-77.054,1.131,-14.347000000000001,repacked_wt_round_1
N163C,-1472.6070000000002,-3503.414,265.27099999999996,1855.5220000000002,5.105,-242.43599999999998,1.703,-130.483,-72.232,-49.312,-86.535,-1.193,-30.608,32.223,574.047,-77.054,1.135,-14.347000000000001,repacked_wt_round_1
N163D,-1471.707,-3503.4759999999997,265.481,1855.2020000000002,5.105,-241.545,1.705,-130.483,-72.232,-49.318000000000005,-86.456,-1.193,-30.608,32.223,574.156,-77.054,1.129,-14.347000000000001,repacked_wt_round_1
N163E,-1471.707,-3503.4759999999997,265.481,1855.2020000000002,5.105,-241.545,1.705,-130.483,-72.232,-49.318000000000005,-86.456,-1.193,-30.608,32.223,574.156,-77.054,1.129,-14.347000000000001,repacked_wt_round_1
N163K,-1471.682,-3503.485,265.48900000000003,1855.2060000000001,5.105,-241.521,1.706,-130.483,-72.232,-49.318999999999996,-86.465,-1.193,-30.608,32.223,574.164,-77.054,1.131,-14.347000000000001,repacked_wt_round_1
N163S,-1471.707,-3503.4759999999997,265.481,1855.2020000000002,5.105,-241.545,1.705,-130.483,-72.232,-49.318000000000005,-86.456,-1.193,-30.608,32.223,574.156,-77.054,1.129,-14.347000000000001,repacked_wt_round_1
N220A,-1472.619,-3503.4629999999997,265.258,1855.59,5.105,-242.44299999999998,1.7009999999999998,-130.483,-72.232,-49.318999999999996,-86.537,-1.192,-30.608,32.223,574.033,-77.054,1.147,-14.347000000000001,repacked_wt_round_1
N220D,-1472.619,-3503.4629999999997,265.258,1855.59,5.105,-242.44299999999998,1.7009999999999998,-130.483,-72.232,-49.318999999999996,-86.537,-1.192,-30.608,32.223,574.033,-77.054,1.147,-14.347000000000001,repacked_wt_round_1
N220E,-1472.619,-3503.4629999999997,265.258,1855.59,5.105,-242.44299999999998,1.7009999999999998,-130.483,-72.232,-49.318999999999996,-86.537,-1.192,-30.608,32.223,574.033,-77.054,1.147,-14.347000000000001,repacked_wt_round_1
N220G,-1472.619,-3503.4629999999997,265.258,1855.59,5.105,-242.44299999999998,1.7009999999999998,-130.483,-72.232,-49.318999999999996,-86.537,-1.192,-30.608,32.223,574.033,-77.054,1.147,-14.347000000000001,repacked_wt_round_1
N220H,-1472.619,-3503.4629999999997,265.258,1855.59,5.105,-242.44299999999998,1.7009999999999998,-130.483,-72.232,-49.318999999999996,-86.537,-1.192,-30.608,32.223,574.033,-77.054,1.147,-14.347000000000001,repacked_wt_round_1
N220K,-1472.619,-3503.4629999999997,265.258,1855.59,5.105,-242.44299999999998,1.7009999999999998,-130.483,-72.232,-49.318999999999996,-86.537,-1.192,-30.608,32.223,574.033,-77.054,1.147,-14.347000000000001,repacked_wt_round_1
N220Q,-1472.619,-3503.4629999999997,265.258,1855.59,5.105,-242.44299999999998,1.7009999999999998,-130.483,-72.232,-49.318999999999996,-86.537,-1.192,-30.608,32.223,574.033,-77.054,1.147,-14.347000000000001,repacked_wt_round_1
N220R,-1472.619,-3503.4629999999997,265.258,1855.59,5.105,-242.44299999999998,1.7009999999999998,-130.483,-72.232,-49.318999999999996,-86.537,-1.192,-30.608,32.223,574.033,-77.054,1.147,-14.347000000000001,repacked_wt_round_1
N220S,-1472.616,-3503.437,265.254,1855.555,5.105,-242.42700000000002,1.702,-130.483,-72.232,-49.313,-86.53200000000001,-1.193,-30.608,32.223,574.031,-77.054,1.141,-14.347000000000001,repacked_wt_round_1
N220Y,-1472.619,-3503.4629999999997,265.258,1855.59,5.105,-242.44299999999998,1.7009999999999998,-130.483,-72.232,-49.318999999999996,-86.537,-1.192,-30.608,32.223,574.033,-77.054,1.147,-14.347000000000001,repacked_wt_round_1
N293A,-1472.644,-3503.3990000000003,265.279,1855.477,5.105,-242.453,1.702,-130.483,-72.232,-49.31100000000001,-86.542,-1.193,-30.608,32.223,574.066,-77.054,1.125,-14.347000000000001,repacked_wt_round_1
N293C,-1472.644,-3503.3990000000003,265.279,1855.477,5.105,-242.453,1.702,-130.483,-72.232,-49.31100000000001,-86.542,-1.193,-30.608,32.223,574.066,-77.054,1.125,-14.347000000000001,repacked_wt_round_1
N293D,-1472.644,-3503.3990000000003,265.279,1855.477,5.105,-242.453,1.702,-130.483,-72.232,-49.31100000000001,-86.542,-1.193,-30.608,32.223,574.066,-77.054,1.125,-14.347000000000001,repacked_wt_round_1
N293K,-1472.644,-3503.3990000000003,265.279,1855.477,5.105,-242.453,1.702,-130.483,-72.232,-49.31100000000001,-86.542,-1.193,-30.608,32.223,574.066,-77.054,1.125,-14.347000000000001,repacked_wt_round_1
N293Q,-1472.644,-3503.3990000000003,265.279,1855.477,5.105,-242.453,1.702,-130.483,-72.232,-49.31100000000001,-86.542,-1.193,-30.608,32.223,574.066,-77.054,1.125,-14.347000000000001,repacked_wt_round_1
N293S,-1472.644,-3503.3990000000003,265.279,1855.477,5.105,-242.453,1.702,-130.483,-72.232,-49.31100000000001,-86.542,-1.193,-30.608,32.223,574.066,-77.054,1.125,-14.347000000000001,repacked_wt_round_1
N293T,-1472.644,-3503.3990000000003,265.279,1855.477,5.105,-242.453,1.702,-130.483,-72.232,-49.31100000000001,-86.542,-1.193,-30.608,32.223,574.066,-77.054,1.125,-14.347000000000001,repacked_wt_round_1
N293Y,-1472.644,-3503.3990000000003,265.279,1855.477,5.105,-242.453,1.702,-130.483,-72.232,-49.31100000000001,-86.542,-1.193,-30.608,32.223,574.066,-77.054,1.125,-14.347000000000001,repacked_wt_round_1
N354A,-1472.638,-3503.415,265.265,1855.487,5.105,-242.46400000000003,1.71,-130.483,-72.232,-49.308,-86.527,-1.193,-30.608,32.223,574.0930000000001,-77.054,1.11,-14.347000000000001,repacked_wt_round_1
N404A,-1472.467,-3503.429,265.307,1855.567,5.104,-242.292,1.7069999999999999,-130.483,-72.232,-49.315,-86.542,-1.193,-30.608,32.223,573.994,-77.054,1.127,-14.347000000000001,repacked_wt_round_1
N404C,-1472.467,-3503.429,265.307,1855.567,5.104,-242.292,1.7069999999999999,-130.483,-72.232,-49.315,-86.542,-1.193,-30.608,32.223,573.994,-77.054,1.127,-14.347000000000001,repacked_wt_round_1
N404Q,-1472.467,-3503.429,265.307,1855.567,5.104,-242.292,1.7069999999999999,-130.483,-72.232,-49.315,-86.542,-1.193,-30.608,32.223,573.994,-77.054,1.127,-14.347000000000001,repacked_wt_round_1
P329N,-1470.095,-3503.1740000000004,265.178,1855.286,5.1080000000000005,-240.953,1.704,-130.483,-72.232,-49.309,-85.516,-1.193,-30.608,32.223,574.2280000000001,-77.054,1.046,-14.347000000000001,repacked_wt_round_1
P41L,-1472.625,-3503.2470000000003,265.183,1855.4820000000002,5.102,-242.46599999999998,1.704,-130.483,-72.232,-49.306000000000004,-86.541,-1.192,-30.608,32.223,574.0459999999999,-77.054,1.11,-14.347000000000001,repacked_wt_round_1
Q19A,-1472.636,-3503.415,265.297,1855.5620000000001,5.103,-242.454,1.706,-130.483,-72.232,-49.318999999999996,-86.538,-1.193,-30.608,32.223,573.996,-77.054,1.12,-14.347000000000001,repacked_wt_round_1
Q19C,-1472.636,-3503.415,265.297,1855.5620000000001,5.103,-242.454,1.706,-130.483,-72.232,-49.318999999999996,-86.538,-1.193,-30.608,32.223,573.996,-77.054,1.12,-14.347000000000001,repacked_wt_round_1
Q19N,-1472.628,-3503.377,265.267,1855.5179999999998,5.104,-242.442,1.7009999999999998,-130.483,-72.232,-49.313,-86.539,-1.193,-30.608,32.223,574.033,-77.054,1.114,-14.347000000000001,repacked_wt_round_1
Q19P,-1472.636,-3503.415,265.297,1855.5620000000001,5.103,-242.454,1.706,-130.483,-72.232,-49.318999999999996,-86.538,-1.193,-30.608,32.223,573.996,-77.054,1.12,-14.347000000000001,repacked_wt_round_1
Q19S,-1472.636,-3503.415,265.297,1855.5620000000001,5.103,-242.454,1.706,-130.483,-72.232,-49.318999999999996,-86.538,-1.193,-30.608,32.223,573.996,-77.054,1.12,-14.347000000000001,repacked_wt_round_1
Q284R,-1472.631,-3503.39,265.278,1855.515,5.105,-242.459,1.703,-130.483,-72.232,-49.303000000000004,-86.546,-1.193,-30.608,32.223,574.0459999999999,-77.054,1.113,-14.347000000000001,repacked_wt_round_1
Q313E,-1472.616,-3503.382,265.302,1855.505,5.105,-242.47099999999998,1.705,-130.483,-72.232,-49.299,-86.552,-1.193,-30.608,32.223,574.07,-77.054,1.095,-14.347000000000001,repacked_wt_round_1
Q313R,-1472.616,-3503.382,265.302,1855.505,5.105,-242.47099999999998,1.705,-130.483,-72.232,-49.299,-86.552,-1.193,-30.608,32.223,574.07,-77.054,1.095,-14.347000000000001,repacked_wt_round_1
R240A,-1472.642,-3503.433,265.297,1855.5629999999999,5.105,-242.475,1.706,-130.483,-72.232,-49.316,-86.539,-1.193,-30.608,32.223,574.025,-77.054,1.119,-14.347000000000001,repacked_wt_round_1
R240D,-1472.642,-3503.433,265.297,1855.5629999999999,5.105,-242.475,1.706,-130.483,-72.232,-49.316,-86.539,-1.193,-30.608,32.223,574.025,-77.054,1.119,-14.347000000000001,repacked_wt_round_1
R240E,-1472.642,-3503.433,265.297,1855.5629999999999,5.105,-242.475,1.706,-130.483,-72.232,-49.316,-86.539,-1.193,-30.608,32.223,574.025,-77.054,1.119,-14.347000000000001,repacked_wt_round_1
R240K,-1472.642,-3503.433,265.297,1855.5629999999999,5.105,-242.475,1.706,-130.483,-72.232,-49.316,-86.539,-1.193,-30.608,32.223,574.025,-77.054,1.119,-14.347000000000001,repacked_wt_round_1
R76A,-1472.6689999999999,-3503.511,265.313,1855.6329999999998,5.105,-242.578,1.706,-130.483,-72.232,-49.302,-86.537,-1.193,-30.608,32.223,574.0930000000001,-77.054,1.104,-14.347000000000001,repacked_wt_round_1
R76Q,-1472.6689999999999,-3503.511,265.313,1855.6329999999998,5.105,-242.578,1.706,-130.483,-72.232,-49.302,-86.537,-1.193,-30.608,32.223,574.0930000000001,-77.054,1.104,-14.347000000000001,repacked_wt_round_1
S14A,-1472.6779999999999,-3503.466,265.286,1855.586,5.106,-242.578,1.703,-130.483,-72.232,-49.303000000000004,-86.531,-1.194,-30.608,32.223,574.106,-77.054,1.105,-14.347000000000001,repacked_wt_round_1
S16A,-1471.721,-3503.4559999999997,265.509,1855.1779999999999,5.105,-241.52900000000002,1.703,-130.483,-72.232,-49.309,-86.455,-1.193,-30.608,32.223,574.113,-77.054,1.113,-14.347000000000001,repacked_wt_round_1
S16N,-1472.632,-3503.373,265.28,1855.511,5.105,-242.463,1.704,-130.483,-72.232,-49.312,-86.539,-1.192,-30.608,32.223,574.035,-77.054,1.112,-14.347000000000001,repacked_wt_round_1
S16Q,-1471.721,-3503.4559999999997,265.509,1855.1779999999999,5.105,-241.52900000000002,1.703,-130.483,-72.232,-49.309,-86.455,-1.193,-30.608,32.223,574.113,-77.054,1.113,-14.347000000000001,repacked_wt_round_1
S16T,-1471.7479999999998,-3503.4559999999997,265.509,1855.1770000000001,5.105,-241.55700000000002,1.703,-130.483,-72.232,-49.306000000000004,-86.45,-1.193,-30.608,32.223,574.105,-77.054,1.114,-14.347000000000001,repacked_wt_round_1
S17A,-1471.723,-3503.472,265.48400000000004,1855.204,5.106,-241.528,1.6969999999999998,-130.483,-72.232,-49.305,-86.46600000000001,-1.193,-30.608,32.223,574.133,-77.054,1.1179999999999999,-14.347000000000001,repacked_wt_round_1
S17E,-1471.723,-3503.472,265.48400000000004,1855.204,5.106,-241.528,1.6969999999999998,-130.483,-72.232,-49.305,-86.46600000000001,-1.193,-30.608,32.223,574.133,-77.054,1.1179999999999999,-14.347000000000001,repacked_wt_round_1
S298E,-1472.625,-3503.389,265.313,1855.505,5.105,-242.457,1.704,-130.483,-72.232,-49.3,-86.552,-1.193,-30.608,32.223,574.033,-77.054,1.1059999999999999,-14.347000000000001,repacked_wt_round_1
S32L,-1472.641,-3503.401,265.323,1855.505,5.105,-242.468,1.705,-130.483,-72.232,-49.306999999999995,-86.54299999999999,-1.193,-30.608,32.223,574.019,-77.054,1.115,-14.347000000000001,repacked_wt_round_1
S331A,-1470.067,-3503.2,265.053,1855.3410000000001,5.1080000000000005,-240.94099999999997,1.704,-130.483,-72.232,-49.312,-85.52,-1.192,-30.608,32.223,574.347,-77.054,1.045,-14.347000000000001,repacked_wt_round_1
S400A,-1472.675,-3503.507,265.301,1855.622,5.106,-242.579,1.7080000000000002,-130.483,-72.232,-49.302,-86.551,-1.193,-30.608,32.223,574.109,-77.054,1.111,-14.347000000000001,repacked_wt_round_1
T15A,-1472.6729999999998,-3503.4790000000003,265.267,1855.598,5.106,-242.57299999999998,1.7069999999999999,-130.483,-72.232,-49.297,-86.546,-1.193,-30.608,32.223,574.127,-77.054,1.111,-14.347000000000001,repacked_wt_round_1
T175H,-1471.491,-3502.905,265.401,1855.161,5.11,-241.783,1.7009999999999998,-130.483,-72.232,-49.306999999999995,-86.54,-1.193,-30.608,32.223,574.25,-77.054,1.114,-14.347000000000001,repacked_wt_round_1
T175R,-1471.491,-3502.905,265.401,1855.161,5.11,-241.783,1.7009999999999998,-130.483,-72.232,-49.306999999999995,-86.54,-1.193,-30.608,32.223,574.25,-77.054,1.114,-14.347000000000001,repacked_wt_round_1
T218A,-1472.605,-3503.4309999999996,265.275,1855.535,5.105,-242.442,1.7009999999999998,-130.483,-72.232,-49.31399999999999,-86.53399999999999,-1.192,-30.608,32.223,574.057,-77.054,1.135,-14.347000000000001,repacked_wt_round_1
T296A,-1470.158,-3503.1890000000003,265.066,1855.3220000000001,5.111000000000001,-240.93200000000002,1.703,-130.483,-72.232,-49.32,-85.509,-1.193,-30.608,32.223,574.225,-77.054,1.057,-14.347000000000001,repacked_wt_round_1
T296E,-1470.158,-3503.1890000000003,265.066,1855.3220000000001,5.111000000000001,-240.93200000000002,1.703,-130.483,-72.232,-49.32,-85.509,-1.193,-30.608,32.223,574.225,-77.054,1.057,-14.347000000000001,repacked_wt_round_1
T352A,-1472.641,-3503.4109999999996,265.291,1855.5279999999998,5.104,-242.47,1.7080000000000002,-130.483,-72.232,-49.318999999999996,-86.546,-1.193,-30.608,32.223,574.04,-77.054,1.127,-14.347000000000001,repacked_wt_round_1
T352V,-1472.641,-3503.4109999999996,265.291,1855.5279999999998,5.104,-242.47,1.7080000000000002,-130.483,-72.232,-49.318999999999996,-86.546,-1.193,-30.608,32.223,574.04,-77.054,1.127,-14.347000000000001,repacked_wt_round_1
V147S,-1472.6329999999998,-3503.386,265.284,1855.51,5.105,-242.459,1.704,-130.483,-72.232,-49.303999999999995,-86.545,-1.193,-30.608,32.223,574.0409999999999,-77.054,1.11,-14.347000000000001,repacked_wt_round_1
V311A,-1472.6329999999998,-3503.428,265.289,1855.546,5.105,-242.44,1.705,-130.483,-72.232,-49.31,-86.54899999999999,-1.193,-30.608,32.223,574.0269999999999,-77.054,1.115,-14.347000000000001,repacked_wt_round_1
V311D,-1472.6329999999998,-3503.428,265.289,1855.546,5.105,-242.44,1.705,-130.483,-72.232,-49.31,-86.54899999999999,-1.193,-30.608,32.223,574.0269999999999,-77.054,1.115,-14.347000000000001,repacked_wt_round_1
V320Q,-1472.6370000000002,-3503.4159999999997,265.307,1855.53,5.105,-242.459,1.706,-130.483,-72.232,-49.308,-86.54700000000001,-1.193,-30.608,32.223,574.021,-77.054,1.117,-14.347000000000001,repacked_wt_round_1
V52G,-1472.476,-3503.417,265.288,1855.536,5.105,-242.28599999999997,1.704,-130.483,-72.232,-49.312,-86.54700000000001,-1.193,-30.608,32.223,574.021,-77.054,1.126,-14.347000000000001,repacked_wt_round_1
W120A,-1472.6589999999999,-3503.38,265.204,1855.5379999999998,5.105,-242.49099999999999,1.704,-130.483,-72.232,-49.32,-86.55799999999999,-1.194,-30.608,32.223,574.096,-77.054,1.137,-14.347000000000001,repacked_wt_round_1
W120F,-1472.6589999999999,-3503.38,265.204,1855.5379999999998,5.105,-242.49099999999999,1.704,-130.483,-72.232,-49.32,-86.55799999999999,-1.194,-30.608,32.223,574.096,-77.054,1.137,-14.347000000000001,repacked_wt_round_1
W120H,-1472.6589999999999,-3503.38,265.204,1855.5379999999998,5.105,-242.49099999999999,1.704,-130.483,-72.232,-49.32,-86.55799999999999,-1.194,-30.608,32.223,574.096,-77.054,1.137,-14.347000000000001,repacked_wt_round_1
W120N,-1472.6589999999999,-3503.38,265.204,1855.5379999999998,5.105,-242.49099999999999,1.704,-130.483,-72.232,-49.32,-86.55799999999999,-1.194,-30.608,32.223,574.096,-77.054,1.137,-14.347000000000001,repacked_wt_round_1
W325A,-1472.6370000000002,-3503.4159999999997,265.307,1855.53,5.105,-242.459,1.706,-130.483,-72.232,-49.308,-86.54700000000001,-1.193,-30.608,32.223,574.021,-77.054,1.117,-14.347000000000001,repacked_wt_round_1
W325C,-1472.6370000000002,-3503.4159999999997,265.307,1855.53,5.105,-242.459,1.706,-130.483,-72.232,-49.308,-86.54700000000001,-1.193,-30.608,32.223,574.021,-77.054,1.117,-14.347000000000001,repacked_wt_round_1
W325E,-1472.6370000000002,-3503.4159999999997,265.307,1855.53,5.105,-242.459,1.706,-130.483,-72.232,-49.308,-86.54700000000001,-1.193,-30.608,32.223,574.021,-77.054,1.117,-14.347000000000001,repacked_wt_round_1
W325G,-1472.6370000000002,-3503.4159999999997,265.307,1855.53,5.105,-242.459,1.706,-130.483,-72.232,-49.308,-86.54700000000001,-1.193,-30.608,32.223,574.021,-77.054,1.117,-14.347000000000001,repacked_wt_round_1
W325H,-1472.6879999999999,-3503.415,265.24,1855.539,5.1080000000000005,-242.459,1.704,-130.483,-72.232,-49.309,-86.54899999999999,-1.193,-30.608,32.223,574.034,-77.054,1.112,-14.347000000000001,repacked_wt_round_1
W325K,-1472.6879999999999,-3503.415,265.24,1855.539,5.1080000000000005,-242.459,1.704,-130.483,-72.232,-49.309,-86.54899999999999,-1.193,-30.608,32.223,574.034,-77.054,1.112,-14.347000000000001,repacked_wt_round_1
W325L,-1472.6879999999999,-3503.415,265.24,1855.539,5.1080000000000005,-242.459,1.704,-130.483,-72.232,-49.309,-86.54899999999999,-1.193,-30.608,32.223,574.034,-77.054,1.112,-14.347000000000001,repacked_wt_round_1
W325R,-1472.6370000000002,-3503.4159999999997,265.307,1855.53,5.105,-242.459,1.706,-130.483,-72.232,-49.308,-86.54700000000001,-1.193,-30.608,32.223,574.021,-77.054,1.117,-14.347000000000001,repacked_wt_round_1
W325Y,-1472.6879999999999,-3503.415,265.24,1855.539,5.1080000000000005,-242.459,1.704,-130.483,-72.232,-49.309,-86.54899999999999,-1.193,-30.608,32.223,574.034,-77.054,1.112,-14.347000000000001,repacked_wt_round_1
W34A,-1472.634,-3503.367,265.29,1855.477,5.105,-242.451,1.702,-130.483,-72.232,-49.298,-86.541,-1.193,-30.608,32.223,574.033,-77.054,1.11,-14.347000000000001,repacked_wt_round_1
W399A,-1472.682,-3503.488,265.312,1855.616,5.106,-242.58,1.705,-130.483,-72.232,-49.3,-86.552,-1.193,-30.608,32.223,574.081,-77.054,1.111,-14.347000000000001,repacked_wt_round_1
W399C,-1472.682,-3503.488,265.312,1855.616,5.106,-242.58,1.705,-130.483,-72.232,-49.3,-86.552,-1.193,-30.608,32.223,574.081,-77.054,1.111,-14.347000000000001,repacked_wt_round_1
W399G,-1472.682,-3503.488,265.312,1855.616,5.106,-242.58,1.705,-130.483,-72.232,-49.3,-86.552,-1.193,-30.608,32.223,574.081,-77.054,1.111,-14.347000000000001,repacked_wt_round_1
W399H,-1472.682,-3503.488,265.312,1855.616,5.106,-242.58,1.705,-130.483,-72.232,-49.3,-86.552,-1.193,-30.608,32.223,574.081,-77.054,1.111,-14.347000000000001,repacked_wt_round_1
W399R,-1472.682,-3503.488,265.312,1855.616,5.106,-242.58,1.705,-130.483,-72.232,-49.3,-86.552,-1.193,-30.608,32.223,574.081,-77.054,1.111,-14.347000000000001,repacked_wt_round_1
W399S,-1472.682,-3503.488,265.312,1855.616,5.106,-242.58,1.705,-130.483,-72.232,-49.3,-86.552,-1.193,-30.608,32.223,574.081,-77.054,1.111,-14.347000000000001,repacked_wt_round_1
W407A,-1472.6629999999998,-3504.526,265.205,1855.7820000000002,5.106,-242.359,1.704,-130.483,-72.232,-49.346000000000004,-86.541,-1.193,-30.608,32.223,574.89,-77.054,1.1159999999999999,-14.347000000000001,repacked_wt_round_1
W407G,-1472.6629999999998,-3504.526,265.205,1855.7820000000002,5.106,-242.359,1.704,-130.483,-72.232,-49.346000000000004,-86.541,-1.193,-30.608,32.223,574.89,-77.054,1.1159999999999999,-14.347000000000001,repacked_wt_round_1
W407K,-1472.6629999999998,-3504.526,265.205,1855.7820000000002,5.106,-242.359,1.704,-130.483,-72.232,-49.346000000000004,-86.541,-1.193,-30.608,32.223,574.89,-77.054,1.1159999999999999,-14.347000000000001,repacked_wt_round_1
W407Q,-1472.6629999999998,-3504.526,265.205,1855.7820000000002,5.106,-242.359,1.704,-130.483,-72.232,-49.346000000000004,-86.541,-1.193,-30.608,32.223,574.89,-77.054,1.1159999999999999,-14.347000000000001,repacked_wt_round_1
W407R,-1472.6629999999998,-3504.526,265.205,1855.7820000000002,5.106,-242.359,1.704,-130.483,-72.232,-49.346000000000004,-86.541,-1.193,-30.608,32.223,574.89,-77.054,1.1159999999999999,-14.347000000000001,repacked_wt_round_1
W407Y,-1472.6629999999998,-3504.526,265.205,1855.7820000000002,5.106,-242.359,1.704,-130.483,-72.232,-49.346000000000004,-86.541,-1.193,-30.608,32.223,574.89,-77.054,1.1159999999999999,-14.347000000000001,repacked_wt_round_1
W409A,-1472.6860000000001,-3504.599,265.116,1855.868,5.107,-242.389,1.703,-130.483,-72.232,-49.343,-86.564,-1.193,-30.608,32.223,574.971,-77.054,1.139,-14.347000000000001,repacked_wt_round_1
W409E,-1472.6860000000001,-3504.599,265.116,1855.868,5.107,-242.389,1.703,-130.483,-72.232,-49.343,-86.564,-1.193,-30.608,32.223,574.971,-77.054,1.139,-14.347000000000001,repacked_wt_round_1
W409Y,-1472.6860000000001,-3504.599,265.116,1855.868,5.107,-242.389,1.703,-130.483,-72.232,-49.343,-86.564,-1.193,-30.608,32.223,574.971,-77.054,1.139,-14.347000000000001,repacked_wt_round_1
Y118F,-1472.6429999999998,-3503.3979999999997,265.293,1855.505,5.106,-242.446,1.704,-130.483,-72.232,-49.308,-86.538,-1.193,-30.608,32.223,574.014,-77.054,1.1179999999999999,-14.347000000000001,repacked_wt_round_1
Y166E,-1472.675,-3503.4309999999996,265.305,1855.5510000000002,5.105,-242.51,1.696,-130.483,-72.232,-49.328,-86.57600000000001,-1.193,-30.608,32.223,574.0930000000001,-77.054,1.112,-14.347000000000001,repacked_wt_round_1
Y166F,-1472.675,-3503.4309999999996,265.305,1855.5510000000002,5.105,-242.51,1.696,-130.483,-72.232,-49.328,-86.57600000000001,-1.193,-30.608,32.223,574.0930000000001,-77.054,1.112,-14.347000000000001,repacked_wt_round_1
Y166K,-1472.675,-3503.4309999999996,265.305,1855.5510000000002,5.105,-242.51,1.696,-130.483,-72.232,-49.328,-86.57600000000001,-1.193,-30.608,32.223,574.0930000000001,-77.054,1.112,-14.347000000000001,repacked_wt_round_1
Y166P,-1472.675,-3503.4309999999996,265.305,1855.5510000000002,5.105,-242.51,1.696,-130.483,-72.232,-49.328,-86.57600000000001,-1.193,-30.608,32.223,574.0930000000001,-77.054,1.112,-14.347000000000001,repacked_wt_round_1
Y18A,-1471.747,-3503.45,265.48400000000004,1855.1870000000001,5.106,-241.567,1.702,-130.483,-72.232,-49.305,-86.45700000000001,-1.193,-30.608,32.223,574.133,-77.054,1.114,-14.347000000000001,repacked_wt_round_1
Y294A,-1472.642,-3503.3979999999997,265.226,1855.517,5.106,-242.467,1.7080000000000002,-130.483,-72.232,-49.312,-86.54899999999999,-1.193,-30.608,32.223,574.106,-77.054,1.114,-14.347000000000001,repacked_wt_round_1
Y294F,-1472.642,-3503.3979999999997,265.226,1855.517,5.106,-242.467,1.7080000000000002,-130.483,-72.232,-49.312,-86.54899999999999,-1.193,-30.608,32.223,574.106,-77.054,1.114,-14.347000000000001,repacked_wt_round_1
Y294H,-1472.642,-3503.3979999999997,265.226,1855.517,5.106,-242.467,1.7080000000000002,-130.483,-72.232,-49.312,-86.54899999999999,-1.193,-30.608,32.223,574.106,-77.054,1.114,-14.347000000000001,repacked_wt_round_1
Y294L,-1472.642,-3503.3979999999997,265.226,1855.517,5.106,-242.467,1.7080000000000002,-130.483,-72.232,-49.312,-86.54899999999999,-1.193,-30.608,32.223,574.106,-77.054,1.114,-14.347000000000001,repacked_wt_round_1
Y295A,-1472.691,-3503.408,265.204,1855.501,5.109,-242.46200000000002,1.6980000000000002,-130.483,-72.232,-49.308,-86.536,-1.193,-30.608,32.223,574.091,-77.054,1.114,-14.347000000000001,repacked_wt_round_1
Y295W,-1472.691,-3503.408,265.204,1855.501,5.109,-242.46200000000002,1.6980000000000002,-130.483,-72.232,-49.308,-86.536,-1.193,-30.608,32.223,574.091,-77.054,1.114,-14.347000000000001,repacked_wt_round_1
